﻿,type,category,review,star
1,동서가구 루젠 수납헤드 깊은서랍 침대 SS,별점,"벙커 수납 공간 열고 닫는 문을 뒤로 젖혔더니 그만 나사가 빠지더군요. 나사 두 개를 고정하는 구멍이 있는데 설치 할때 양쪽 경첩에 하나씩만 나사로 고정을 시켜놨더군요. 나사가
벙커 수납 공간 열고 닫는 문을 뒤로 젖혔더니 그만 나사가 빠지더군요. 나사 두 개를 고정하는 구멍이 있는데 설치 할때 양쪽 경첩에 하나씩만 나사로 고정을 시켜놨더군요. 나사가 부족했는지 원래 하나씩만 고정시키는 건지...아무리 그래도 나사 박혔던 주변 나무까지 같이 부서져서 나사를 다시 고정시킬 수도 없습니다. 사실 살짝 들어 연 것이 아니고 위로 한번에 들면서 열었고 나사 두개가 아닌 하나로 고정시킨 것 감안하더라도 이건 정말 아니네요. MDF, PB재질이라지만 이건 완전톱밥 풀로 뭉쳐놓은 것 같아서 나사박힌 주변 부분이 조각으로 떨어져 나갔습니다. 여지껏 인터넷 쇼핑하면서 한 번도 글 올린 적 없는데 오늘 처음 올립니다. 절대 사지 마세요. 사실거면 벙커문 살짝 여세요. 참고로 벙커 바닥 없습니다. 어떤 제품은 벙커 바닥 없다고 표기해놨더군요. 그냥 넘어 가려다가 열받고 이 제품에 호감 가지고 있을 분 생각해서 글 남깁니다",1
2,동서가구 루젠 수납헤드 깊은서랍 침대 SS,별점,"예쁘고 수납도 되는 침대라 주문. 배송받고 딸 아이와 열심히 닦고 잤는데, 다음날 아침 남편이 딸 아이방 열어보고 소리를 질렀다. 냄새로 도저히 있을 수가 없었다. 자는 딸을 깨우
예쁘고 수납도 되는 침대라 주문. 배송받고 딸 아이와 열심히 닦고 잤는데, 다음날 아침 남편이 딸 아이방 열어보고 소리를 질렀다. 냄새로 도저히 있을 수가 없었다. 자는 딸을 깨우고 한 겨울에 아침부터 창문을 열고 하루종일 냄새를 빼고 (그후로도 며칠)죄책감에 마음이 무거웠다. 대한민국 제조라고 해서 E0~E1등급이라고 해서 나름 여기저기 비교해보고 샀는데, 미안한 마음에 이제야 상품평을 남겨보내요. 냄새가 많이 난다는 상품평있었으면 안 샀을텐데, 그 정도면 괜찮다고 당일날 아들것도 주문했다가 난리난 아침에 취소했네요. 미안해 딸",4
3,동서가구 루젠 수납헤드 깊은서랍 침대 SS,별점,"살다 살다 일케 불친절한 기사는 처음입니다. 거기다 3
살다 살다 일케 불친절한 기사는 처음입니다. 거기다 3층이라고 추가요금을 요구합니다. (무거운건 매트는 남편이 옮겼습니다)
제품도 별루입니다 서랍 뒷부분 짐넣는곳이 뻥뚫려 방바닥입니다.그래서 옷보관함을 따로 샀습니다.
아들방에 있는 침대는 지에스몰 리바니아에서 시켰는데 바닥에 나무판 있습니다. 가격은 비슷한데 기사님도 두분이 넘 차이났고(리바니아 기사님은 혼자하시면서도 엄청 친절했습니다.도와준다해도 괜찮다시면서) 동서가구 침대는 머리맡에 수납공간 3개짜리가 있다고 딸이 선택한건데 엄청 후회가 됩니다. 리바니아는 조명도 있고 충전기 꽂이도 있네요. 동서가구 다시는 거들떠도 안볼껍니다. 더불어 동서가구 기사님도 최악중에 최악입니다.",1
4,동서가구 루젠 수납헤드 깊은서랍 침대 SS,별점,"빠른배송 감사드립니다.
설치기사님께서 원하는 위치에 서
빠른배송 감사드립니다.
설치기사님께서 원하는 위치에 서랍빼기쉽게 잘 설치해주셔서 편하게 사용하고 있습니다.
서랍깊이도 센치보다 더 깊게 느껴졌습니다.
색상도 사진보다 실물이 더 마음에 들었습니다.
매트리스 강도도 만족합니다.
서랍위치는 사용하다가 반대쪽으로 바꿀수도 있어서 .
.
그래도 이가격에 매트리스까지 포함이니 있습니다.
매트리스가 너무 쉽게 꺼지지는 않을까 걱정했는데 한달 사용해보니 그런 걱정은 사라졌습니다.
.",5
5,동서가구 루젠 수납헤드 깊은서랍 침대 SS,별점,"2개를 주문했는데 배송도 빠르고 설치도 친절하게 잘 받았어요..여러 구매자분들이 말씀하신것처럼 며칠 냄새는 빼야 하네요...9존 매트리스는 기대했던것만큼은 아니였고(그래서 별하나
2개를 주문했는데 배송도 빠르고 설치도 친절하게 잘 받았어요..
여러 구매자분들이 말씀하신것처럼 며칠 냄새는 빼야 하네요...
9존 매트리스는 기대했던것만큼은 아니였고(그래서 별하나 뺐어요) 수납공간은 사용하기 편리합니다^^
수퍼싱글 침대 가격이 많이 싸지긴 한것 같아요
가격대비 이 정도면 훌륭하지 않나 싶어요..
타상표의 수퍼싱글이 다양한 가격으로 있었지만
매트리스 때문에 이 제품을 골랐는데 몸이 잘 적응할지 모르겠어요..",4
6,동서가구 루젠 수납헤드 깊은서랍 침대 SS,별점,"급하게 필요해서 배송날짜 확인 후 주문했는데
배송이
급하게 필요해서 배송날짜 확인 후 주문했는데
배송이 약 2주 연기된다는 일방적인 문자는 좀 실망이었습니다만...
고객센터 문의 후 기존 날짜에 배송될 수 있도록 처리해주신 점 감사합니다.
약 2주간 사용했는데 전반적으로 만족합니다!!
가성비가 아주 좋구요~
침대 밑에 잘 안쓰는 물건 꽤 많이 들어가서 잘 활용하고 있습니다.
서랍에도 레일이 가벼운편이라 신경써서 사용하고 있습니다.
~
그래도 가성비 생각하면 남들한테 추천할꺼 같아요!!
~~",4
7,동서가구 루젠 수납헤드 깊은서랍 침대 SS,별점,"메이플화이트 색상 선택했는데 잘 선택한것
같아요. 디자
메이플화이트 색상 선택했는데 잘 선택한것
같아요. 디자인도 예쁘고 튼튼해 보이네요.
수납할 공간이 많아서 잡다한 짐들 수납하기
좋아서 더 좋은것 같아요.
약속한 날짜에 맞춰서 배송와서 만족합니다.
LED등이 없는 거지만 그렇게 많이 필요하지
않아서 .",5
8,동서가구 루젠 수납헤드 깊은서랍 침대 SS,별점,"주문한지 한참만에 받았어요. 일단 견고해보이지만 냄새가
주문한지 한참만에 받았어요. 일단 견고해보이지만 냄새가 심해요. 톱밥도 제법 많이있구요. 수납은 정말 좋아요.
딸아이 방에 넣었은데 생각보다 무난하고 좋으네요.
가성비가 좋아서 선택합니다. 지금은 냄새 빼고 있구요.. 꿀잠 잘수 있으면 해요~^^",5
9,동서가구 루젠 수납헤드 깊은서랍 침대 SS,별점,"11월 중순쯤 배송으로 알고있었는데 지난 주말에 갑...
11월 중순쯤 배송으로 알고있었는데 지난 주말에 갑자기 배송이 온다고 연락이 와서 방크기가 약간씩 안맞아서 가구들을 이동하느라 바빴지만 빨리 받아서 좋았고 저렴하게 수납기능 까지 있는 침대를 구매해서 좋네요 침대에 등이 없는것이 약간 아쉽지만 그래도 디자인도 마음에 듬니다

매트리스도 좋으네요",5
10,동서가구 루젠 수납헤드 깊은서랍 침대 SS,별점,"상품은 정말 좋아요 수납 공간도 아주 좋구요 그러나 배송 때문에 별하나 뺐어요 이사하시는 어머니께 선물해드렸는데... 배송에 속을 끓여 입술에 물집이 잡혔답니다, 기다리다 제
상품은 정말 좋아요 수납 공간도 아주 좋구요 그러나 배송 때문에 별하나 뺐어요 이사하시는 어머니께 선물해드렸는데... 배송에 속을 끓여 입술에 물집이 잡혔답니다, 기다리다 제가 먼저 천화해서이틀 후 물품을 받았어요 무릎이 아프신데 이틀이나 바닥에서 주무셨어요?",4
11,동서가구 루젠 수납헤드 깊은서랍 침대 SS,별점,"37만원이 넘는 금액을 줬습니다.얼마나 약하게 만들었으면 여기선 힘주면 안된다;;여기에서만 힘줘라;;등등 요구사항도 많은 37만원이 넘는 침대;;;;서랍,벙커부분의 맨 밑바닥 깔판
37만원이 넘는 금액을 줬습니다.
얼마나 약하게 만들었으면 여기선 힘주면 안된다;;여기에서만 힘줘라;;
등등 요구사항도 많은 37만원이 넘는 침대;;;;
서랍,벙커부분의 맨 밑바닥 깔판..방바닥과 닿는 부분의 깔판이 벙커부분만 없고 서랍부분은 있다고 하더니 배송와서 조립후 퇴근후 보니 벙커,서랍부분쪽의 밑판이 아예 통으로 없습니다.
문의글에는 벙커부분만 없다고 했었는데 비싼 이유도 모르겠고;;
답 오는거 보고 소비자불만같은 업체랑 상담해봐야겠어요;;;;",2
12,동서가구 루젠 수납헤드 깊은서랍 침대 SS,별점,"코로나19랑 5월 연휴때문이라지만 배송이 한달 넘게 걸렸어요 전화문의 안 했으면 언제 받을지도 모르는 상황이었을수도 ....따로따로 두개 구입했는데 저번 설치기사님은 엄청 꼼꼼하
코로나19랑 5월 연휴때문이라지만 배송이 한달 넘게 걸렸어요 전화문의 안 했으면 언제 받을지도 모르는 상황이었을수도 ....따로따로 두개 구입했는데 저번 설치기사님은 엄청 꼼꼼하게 잘 해주셨는데 이번 기사님들은 쫌 그랬어요....",4
13,동서가구 루젠 수납헤드 깊은서랍 침대 SS,별점,"빠른배송 맘에 들었구요
기사님 혼자 오셔서 열심히 잘
빠른배송 맘에 들었구요
기사님 혼자 오셔서 열심히 잘 설치해주셔서 만족합니다
냄새가 조금 오래가서 환기시키고 그게 조금 아쉽더라구요
그래도 가격대비 침대는 좋은거 같아요
잘 쓰고 있습니다.",3
14,동서가구 루젠 수납헤드 깊은서랍 침대 SS,별점,"9일에 주문해서 15일에 설치했어요. 예정일보다 빠른배
9일에 주문해서 15일에 설치했어요. 예정일보다 빠른배송 감사드리고 날이 너무 더워 기사분께서 고생도 많으셨어요. 일단 냄새 빠지라고 서랍열어 뒀고 침대 아래부분에 큰 물건 보관도 가능해 활용도 좋아요.",4
15,동서가구 루젠 수납헤드 깊은서랍 침대 SS,별점,"냄새 심하지 않고 모양 이뻐요. 기사님 실력도 좋아 금...
냄새 심하지 않고 모양 이뻐요. 기사님 실력도 좋아 금방 조립해주고 가ㅏ셨네요. 다만 침대 머리 뒷부분이 활용되지 못해 아쉬워요. 고민좀 해보면 쓰임새가 생길듯.",4
16,동서가구 루젠 수납헤드 깊은서랍 침대 SS,별점,"기사분 혼자오셔서 고생하셨네요 1톤트럭에 가구가득실고 ...
기사분 혼자오셔서 고생하셨네요 1톤트럭에 가구가득실고 집앞까지 차가들어오기 힘들어서 50미터쯤 제품끌고오시느라 한숨계속쉽니다 내가 죄인된기분 내돈쓰고 눈치보였네요
제품은조아요 맘",5
17,동서가구 루젠 수납헤드 깊은서랍 침대 SS,별점,"누워보니 좋습니다..
제품도 좋고 누워보니 딱맞고 애들이 좋아합니다.
설치하러오신 기사님도 넘 친절하시고..
방이 좀작아서 헤드는 따로 빼놨어요..
나중에 옷장치우고 연결할 예정입니다.",5
18,동서가구 루젠 수납헤드 깊은서랍 침대 SS,별점,"9존독립 메트리스 정말 편하고 디자인 색상 굳굳입니다
...
9존독립 메트리스 정말 편하고 디자인 색상 굳굳입니다
여러군데 알아보았는데 이곳에서 카드 할인도 받아정말저렴하게 구입했어요 홈앤쇼핑 덕분에 동서가구로 다 바꾸었어요 ㅋ",5
19,동서가구 루젠 수납헤드 깊은서랍 침대 SS,별점,"연세많으신친정아버지가바닥에주무시는걸좋아하셨는데허리다치셔
연세많으신친정아버지가바닥에주무시는걸좋아하셨는데허리다치셔서그런지거동하기풀편하시다길래주문해드렸어요.맘에드신답니다.",5
20,동서가구 루젠 수납헤드 깊은서랍 침대 SS,별점,"많이 기다려서 받았내요 더워서 설치 해주시는 기사님 고...
많이 기다려서 받았내요 더워서 설치 해주시는 기사님 고생하시고 가격대비 맘에 들어요 열흘정도 있으면 냄새도 빠질것이고 좋아요",5
21,동서가구 루젠 수납헤드 깊은서랍 침대 SS,별점,"저렴한 가격에 잘 구매한 것 같아요. 수납이 많아서 좋
저렴한 가격에 잘 구매한 것 같아요. 수납이 많아서 좋구요. 다만 매트리스는 스프링이 약한 느낌이에요. 배송이 조금 오래 걸렸어요.",3
22,동서가구 루젠 수납헤드 깊은서랍 침대 SS,별점,"냄새가 아직도 나요...하지만 침대도 편하고 수납공간도...
냄새가 아직도 나요...하지만 침대도 편하고 수납공간도 넉넉해서
아이가 만족해요~~사용후 괜찮으면 하나 더 구입예정입니다~^^",4
23,동서가구 루젠 수납헤드 깊은서랍 침대 SS,별점,"원룸에서 사용중입니다.
서랍이 넓어 많이 수납되고. ...
원룸에서 사용중입니다.
서랍이 넓어 많이 수납되고. 독립스프링인데 편안하다고 합니다.
잘 산거같아요.
배송료에 3층이라 추가요금 있었네요.",5
24,동서가구 루젠 수납헤드 깊은서랍 침대 SS,별점,"시어머님이 무릎이 안좋으셔서
침대 사용해보시라고 사드렸
시어머님이 무릎이 안좋으셔서
침대 사용해보시라고 사드렸는데
다행히 디자인이랑 색상 다 맘에 드신다고
좋아하시네요.",4
25,동서가구 루젠 수납헤드 깊은서랍 침대 SS,별점,"구매후기도 찾아보고 여기저기 알아보고 구매했어요.
구매후기도 찾아보고 여기저기 알아보고 구매했어요.
설치도 너무 잘해주시고 완성된거보니 아주 튼튼하고 맘에 너무 잘들어서 좋았어요~~
어머니 침대도 곧 바꿀예정인데 꼭 재구매할께요~^^
감사합니다",5
26,동서가구 루젠 수납헤드 깊은서랍 침대 SS,별점,"수납공간도 좋고 아이방에 딱인 침대입니다. 리바트랑 고...
수납공간도 좋고 아이방에 딱인 침대입니다. 리바트랑 고민하다 2년뒤에 이사가면 새로 사지 하고 구매했는데 품질이 좋아 만족합니다",5
27,동서가구 루젠 수납헤드 깊은서랍 침대 SS,별점,"애들 침대로 서랍 그레이 색상 두개 구매했구요
배송도
애들 침대로 서랍 그레이 색상 두개 구매했구요
배송도 예상보다 훨씬 빨리왔고 디자인 또한 마음에 쏙 듭니다",5
28,동서가구 루젠 수납헤드 깊은서랍 침대 SS,별점,"퀸사이즈 침대를 버리면서 싱글 하나더 구입해서 부부침실
퀸사이즈 침대를 버리면서 싱글 하나더 구입해서 부부침실에서 사용해요.
두개를 같이 놓으니 더 넓고 좋아요",5
29,동서가구 루젠 수납헤드 깊은서랍 침대 SS,별점,"침대매트리스가 저렴하다보니 가
침대매트리스가 저렴하다보니 가성비 좋지만 조금 딱딱해서 토퍼 깔고 쓰려고해요~ 수납은 너무 좋네요",5
30,동서가구 루젠 수납헤드 깊은서랍 침대 SS,별점,"서랍때문인지 침대가 좀 높아요 침대 바닥이 없어서 먼지...
서랍때문인지 침대가 좀 높아요 침대 바닥이 없어서 먼지가 쌓이기 쉬워 이불 보관이 꺼려져요 디자인 실용성 대체로 만족합니다",5
31,동서가구 루젠 수납헤드 깊은서랍 침대 SS,별점,"드뎌 리뷰 등록 ~~
배송이 빨라서 완전 좋았습니다.
드뎌 리뷰 등록 ~~
배송이 빨라서 완전 좋았습니다.
설치 기사님도 친절하시고.. 설치도 대략
30분 내로~~ 완료.
깔끔하고 수납 기능도 있어 만족합니다..
~~ 높이가 좀 있긴 하지만..
..",4
32,동서가구 루젠 수납헤드 깊은서랍 침대 SS,별점,"딸방 아들방 화이트 네이비로 주문해서 바꿔줬어요~수납공...
딸방 아들방 화이트 네이비로 주문해서 바꿔줬어요~수납공간도 넉넉하니 좋고 헤드부분도 선반이 유용할것같아요~기사님이 오셔서 설치하시고 설명까지 친절히 해주셨네요~감사합니다^^",5
33,동서가구 루젠 수납헤드 깊은서랍 침대 SS,별점,"싱글이라 크게 기대하지 않았는데요,
침대 아래 수납 ...
싱글이라 크게 기대하지 않았는데요,
침대 아래 수납 공간, 정말 넉넉하고요.
특히 저는 책이 많은데 100권 정도 넉넉히
꽂을 수 있어 정말 좋았어요.",5
34,동서가구 루젠 수납헤드 깊은서랍 침대 SS,별점,"기사님이 오셔서 뚝딱 설치해주고 가셨네요~^^
심플하...
기사님이 오셔서 뚝딱 설치해주고 가셨네요~^^
심플하고 예뻐요~수납공간도 넉넉하니 맘에 들어요~",5
35,동서가구 루젠 수납헤드 깊은서랍 침대 SS,별점,"좀 높아서 수납 좋고 다 좋은데 서랍 레일이 튼튼해보이...
좀 높아서 수납 좋고 다 좋은데 서랍 레일이 튼튼해보이지가 않아요 여닫을때 편치가않네요",4
36,동서가구 루젠 수납헤드 깊은서랍 침대 SS,별점,"급하게 알아보다가 후기도 좋고 가격도 너무 착해서 구입
급하게 알아보다가 후기도 좋고 가격도 너무 착해서 구입하게됐어요~ 냄새빼는데 시간이 좀 걸렸지만 가성비 좋네요^^",5
37,동서가구 루젠 수납헤드 깊은서랍 침대 SS,별점,"맘에들어요？이쁜이블셋트놔주면더좋을것같아요
매트는 탄
맘에들어요？이쁜이블셋트놔주면더좋을것같아요
매트는 탄탄하고 생각보다 높아요 그러나 누우면또편안해요",5
38,동서가구 루젠 수납헤드 깊은서랍 침대 SS,별점,"냄새도 별로 안나고눈에 띄는 하자는 안보이는거같...
냄새도 별로 안나고

눈에 띄는 하자는 안보이는거같아요



설치 기사분께서도 친절하셨구요",5
39,동서가구 루젠 수납헤드 깊은서랍 침대 SS,별점,"장마가계속되는바람에배송은늦었지만~기다린보람을낌니다
너...
장마가계속되는바람에배송은늦었지만~기다린보람을낌니다
너무맘에들고 애도좋아해요",5
40,동서가구 루젠 수납헤드 깊은서랍 침대 SS,별점,"가격대비 괜찮습니다. 냄새가 살짝나서 서랍열어놓고 ...
가격대비 괜찮습니다. 냄새가 살짝나서 서랍열어놓고 하루지나니 거의 안나더라고요.",5
41,동서가구 루젠 수납헤드 깊은서랍 침대 SS,별점,"3주 걸려서 받았고요
엘베 없는 3층이라 3만원 받으...
3주 걸려서 받았고요
엘베 없는 3층이라 3만원 받으셨구요
상품은 맘에 들어는 하네요",4
42,동서가구 루젠 수납헤드 깊은서랍 침대 SS,별점,"배송일정은 맞추기 힘들지만 침대랑 9존 매트리스 좋아요...
배송일정은 맞추기 힘들지만 침대랑 9존 매트리스 좋아요. 아이가 꿀잠 자고 있어요",5
43,동서가구 루젠 수납헤드 깊은서랍 침대 SS,별점,"침대프레임도 튼튼하고 높으며 매트리스도 흔들리지않고 디자인도 너무 좋아요~~~
침대프레임도 튼튼하고 높으며 매트리스도 흔들리지않고 디자인도 너무 좋아요~~~",5
44,동서가구 루젠 수납헤드 깊은서랍 침대 SS,별점,"조카에게 선물했어요. 너무 좋아하네요. 무엇보다 수납이
조카에게 선물했어요. 너무 좋아하네요. 무엇보다 수납이 많이 되어 더욱 좋습니다.",5
45,동서가구 루젠 수납헤드 깊은서랍 침대 SS,별점,"아이방에 딱 좋아요~~배송만 빨랐으면 좋겠어요~첨엔 냄...
아이방에 딱 좋아요~~배송만 빨랐으면 좋겠어요~첨엔 냄새가 많이나서 환기는 필수",5
46,동서가구 루젠 수납헤드 깊은서랍 침대 SS,별점,"좋아요..잘 사용하고 있답니다..새가구 냄새가 나긴 하
좋아요..잘 사용하고 있답니다..새가구 냄새가 나긴 하지만 향초로 정화 시키는중이네요..설치기사님도 후딱 해주시고 만족합니다.",5
47,동서가구 루젠 수납헤드 깊은서랍 침대 SS,별점,"화면과 같고 매트는 딱딱하니 괜찬은것 같아요 수납장도
화면과 같고 매트는 딱딱하니 괜찬은것 같아요 수납장도 있어서 활용도도 좋네요",2
48,동서가구 루젠 수납헤드 깊은서랍 침대 SS,별점,"배송받을때까지 시간은 걸렸지만 잘받았습니다
깔끔하
배송받을때까지 시간은 걸렸지만 잘받았습니다
깔끔하고 편하게 쓸수있겠네요",5
49,동서가구 루젠 수납헤드 깊은서랍 침대 SS,별점,"깔끔하고 괜찮네요
비도오고 했는데 기사님도 친절...
깔끔하고 괜찮네요
비도오고 했는데 기사님도 친절하시고
가격대비 만족합니다",5
50,동서가구 루젠 수납헤드 깊은서랍 침대 SS,별점,"이불을 넣는 보관장 밑바닥이 없어서 살짝 당황하긴 했는...
이불을 넣는 보관장 밑바닥이 없어서 살짝 당황하긴 했는데....
그래도 만족합니다",4
51,동서가구 루젠 수납헤드 깊은서랍 침대 SS,별점,"기사님이 오셔서 뚝딱 만들어주시네요. 배송은 천천히 왔
기사님이 오셔서 뚝딱 만들어주시네요. 배송은 천천히 왔지만 조립은 빨랐어요.",5
52,동서가구 루젠 수납헤드 깊은서랍 침대 SS,별점,"서랍이 불량이여서 2주 후 배송받았습니다
아들방에서 사
서랍이 불량이여서 2주 후 배송받았습니다
아들방에서 사용중인데 쓸만합니디ㅡ",3
53,동서가구 루젠 수납헤드 깊은서랍 침대 SS,별점,"착한 가격에 너무 잘 산것같아요
실용성 있는 침대에요
착한 가격에 너무 잘 산것같아요
실용성 있는 침대에요
매트리스도 단단하니 좋네요
아이가 좋아하네요 ？？",5
54,동서가구 루젠 수납헤드 깊은서랍 침대 SS,별점,"좋네요, 배송일관련 미리 연락주시고 당일 시간 맞춰...
좋네요, 배송일관련 미리 연락주시고 당일 시간 맞춰 설치되었습니다. 딸아이가 너무 좋아하네요. 수납공간도 아주 맘에 듭니다.",3
55,동서가구 루젠 수납헤드 깊은서랍 침대 SS,별점,"좋네요, 배송일관련 미리 연락주시고
좋네요, 배송일관련 미리 연락주시고 당일 시간 맞춰 설치되었습니다. 딸아이가 너무 좋아하네요. 수납공간도 아주 맘에 듭니다.",3
56,동서가구 루젠 수납헤드 깊은서랍 침대 SS,별점,"저 혼자 쓰는데 한번은 바닥으로 떨어져서 놀랐어요.,. 되게 높아가지고 ㅋㅋ
저 혼자 쓰는데 한번은 바닥으로 떨어져서 놀랐어요.,. 되게 높아가지고 ㅋㅋ",5
57,동서가구 루젠 수납헤드 깊은서랍 침대 SS,별점,"좋아요~
얼마전 다른 사이트에서 작은애 사주고 좋아서 이번엔 큰애 사줬네요~메트리스 딱 좋구요~수납 정말 좋아요~",5
58,동서가구 루젠 수납헤드 깊은서랍 침대 SS,별점,"배송에 대해 연락이없어 불안했으나 약속된 날에 ...
배송에 대해 연락이없어 불안했으나 약속된 날에 와주어 다행
아이가 좋아하는 거라 다행이라 생각함",4
59,동서가구 루젠 수납헤드 깊은서랍 침대 SS,별점,"엄마가 침대가 필요하샤서 하나 구입 했습니다 정말 마...
엄마가 침대가 필요하샤서 하나 구입 했습니다 정말 마음에 들어 하시네요",5
60,동서가구 루젠 수납헤드 깊은서랍 침대 SS,별점,"싱글침대를 오래 사용하다가 마침 좋은 침대를 만나서 기...
싱글침대를 오래 사용하다가 마침 좋은 침대를 만나서 기쁩니다
수납공간이 많고 아이가 항상 스마트폰등 가까이 하는 물건들이 많은데
헤드에도 수납공간이 있어서 편리합니다. 방이 깔",5
61,동서가구 루젠 수납헤드 깊은서랍 침대 SS,별점,"상품 품질이 좋습니다. 마음에 들어요! 수납공간이 숨어있어서 좋아요.
상품 품질이 좋습니다. 마음에 들어요! 수납공간이 숨어있어서 좋아요.",5
62,동서가구 루젠 수납헤드 깊은서랍 침대 SS,별점,"아이방에 설치했는데 아주푹신하진 않고 약간 탄탄해요...
아이방에 설치했는데 아주푹신하진 않고 약간 탄탄해요.서랍장도 좋음",4
63,동서가구 루젠 수납헤드 깊은서랍 침대 SS,별점,"핸드폭을 생각못했네요
길이가 길어 방문을 닫을 수가 없
핸드폭을 생각못했네요
길이가 길어 방문을 닫을 수가 없는데 아이가 자신이 원하는 위치니까 그래도 만족한다고하네요",4
64,동서가구 루젠 수납헤드 깊은서랍 침대 SS,별점,"20일만에 배송된 침대.
남동생 쓰라고 주문해줬는데 ...
20일만에 배송된 침대.
남동생 쓰라고 주문해줬는데 맘에든다고 하네요",4
65,동서가구 루젠 수납헤드 깊은서랍 침대 SS,별점,"아주 안락한 침대네요
중학생 아들의 옷들을 ...
아주 안락한 침대네요
중학생 아들의 옷들을 정리할 수있는 수납공간도 좋았어요
침대 아래수납공간 바대이 없었던것을 제외하면 쓰지않았던 물건 정리가 좋",5
66,동서가구 루젠 수납헤드 깊은서랍 침대 SS,별점,"수납공간은 좋은데 가구 냄새가 좀 많이 나요~
좀 지...
수납공간은 좋은데 가구 냄새가 좀 많이 나요~
좀 지나면 괜찮겠죠~^^",5
67,동서가구 루젠 수납헤드 깊은서랍 침대 SS,별점,"색상과 디자인 사진그대로입니다.서랍형이라 수납고...
색상과 디자인 사진그대로입니다.
서랍형이라 수납고안넓고 겨울옷은 벙커에 보관할수있어좋아요.매트리스도 편해요
배송기사님 완전 친절. 꼼꼼히 설치해주셨습니다.",5
68,동서가구 루젠 수납헤드 깊은서랍 침대 SS,별점,"색상과 디자인 사진그대로입니다. 서
색상과 디자인 사진그대로입니다.
서랍형이라 수납고안넓고 겨울옷은 벙커에 보관할수있어좋아요.매트리스도 편해요
배송기사님 완전 친절. 꼼꼼히 설치해주셨습니다.",5
69,동서가구 루젠 수납헤드 깊은서랍 침대 SS,별점,"31일 주문 5일에 받았어요.
깔끔하게 설치 잘해주시...
31일 주문 5일에 받았어요.
깔끔하게 설치 잘해주시고,
만족합니다.",4
70,동서가구 루젠 수납헤드 깊은서랍 침대 SS,별점,"화면보다 실물이 더 맘에 들구요. 설치 기사님 상당...
화면보다 실물이 더 맘에 들구요. 설치 기사님 상당히 친절하시고 완벽 배송해 주셨습니다. 사람의 맘을 헤아려 주셔서 물건은 둘째치고 아주 좋은 구매로 남을것 같습니다. 동서가구에서 또 구매할께요",5
71,동서가구 루젠 수납헤드 깊은서랍 침대 SS,별점,"와우
딸아이방에 놓아주었는데 만족도 급상승이에요
높...
와우
딸아이방에 놓아주었는데 만족도 급상승이에요
높이 좋아요",5
72,동서가구 루젠 수납헤드 깊은서랍 침대 SS,별점,"딸이 너무좋아하고 너무잘 쓰고있어요 메트리스도 짱짱하니...
딸이 너무좋아하고 너무잘 쓰고있어요 메트리스도 짱짱하니좋고 수납도 엄청 많이됩니다 기사님도 넘 친절하게 잘해주셨습니다 잘쓰겠습니다 많이파세요",5
73,동서가구 루젠 수납헤드 깊은서랍 침대 SS,별점,"침대매트리스도 편하고 전체적으로 깔끔하고 안정적이에요
...
침대매트리스도 편하고 전체적으로 깔끔하고 안정적이에요
서랍도 제법 요긴하게 쓰입니다~~~",4
74,동서가구 루젠 수납헤드 깊은서랍 침대 SS,별점,"상품 품질이 좋습니다. 마음에 들어요! 많은 수납 공간과 깔끔한 디자인이 마음에드네요 침대에 누워보니...
상품 품질이 좋습니다. 마음에 들어요! 많은 수납 공간과 깔끔한 디자인이 마음에드네요침대에 누워보니 매트리스도 좋은것같아요여러모로 만족하는데 배송이 조금 느려요10일넘게 걸렸네요 ㅠㅠ",5
75,동서가구 루젠 수납헤드 깊은서랍 침대 SS,별점,"수납이 많이필요한 딸 이사선물로 사주었더니
잘쓰...
수납이 많이필요한 딸 이사선물로 사주었더니
잘쓰고있어요.",5
76,동서가구 루젠 수납헤드 깊은서랍 침대 SS,별점,"기사아저씨 고생많이하셨네요 설치깔끔히해주셔감사합니다...
기사아저씨 고생많이하셨네요 설치깔끔히해주셔감사합니다",5
77,동서가구 루젠 수납헤드 깊은서랍 침대 SS,별점,"침대및 수납장 바닥이 없어서 깜놀 ㅠ서랍말고는 사용안할듯
침대및 수납장 바닥이 없어서 깜놀 ㅠ서랍말고는 사용안할듯",3
78,동서가구 루젠 수납헤드 깊은서랍 침대 SS,별점,"아들오피스텔서 사용할려고 수납 좋은걸로 제대로 고른듯~
아들오피스텔서 사용할려고 수납 좋은걸로 제대로 고른듯~~^^",5
79,동서가구 루젠 수납헤드 깊은서랍 침대 SS,별점,"좁은 방안에 적당한 크기
수납공간이 많아 방 정리가 ...
좁은 방안에 적당한 크기
수납공간이 많아 방 정리가 된 느낌",5
80,동서가구 루젠 수납헤드 깊은서랍 침대 SS,별점,"딸아이가 좋아해요^^
수납 공간도 많고 가격대비 괜？...
딸아이가 좋아해요^^
수납 공간도 많고 가격대비 괜？아요^^",5
81,동서가구 루젠 수납헤드 깊은서랍 침대 SS,별점,"수납공간이 부족했는데 그점을 보완 할 수 있어서 정말
수납공간이 부족했는데 그점을 보완 할 수 있어서 정말 좋습니다. 헤드부분도 생각 이상으로 넓어서 유용하게 잘 이용 하고 있습니다~",5
82,동서가구 루젠 수납헤드 깊은서랍 침대 SS,별점,"동서가구 깊은서랍 슈퍼싱글 좋아요
색상도 맘에들어요...
동서가구 깊은서랍 슈퍼싱글 좋아요
색상도 맘에들어요",4
83,동서가구 루젠 수납헤드 깊은서랍 침대 SS,별점,"배송지연안내문자받고 속상했는데 바로 다음날 배솜연락받
배송지연안내문자받고 속상했는데 바로 다음날 배솜연락받아 설치해놓으니 생각보다 더 만족스럽습니다~기사님도 친절하시고 잘 산것같네요~",5
84,동서가구 루젠 수납헤드 깊은서랍 침대 SS,별점,"맘에 들어요! 실제로 더 고급스럽고~ 실용적이네요
맘에 들어요! 실제로 더 고급스럽고~ 실용적이네요",5
85,동서가구 루젠 수납헤드 깊은서랍 침대 SS,별점,"서랍이 꽤 쓸만해요. 벙커 서랍은 아직 안 써봤는데 여
서랍이 꽤 쓸만해요. 벙커 서랍은 아직 안 써봤는데 여름옷 다 집어넣어 두면 좋을 거 같아요.",5
86,동서가구 루젠 수납헤드 깊은서랍 침대 SS,별점,"배송도 빠르구 이쁘게 만들어주고 가구 감사해요~
배송도 빠르구 이쁘게 만들어주고 가구 감사해요~",5
87,동서가구 루젠 수납헤드 깊은서랍 침대 SS,별점,"딸내미 방에 생일선물로 사줬는데 너무 좋아해여~...
딸내미 방에 생일선물로 사줬는데 너무 좋아해여~",5
88,동서가구 루젠 수납헤드 깊은서랍 침대 SS,별점,"수납이 많아서 좋고 매트리스도 탄탄한게 좋네요
수납이 많아서 좋고 매트리스도 탄탄한게 좋네요",5
89,동서가구 루젠 수납헤드 깊은서랍 침대 SS,별점,"짐도 넣어가며 쓸 수 있어서 완전 만족합니다 어머니께서
짐도 넣어가며 쓸 수 있어서 완전 만족합니다 어머니께서도 진짜 좋아하세요 굿입니다",5
90,동서가구 루젠 수납헤드 깊은서랍 침대 SS,별점,"기사님도 친절하시고 맘에들어요 잘쓰겠습니다 ...
기사님도 친절하시고 맘에들어요 잘쓰겠습니다",5
91,동서가구 루젠 수납헤드 깊은서랍 침대 SS,별점,"튼튼하고좋네요,서랍있어서정리되고깔끔합니다...
튼튼하고좋네요,서랍있어서정리되고깔끔합니다",5
92,동서가구 루젠 수납헤드 깊은서랍 침대 SS,별점,"높이, 쿠션 다 좋아요. 편하게 잘 쓰고 있습니다....
높이, 쿠션 다 좋아요. 편하게 잘 쓰고 있습니다.",5
93,동서가구 루젠 수납헤드 깊은서랍 침대 SS,별점,"엄마께 사드렸더니 좋아하세요
아주 만족합니다...
엄마께 사드렸더니 좋아하세요
아주 만족합니다",5
94,동서가구 루젠 수납헤드 깊은서랍 침대 SS,별점,"아들이 맘에들어해서
엄마인저도기분이좋네요~...
아들이 맘에들어해서
엄마인저도기분이좋네요~",4
95,동서가구 루젠 수납헤드 깊은서랍 침대 SS,별점,"딸한테 사준 침대인데 수납이 많아서 편하네요...
딸한테 사준 침대인데 수납이 많아서 편하네요",5
96,동서가구 루젠 수납헤드 깊은서랍 침대 SS,별점,"아들이 ？일 사용해보니 괜찮다고 하네요 수납도 많이할수...
아들이 ？일 사용해보니 괜찮다고 하네요 수납도 많이할수있어서 좋구요 배송이 3주걸려 신경쓰였지만 설치기사군도 친절하시고 좋아요",4
97,동서가구 루젠 수납헤드 깊은서랍 침대 SS,별점,"침대가높아서 예전 침대커버가 좀 짧네요.생각보다 튼튼...
침대가높아서 예전 침대커버가 좀 짧네요.생각보다 튼튼하고 수납공간 많아서 소지품들 숨기기 좋아요.",5
98,동서가구 루젠 수납헤드 깊은서랍 침대 SS,별점,"마루바닥이라서 그런지는 몰라도 밀려나네요
마루바닥이라서 그런지는 몰라도 밀려나네요",5
99,동서가구 루젠 수납헤드 깊은서랍 침대 SS,별점,"생각보다깊은혀미라서높네요아주만족함니다...
생각보다깊은혀미라서높네요아주만족함니다",5
100,동서가구 루젠 수납헤드 깊은서랍 침대 SS,별점,"배송예정일 보다 빨리 왔구요 기사님도 설치 잘 해주셨구요 아들이 맘에 들어합니다.
배송예정일 보다 빨리 왔구요 기사님도 설치 잘 해주셨구요 아들이 맘에 들어합니다.",4
101,동서가구 루젠 수납헤드 깊은서랍 침대 SS,별점,"편하게 사용하고있습니다서랍도편리하구요
편하게 사용하고있습니다

서랍도편리하구요",5
102,동서가구 루젠 수납헤드 깊은서랍 침대 SS,별점,"가격도 저렴하고 수납공간이 많아서 좋아요...
가격도 저렴하고 수납공간이 많아서 좋아요",5
103,동서가구 루젠 수납헤드 깊은서랍 침대 SS,별점,"가격비교후에 구매했는데
넘 잘쓰고 있네요...
가격비교후에 구매했는데
넘 잘쓰고 있네요",5
104,동서가구 루젠 수납헤드 깊은서랍 침대 SS,별점,"서랍도 크고 좋아요 매트리스도 편하네요~
서랍도 크고 좋아요 매트리스도 편하네요~",5
105,동서가구 루젠 수납헤드 깊은서랍 침대 SS,별점,"너무 마음에 들어요! 추천합니다. 메트도 너무맘에드네요 마무리도깔끔하고요
너무 마음에 들어요! 추천합니다. 메트도 너무맘에드네요 마무리도깔끔하고요",5
106,동서가구 루젠 수납헤드 깊은서랍 침대 SS,별점,"시골집에 선물했는데 맘에 들어 좋습니다
시골집에 선물했는데 맘에 들어 좋습니다",5
107,동서가구 루젠 수납헤드 깊은서랍 침대 SS,별점,"수납과 침대가 일쳬형이어서 아주좋아묘^...
수납과 침대가 일쳬형이어서 아주좋아묘^",5
108,동서가구 루젠 수납헤드 깊은서랍 침대 SS,별점,"예정했던 날짜보다 빨리 받아서 좋았어요
예정했던 날짜보다 빨리 받아서 좋았어요",5
109,동서가구 루젠 수납헤드 깊은서랍 침대 SS,별점,"늘 여기서 주문해요 가격 맛 만족합니다...
늘 여기서 주문해요 가격 맛 만족합니다",5
110,동서가구 루젠 수납헤드 깊은서랍 침대 SS,별점,"잘 받았습니다
배송은 12일정도 걸렸고요. 기사님이 설치 잘 해주시고 친절하게 설명도 해줬네요.독립매트이고 매트 위에 흰색천은 혹시몰라 방수커버사서 깐거에요.",5
111,동서가구 루젠 수납헤드 깊은서랍 침대 SS,별점,"왜 저한테 짐을 옮기라는지 모르겠네요
왜 저한테 짐을 옮기라는지 모르겠네요",1
112,동서가구 루젠 수납헤드 깊은서랍 침대 SS,별점,"생각 보다 괸찮은거 같은데 그렇네요
생각 보다 괸찮은거 같은데 그렇네요",4
113,동서가구 루젠 수납헤드 깊은서랍 침대 SS,별점,"상품 품질이 좋습니다. 마음에 들어요!
상품 품질이 좋습니다. 마음에 들어요!",5
114,동서가구 루젠 수납헤드 깊은서랍 침대 SS,별점,"깔끔하고 색상 이뻐요. 잘 쓰겠습니다....
깔끔하고 색상 이뻐요. 잘 쓰겠습니다.",5
115,동서가구 루젠 수납헤드 깊은서랍 침대 SS,별점,"깔끔하고 서랍이 있어서 수납짱입니다
깔끔하고 서랍이 있어서 수납짱입니다",5
116,동서가구 루젠 수납헤드 깊은서랍 침대 SS,별점,"초등 고학년 아들이 너무 좋아합니다^^
초등 고학년 아들이 너무 좋아합니다^^",4
117,동서가구 루젠 수납헤드 깊은서랍 침대 SS,별점,"9존독립 매트도 마음에 들고 서랍도 실용적이고, 설치도 뚝딱 해주신 배송기사님도 만족스러웠습니다.
9존독립 매트도 마음에 들고 서랍도 실용적이고, 설치도 뚝딱 해주신 배송기사님도 만족스러웠습니다.
배송도 열흘만에 와서 많이 안기다려 좋았네요.",5
118,동서가구 루젠 수납헤드 깊은서랍 침대 SS,별점,"깔끔하고 색상,디자인 다 만족합니다.
깔끔하고 색상,디자인 다 만족합니다.",5
119,동서가구 루젠 수납헤드 깊은서랍 침대 SS,별점,"정리가 아직 안됐지만 잘쓰고 있어요...
정리가 아직 안됐지만 잘쓰고 있어요",5
120,동서가구 루젠 수납헤드 깊은서랍 침대 SS,별점,"침대가 고정이 되지않아 불편합니다.
침대가 고정이 되지않아 불편합니다.",5
121,동서가구 루젠 수납헤드 깊은서랍 침대 SS,별점,"기대이상으로 좋아요.
지방인데 배송도 빠르게 ...
기대이상으로 좋아요.
지방인데 배송도 빠르게 해주시고
설치기사님께서도 꼼꼼하고 친절하시고
설치해 놓으니 더좋고 방분위기도 달라진게 완전 만족합",5
122,동서가구 루젠 수납헤드 깊은서랍 침대 SS,별점,"수납 공간도 많고 쿠션감도 좋아요~
수납 공간도 많고 쿠션감도 좋아요~",5
123,동서가구 루젠 수납헤드 깊은서랍 침대 SS,별점,"조금 망설었는데. 받아보이 돟아요
조금 망설었는데. 받아보이 돟아요",5
124,동서가구 루젠 수납헤드 깊은서랍 침대 SS,별점,"설치도 잘해주시고 잘쓰고 있어요 ...
설치도 잘해주시고 잘쓰고 있어요",5
125,동서가구 루젠 수납헤드 깊은서랍 침대 SS,별점,"높이가 좀 높네요
쿠션이 단단한게 오래쓸것 같아요",5
126,동서가구 루젠 수납헤드 깊은서랍 침대 SS,별점,"남새만 아니면 가격대비 괜찮아요...
남새만 아니면 가격대비 괜찮아요",4
127,동서가구 루젠 수납헤드 깊은서랍 침대 SS,별점,"가성비 좋습니다수납공간도 굿굿
가성비 좋습니다
수납공간도 굿굿",5
128,동서가구 루젠 수납헤드 깊은서랍 침대 SS,별점,"싱？ 퀸두개구매했습니다대만족...
싱？ 퀸두개구매했습니다대만족",5
129,동서가구 루젠 수납헤드 깊은서랍 침대 SS,별점,"배송이 넘 느림 3주넘께 걸렸네요...
배송이 넘 느림 3주넘께 걸렸네요",4
130,동서가구 루젠 수납헤드 깊은서랍 침대 SS,별점,"가？비 최고예요 튼튼하고 이정도면 냄새 정말 않나요 아...
가？비 최고예요 튼튼하고 이정도면 냄새 정말 않나요 아이가 정말 좋아해요",5
131,동서가구 루젠 수납헤드 깊은서랍 침대 SS,별점,"친절하고 잘 설치해 주셨습니다.
친절하고 잘 설치해 주셨습니다.",5
132,동서가구 루젠 수납헤드 깊은서랍 침대 SS,별점,"수납공긴 좋고 침대가 편하네요 ...
수납공긴 좋고 침대가 편하네요",4
133,동서가구 루젠 수납헤드 깊은서랍 침대 SS,별점,"높은감이있지만 침대 적당히 푹신하고 좋아요 예상보다 빠
높은감이있지만 침대 적당히 푹신하고 좋아요 예상보다 빠른배송 감사합니다^^ 수납공간있는게 너무좋네요ㆍ 설치 기사심 3층인 관계로 남자한분 지인불러 같이옮겨드리고 설치는 기사님이 뚝딱~~!! 수고하셨습니다",5
134,동서가구 루젠 수납헤드 깊은서랍 침대 SS,별점,"수납공간도 많고 색상두 이뻐요...
수납공간도 많고 색상두 이뻐요",5
135,동서가구 루젠 수납헤드 깊은서랍 침대 SS,별점,"튼튼하고 실용성 있어보입니다
튼튼하고 실용성 있어보입니다",5
136,동서가구 루젠 수납헤드 깊은서랍 침대 SS,별점,"설치 해 주시는 분이 친절하셔서 감사햇어요 침대도 맘에...
설치 해 주시는 분이 친절하셔서 감사햇어요 침대도 맘에 들어요 수고 하세요",5
137,동서가구 루젠 수납헤드 깊은서랍 침대 SS,별점,"생각보다 괸찮네요 감사 해요
생각보다 괸찮네요 감사 해요",4
138,동서가구 루젠 수납헤드 깊은서랍 침대 SS,별점,"깔끔하고 문안하네요.좀 높은것과 핸드폰 충전콘센트 없는게 좀 아쉽네요~
깔끔하고 문안하네요.좀 높은것과 핸드폰 충전콘센트 없는게 좀 아쉽네요~",5
139,동서가구 루젠 수납헤드 깊은서랍 침대 SS,별점,"가격대비 서랍장도있고좋아요...
가격대비 서랍장도있고좋아요",5
140,동서가구 루젠 수납헤드 깊은서랍 침대 SS,별점,"냄새가 나는데 가성비 좋아요
냄새가 나는데 가성비 좋아요",5
141,동서가구 루젠 수납헤드 깊은서랍 침대 SS,별점,"편하고잠자리가굿이랍니다,,...
편하고잠자리가굿이랍니다,,",5
142,동서가구 루젠 수납헤드 깊은서랍 침대 SS,별점,"튼튼하고 생각보다 예쁘네요
튼튼하고 생각보다 예쁘네요",5
143,동서가구 루젠 수납헤드 깊은서랍 침대 SS,별점,"생각보다 튼튼하고 좋아요 ~~...
생각보다 튼튼하고 좋아요 ~~",5
144,동서가구 루젠 수납헤드 깊은서랍 침대 SS,별점,"아이 첫 침대로 구매했어요..
아이 첫 침대로 구매했어요..",4
145,동서가구 루젠 수납헤드 깊은서랍 침대 SS,별점,"제 구매해서 잘쓰고있습니다...
제 구매해서 잘쓰고있습니다",5
146,동서가구 루젠 수납헤드 깊은서랍 침대 SS,별점,"1년만에 냄새가 사라진듯요...
1년만에 냄새가 사라진듯요",5
147,동서가구 루젠 수납헤드 깊은서랍 침대 SS,별점,"꼼꼼히 설치해주시고 메트리스도 괜찮습니다. 서랍도 튼튼...
꼼꼼히 설치해주시고 메트리스도 괜찮습니다. 서랍도 튼튼하니 전체적으로 만족했습니다.",4
148,동서가구 루젠 수납헤드 깊은서랍 침대 SS,별점,"잘받았어요~잘쓰겠습니다.
잘받았어요~잘쓰겠습니다.",5
149,동서가구 루젠 수납헤드 깊은서랍 침대 SS,별점,"침대가 가격대비 좋아요 ^^
침대가 가격대비 좋아요 ^^",4
150,동서가구 루젠 수납헤드 깊은서랍 침대 SS,별점,"괜찮아요
초등학생 사용하기 좋아요",4
151,동서가구 루젠 수납헤드 깊은서랍 침대 SS,별점,"보름만에도착~~넘오래걸림...
보름만에도착~~넘오래걸림",4
152,동서가구 루젠 수납헤드 깊은서랍 침대 SS,별점,"수고하세요 잘쓰겠습니다
수고하세요 잘쓰겠습니다",5
153,동서가구 루젠 수납헤드 깊은서랍 침대 SS,별점,"친정아버지가 좋아하세요
친정아버지가 좋아하세요",5
154,동서가구 루젠 수납헤드 깊은서랍 침대 SS,별점,"너무 좋아요.
강추합니다....
너무 좋아요.
강추합니다.",5
155,동서가구 루젠 수납헤드 깊은서랍 침대 SS,별점,"가격대비 적당하니 괜찮네요.
수
가격대비 적당하니 괜찮네요.
수납장도 생각보다 커서 실용적이네요.",4
156,동서가구 루젠 수납헤드 깊은서랍 침대 SS,별점,"설치기사님도 친절하시고 깔끔하
설치기사님도 친절하시고 깔끔하게 잘 설치해주셨어요! 가격대비 아주 마음에 듭니다. 침대 옆 수납장도 생각보다 깊고 넓어서 알차게 잘 사용할 수 있겠어요. 감사합니다:)",5
157,동서가구 루젠 수납헤드 깊은서랍 침대 SS,별점,"필요한 제품 잘 샀어요....
필요한 제품 잘 샀어요.",5
158,동서가구 루젠 수납헤드 깊은서랍 침대 SS,별점,"가구 냄새가 심하게 남....
가구 냄새가 심하게 남.",5
159,동서가구 루젠 수납헤드 깊은서랍 침대 SS,별점,"넘넘 좋아요 탄탄하고 수납공간 든든하고 매트리스도 좋아요 강력추천합니다, 쿠폰이용해서 싸게 구매했어요,강추강추^^
넘넘 좋아요 탄탄하고 수납공간 든든하고 매트리스도 좋아요 강력추천합니다, 쿠폰이용해서 싸게 구매했어요,강추강추^^",5
160,동서가구 루젠 수납헤드 깊은서랍 침대 SS,별점,"작은방에 수납도 해야해서 고민끝에 샀어요. 수납 많이
작은방에 수납도 해야해서 고민끝에 샀어요. 수납 많이 돼서 정말 좋네요. 배송은 생각보다 빨리 왔어요. 수납 잘돼서 만족합니다",4
161,동서가구 루젠 수납헤드 깊은서랍 침대 SS,별점,"가격이 저렴해 이해하려 했는데..
방금 sk스퀘어? 사
가격이 저렴해 이해하려 했는데..
방금 sk스퀘어? 사이트에는
배송비 포함 26만원
롯데카드 할인 15000원 해주네요
왠지 눈탱이 맞은 느낌이네요
25만원 살수 있는제품을 33만원 ㅜㅜ",1
162,동서가구 루젠 수납헤드 깊은서랍 침대 SS,별점,"아들이 맘에들어해요...
아들이 맘에들어해요",5
163,동서가구 루젠 수납헤드 깊은서랍 침대 SS,별점,"실용적이고 좋습니다
실용적이고 좋습니다",5
164,동서가구 루젠 수납헤드 깊은서랍 침대 SS,별점,"빠른배송감사드려요...
빠른배송감사드려요",5
165,동서가구 루젠 수납헤드 깊은서랍 침대 SS,별점,"가격만큼만족합니다...
가격만큼만족합니다",4
166,동서가구 루젠 수납헤드 깊은서랍 침대 SS,별점,"아이가좋다고하네요...
아이가좋다고하네요",4
167,동서가구 루젠 수납헤드 깊은서랍 침대 SS,별점,"아이가 너무 좋아하고 기사님도 너무 친절하시고 침대도 너~~무좋고 푹신하고 다 만족이네요^^
아이가 너무 좋아하고 기사님도 너무 친절하시고 침대도 너~~무좋고 푹신하고 다 만족이네요^^",5
168,동서가구 루젠 수납헤드 깊은서랍 침대 SS,별점,"이쁘고 튼튼 하네요...
이쁘고 튼튼 하네요",5
169,동서가구 루젠 수납헤드 깊은서랍 침대 SS,별점,"가격대비 좋습니딘...
가격대비 좋습니딘",4
170,동서가구 루젠 수납헤드 깊은서랍 침대 SS,별점,"가격대비 훌륭해오...
가격대비 훌륭해오",5
171,동서가구 루젠 수납헤드 깊은서랍 침대 SS,별점,"너무 오래걸림 ？...
너무 오래걸림 ？",5
172,동서가구 루젠 수납헤드 깊은서랍 침대 SS,별점,"깔끔하니 좋네요...
깔끔하니 좋네요",5
173,동서가구 루젠 수납헤드 깊은서랍 침대 SS,별점,"편하고 좋습니다...
편하고 좋습니다",4
174,동서가구 루젠 수납헤드 깊은서랍 침대 SS,별점,"깔끔무난합니다
깔끔무난합니다",4
175,동서가구 루젠 수납헤드 깊은서랍 침대 SS,별점,"잘사용중입니다...
잘사용중입니다",5
176,동서가구 루젠 수납헤드 깊은서랍 침대 SS,별점,"깔끔하고 괜찮네요
비도 오고했는데 기사님도 친절...
깔끔하고 괜찮네요
비도 오고했는데 기사님도 친절하시네요",5
177,동서가구 루젠 수납헤드 깊은서랍 침대 SS,별점,"맘에 듭니다.
맘에 듭니다.",5
178,동서가구 루젠 수납헤드 깊은서랍 침대 SS,별점,"넘좋습니다...
넘좋습니다",5
179,동서가구 루젠 수납헤드 깊은서랍 침대 SS,별점,"크게 기대하지는 않아는데 생각보다 괜잖네요
20일이지...
크게 기대하지는 않아는데 생각보다 괜잖네요
20일이지나서 배송이되서 지루했는데
침대받고 맘이 놓였네요
기사님 친절하시셔서 고마？어요",4
180,동서가구 루젠 수납헤드 깊은서랍 침대 SS,별점,"매우 좋음...
매우 좋음",5
181,동서가구 루젠 수납헤드 깊은서랍 침대 SS,별점,"매우만족...
매우만족",5
182,동서가구 루젠 수납헤드 깊은서랍 침대 SS,별점,"깔끔해요...
깔끔해요",5
183,동서가구 루젠 수납헤드 깊은서랍 침대 SS,별점,"이뻐요~~...
이뻐요~~",5
184,동서가구 루젠 수납헤드 깊은서랍 침대 SS,별점,"동서가구 기다림 끝에 오늘 배송 받았습니다 배송기사님 ...
동서가구 기다림 끝에 오늘 배송 받았습니다 배송기사님 시간 맞춰서 오셨고 깔끔하게 설치가 잘 되어서 너무나 만족스럽네요",5
185,동서가구 루젠 수납헤드 깊은서랍 침대 SS,별점,"좋아요 ...
좋아요",5
186,동서가구 루젠 수납헤드 깊은서랍 침대 SS,별점,"아들 월세집에서 전세집으로 이사하면서 구매했네요. 집과
아들 월세집에서 전세집으로 이사하면서 구매했네요. 집과 어울린다고 좋아라하네요. 서랍이 활용도가 높을것같다고 만족해합니다. 냄새가 나서 3일 환기는 필요할듯하다고 하네요. 배송기사님 친절했다고도 합니다.",4
187,동서가구 루젠 수납헤드 깊은서랍 침대 SS,별점,"조아요...
조아요",5
188,동서가구 루젠 수납헤드 깊은서랍 침대 SS,별점,"예상했던것 보다 배송이 빨라 좋았어요
기사님도 친절하...
예상했던것 보다 배송이 빨라 좋았어요
기사님도 친절하시구
뒷정리까지 완벽히 해주시고 가셨네요^^",5
189,동서가구 루젠 수납헤드 깊은서랍 침대 SS,별점,"흠 잡을때가 없이 매우 만족합니다.
가격대비 좋고 펀...
흠 잡을때가 없이 매우 만족합니다.
가격대비 좋고 펀하답니다",5
190,동서가구 루젠 수납헤드 깊은서랍 침대 SS,별점,"우선 장점은 딸아이가 쓰기에 적당한
우선 장점은 딸아이가 쓰기에 적당한 크기와
수납할수 있는 공간이 많아 좋습니다
단점은 배송 7월12일에 주문했서 어제 29일에
받았습니다 눈빠지게 기다렸어요 ㅠㅠ",4
191,동서가구 루젠 수납헤드 깊은서랍 침대 SS,별점,"수납도 넉넉하고 튼튼하니 좋습니다. 수납과 침대같이 필요하신분 추천입니다.
수납도 넉넉하고 튼튼하니 좋습니다. 수납과 침대같이 필요하신분 추천입니다.",5
192,동서가구 루젠 수납헤드 깊은서랍 침대 SS,별점,"좋아요~~
설치기사님 친절하게 설치해주시네요~~
매...
좋아요~~
설치기사님 친절하게 설치해주시네요~~
매트리스도 단단하니 좋네요~~",5
193,동서가구 루젠 수납헤드 깊은서랍 침대 SS,별점,"배송-1주일 소요(수도권)
냄새-많이 나지 않아요~
...
배송-1주일 소요(수도권)
냄새-많이 나지 않아요~
반나절 창문 열었더니 거의 안나요
매트리스 딱 좋아요~
배송 조립해주시는 기사님 혼자 꼼꼼히 해주셨어요~
조립하시면서",5
194,동서가구 루젠 수납헤드 깊은서랍 침대 SS,별점,"예정보다 배송 빨리왔어요. 기사님 친절히 잘해...
예정보다 배송 빨리왔어요. 기사님 친절히 잘해주셨구요. 화면과 같이 제품 만족합니다",5
195,동서가구 루젠 수납헤드 깊은서랍 침대 SS,별점,"설치기사분이 친절하게 잘 해주셔서 감사합니다.작은방 사...
설치기사분이 친절하게 잘 해주셔서 감사합니다.작은방 사이즈에도
맞고 좋아요. 그런데 원목 냄새가 나서 환기 시키고 이용해야 합니다.",4
196,동서가구 루젠 수납헤드 깊은서랍 침대 SS,별점,"서랍이 있어서 수납하기 좋아요
아이들 방에 색깔 다르
서랍이 있어서 수납하기 좋아요
아이들 방에 색깔 다르게 각각 넣어주었어요
기사님도 친절하세요",5
197,동서가구 루젠 수납헤드 깊은서랍 침대 SS,별점,"가구점 둘러보고 가격이 많이 저렴하여 구입해 보았...
가구점 둘러보고 가격이 많이 저렴하여 구입해 보았는데 무료배송에 배송기사분이 설치도 깔끔하게 해주셔서 너무 감사했어요 제품설명도 친절하게 해주시고 침대도 맘에들어",5
198,동서가구 루젠 수납헤드 깊은서랍 침대 SS,별점,"침대도 맘에 들지만 .. 기사님 친절에 정말 고맙습니다!! 기사님 고생 하셨어요!!!
침대도 맘에 들지만 ..기사님 친절에 정말 고맙습니다!!기사님 고생 하셨어요!!!",5
199,동서가구 루젠 수납헤드 깊은서랍 침대 SS,별점,"수납 넉넉하고 매트리스도 좋아요사이즈가 생각보다는 높고 크네요배송도 빨르고 좋았습니다감사합니다
수납 넉넉하고 매트리스도 좋아요
사이즈가 생각보다는 높고 크네요
배송도 빨르고 좋았습니다
감사합니다",5
200,동서가구 루젠 수납헤드 깊은서랍 침대 SS,별점,"서랍이 잘 되어 있어서 물건 보관이 아주 편리하네요 침
서랍이 잘 되어 있어서 물건 보관이 아주 편리하네요 침대안쪽의 서랍에도 보관할 수 있어서 아주 마음에 드네요 디자인도 전체적으로 아주 좋아요",5
201,동서가구 루젠 수납헤드 깊은서랍 침대 SS,별점,"가격대비 괜찮네요.
배송설치도
가격대비 괜찮네요.
배송설치도 빨라서 좋네요~^",4
202,동서가구 루젠 수납헤드 깊은서랍 침대 SS,별점,"깔끔하고 좋아요. 아들방에 사줬어요
매트도 편하고 높...
깔끔하고 좋아요. 아들방에 사줬어요
매트도 편하고 높이도 높아서 좋아요
헤드수납이라 편하구요",5
203,동서가구 루젠 수납헤드 깊은서랍 침대 SS,별점,"배송비가 추가 발생해서 불만스러웠지만 침대는 맘에 ...
배송비가 추가 발생해서 불만스러웠지만 침대는 맘에 들어하시네요 배송비에 대한 정확한 설명이 기재되었으면 합니다",5
204,동서가구 루젠 수납헤드 깊은서랍 침대 SS,별점,"배송이2주걸릴줄알았는데빨리왔어요서랍도유용하게쓸거같고침대...
배송이2주걸릴줄알았는데빨리왔어요서랍도유용하게쓸거같고침대가튼튼해보여요깔끔하고배송기사님도친절하시고여러모로맘에드네요",5
205,동서가구 루젠 수납헤드 깊은서랍 침대 SS,별점,"튼튼하고 좋아요
서랍도 깊고 튼튼해 보여요...
튼튼하고 좋아요
서랍도 깊고 튼튼해 보여요",5
206,동서가구 루젠 수납헤드 깊은서랍 침대 SS,별점,"가겪대비 좋아요 동샘 사줬는데 좋아하네요...
가겪대비 좋아요 동샘 사줬는데 좋아하네요",4
207,동서가구 루젠 수납헤드 깊은서랍 침대 SS,별점,"생각보다 배송이 빨라서 너무 좋았고 감사합니다.
설치기
생각보다 배송이 빨라서 너무 좋았고 감사합니다.
설치기사님도 친절하시고 침대도 공간이 넓어서 많은 물건을 담을수 있어서 좋아요.
아이들이 편하고 좋다고 합니다.",5
208,동서가구 루젠 수납헤드 깊은서랍 침대 SS,별점,"배송기사님이 미리전화주시고 꼼꼼하게 잘 설치해주셨어요생...
배송기사님이 미리전화주시고 꼼꼼하게 잘 설치해주셨어요생각보다 배송도 빠른편이고 프레임도 튼튼하고 예뻐요 매트리스도 편하고 만족합니다~",5
209,동서가구 루젠 수납헤드 깊은서랍 침대 SS,별점,"튼튼하고 배송도 생각보다 오래걸리지 않았습니다.
마감도
튼튼하고 배송도 생각보다 오래걸리지 않았습니다.
마감도 깨끗하게 잘 되어있고 설치 기사님도 친절했습니다.",5
210,동서가구 루젠 수납헤드 깊은서랍 침대 SS,별점,"애들이 좋아하네요 강추합니다 좋아요
애들이 좋아하네요 강추합니다 좋아요",5
211,동서가구 루젠 수납헤드 깊은서랍 침대 SS,별점,"2주 기다림끝에 잘 받았어요.
깨끗하고 좋아요.
배...
2주 기다림끝에 잘 받았어요.
깨끗하고 좋아요.
배송완료 해주세요,
아직도 배송중이라니..참",5
212,동서가구 루젠 수납헤드 깊은서랍 침대 SS,별점,"아주 좋아요~~ 넘넘 이뻐요... 수납공간도 굿이예요♥...
아주 좋아요~~ 넘넘 이뻐요... 수납공간도 굿이예요♥♥",5
213,동서가구 루젠 수납헤드 깊은서랍 침대 SS,별점,"침대는 마음에 들어요.9존매트리스도 좋아요.그러나 한가...
침대는 마음에 들어요.9존매트리스도 좋아요.그러나 한가지 분명 무료배송이라고 써있는데 지방이라고 배송비 22000원 받아 가시네요.ㅠ.ㅠ",5
214,동서가구 루젠 수납헤드 깊은서랍 침대 SS,별점,"배송도 생각보다 빨리왔고 기사님도 너무 친절하셨어요...
배송도 생각보다 빨리왔고 기사님도 너무 친절하셨어요

생각보다 냄새도 안나고 깔끔해서 너무 좋아요!

매트리스도 탄탄하고 금액대비 너무 만족합니다",5
215,동서가구 루젠 수납헤드 깊은서랍 침대 SS,별점,"수납할수있어서 깔끔하게 정리할수있어서 좋아요~ 마음에 ...
수납할수있어서 깔끔하게 정리할수있어서 좋아요~ 마음에 드는침대 주문하길 잘했네요~",5
216,동서가구 루젠 수납헤드 깊은서랍 침대 SS,별점,"설치 기사님 설치잘해주시고 사용설명까지 잘해주시고 가셨어요 침대도 수납 넉넉하게 되서 좋습니다
설치 기사님 설치잘해주시고 사용설명까지 잘해주시고 가셨어요 침대도 수납 넉넉하게 되서 좋습니다",5
217,동서가구 루젠 수납헤드 깊은서랍 침대 SS,별점,"좋은 가격에 잘 샀습니다.
배송은 2주 걸림 ㅜㅜ
...
좋은 가격에 잘 샀습니다.
배송은 2주 걸림 ㅜㅜ",5
218,동서가구 루젠 수납헤드 깊은서랍 침대 SS,별점,"1.배송-일주일만에 왔어요. 기사님 겁나겁나 친절하십니...
1.배송-일주일만에 왔어요. 기사님 겁나겁나 친절하십니다.
2.가격- 다른곳하고 비슷한대 배송비 포함이라 서울지역같은 경우는 3~4만원 저렴합니다.
3.상품- 가격대비 마음에",5
219,동서가구 루젠 수납헤드 깊은서랍 침대 SS,별점,"배송도 빠르고 기사님 너무 친절하셨습니다
배송도 빠르고 기사님 너무 친절하셨습니다",5
220,동서가구 루젠 수납헤드 깊은서랍 침대 SS,별점,"딸아이가 좋아해요. 만족만족. 강추...
딸아이가 좋아해요. 만족만족. 강추",5
221,동서가구 루젠 수납헤드 깊은서랍 침대 SS,별점,"좋은 가격에 잘 구매했습니다. 배송 설치도 친절하게 해주셔서 감사드립니다.
좋은 가격에 잘 구매했습니다. 배송 설치도 친절하게 해주셔서 감사드립니다.",5
222,동서가구 루젠 수납헤드 깊은서랍 침대 SS,별점,"배송도 좀 걸렸고 서랍이 불량이라서 배송기사님이 바꿔주
배송도 좀 걸렸고 서랍이 불량이라서 배송기사님이 바꿔주신다고 갖고 가셨어요
지금은 서랍이 하나 뿐입니다",3
223,동서가구 루젠 수납헤드 깊은서랍 침대 SS,별점,"친정엄마가 아주 마음에 드셔서 참 좋으네요 ~♡
다음에
친정엄마가 아주 마음에 드셔서 참 좋으네요 ~♡
다음에도 이용 할께요 ~♡",5
224,동서가구 루젠 수납헤드 깊은서랍 침대 SS,별점,"배송기사님이 친절하게 조립까지다해주시네요
이뿌네요...
배송기사님이 친절하게 조립까지다해주시네요
이뿌네요",5
225,동서가구 루젠 수납헤드 깊은서랍 침대 SS,별점,"배송기사분이 친절하셔 수월하게 설치완
배송기사분이 친절하셔 수월하게 설치완료

롯데닷컴이 이침대 젤 저렴해요
배송료 개당22000씩 추가해서
30만원에서 3천원정도 빠지네요~^^

아이가좋아해서 더좋네요~^^",5
226,동서가구 루젠 수납헤드 깊은서랍 침대 SS,별점,"배송도 빠르고 친절하게 잘 설치해주시고 넘 감사합니다 ...
배송도 빠르고 친절하게 잘 설치해주시고 넘 감사합니다 ^^",5
227,동서가구 루젠 수납헤드 깊은서랍 침대 SS,별점,"가격대비좋아요 주문하고 일주일안에 배송받았어요 크게...
가격대비좋아요 주문하고 일주일안에 배송받았어요 크게 흠잡을때없이 가격대비좋아요~",5
228,동서가구 루젠 수납헤드 깊은서랍 침대 SS,별점,"저렴하고 수납도잘되어있고 탄탄해요..
매트리스도 맘에...
저렴하고 수납도잘되어있고 탄탄해요..
매트리스도 맘에들어요",5
229,동서가구 루젠 수납헤드 깊은서랍 침대 SS,별점,"설치하고보니 잘선택한거 같네요
배송도 설치도 친절히 ...
설치하고보니 잘선택한거 같네요
배송도 설치도 친절히 해주셨습니다
다만 냄새가 좀 나네요
삼일 환풍시켰더니 없었졌습니다
수고하셨습니다
배송완료 체크 부탁드립니다",5
230,동서가구 루젠 수납헤드 깊은서랍 침대 SS,별점,"친정엄마가 너무 좋아하시네요~
하단에 서랍장이 있어
친정엄마가 너무 좋아하시네요~
하단에 서랍장이 있어 유용하게 사용할 수 있어
매우 만족 하십니다~♡
택배 기사님도 너무 친절하게 설치와 깔끔하게
마무리 해주셔서 너무감사합니다 ~♡",5
231,동서가구 루젠 수납헤드 깊은서랍 침대 SS,별점,"6월30일주문해서 오늘 받았어요 ㅎㅎ 친절배송감사합니다...
6월30일주문해서 오늘 받았어요 ㅎㅎ 친절배송감사합니다",5
232,동서가구 루젠 수납헤드 깊은서랍 침대 SS,별점,"디자인 깔끔하고 배송 친절하게 잘해주셨습니다좋은...
디자인 깔끔하고 배송 친절하게 잘해주셨습니다

좋은가격에 잘사용하겠습니다

좋습니다",5
233,동서가구 루젠 수납헤드 깊은서랍 침대 SS,별점,"배송기사님 친절하게 배송전부터 시간 확인전화 주시고 설...
배송기사님 친절하게 배송전부터 시간 확인전화 주시고 설치또한 꼼꼼하게 잘 해 주셨습니다.",5
234,동서가구 루젠 수납헤드 깊은서랍 침대 SS,별점,"배송 설치 기사님 친절하셔서 좋아요.침대역시 좋아요
배송 설치 기사님 친절하셔서 좋아요.
침대역시 좋아요",5
235,동서가구 루젠 수납헤드 깊은서랍 침대 SS,별점,"싱글두개 애들방에 넣어주었는데
가격대비 만족합니다....
싱글두개 애들방에 넣어주었는데
가격대비 만족합니다.",4
236,동서가구 루젠 수납헤드 깊은서랍 침대 SS,별점,"딸아이방에 설치했어요^^
깔끔하니 이쁘네요...
딸아이방에 설치했어요^^
깔끔하니 이쁘네요",5
237,동서가구 루젠 수납헤드 깊은서랍 침대 SS,별점,"조아요조아요...
조아요조아요",5
238,동서가구 루젠 수납헤드 깊은서랍 침대 SS,별점,"？？？？？？...
？？？？？？",5
239,동서가구 루젠 수납헤드 깊은서랍 침대 SS,별점,".............
..........",5
240,동서가구 루젠 수납헤드 깊은서랍 침대 SS,별점,"ㆍ...
ㆍ",4
241,동서가구 루젠 수납헤드 깊은서랍 침대 SS,별점,"잘 사용 하겠습니다...
잘 사용 하겠습니다",5
