﻿,type,category,review,star
1,동서가구 토미 LED 수납 침대 SS,별점,"단단하단평이있어서 어떤느낌일지 걱정했는데받아보니 딱좋아요 올라가면 푹푹꺼지는게 아니고 살짝 들어가는 정도?식탁의자에 방석같은거 붙어있자나요? 그정도 단단함이랄까...푹신하게 쑥들
단단하단평이있어서 어떤느낌일지 걱정했는데
받아보니 딱좋아요
올라가면 푹푹꺼지는게 아니고 살짝 들어가는 정도?
식탁의자에 방석같은거 붙어있자나요? 그정도 단단함이랄까...푹신하게 쑥들어가는게 싫어서 선택한건데 만족!
식구들도 며칠써보니 좋다고합니다
수납공간기능에 바닥이 막혀있는거로 일부러 찾은거라 더 굿~",5
2,동서가구 토미 LED 수납 침대 SS,별점,"제품은 마음에드는데 설치기사가 설치하면서 헤드부분 비뚤어지게 설치함바닥 수납부분 열면서 비뚤어진 헤드부분이 부딧치면서 벗겨짐과 동시에 조금 떨어짐바꾸고싶었으나 지금까지 기다린것도
제품은 마음에드는데 설치기사가 설치하면서 헤드부분 비뚤어지게 설치함
바닥 수납부분 열면서 비뚤어진 헤드부분이 부딧치면서 벗겨짐과 동시에 조금 떨어짐
바꾸고싶었으나 지금까지 기다린것도 짜증이나 그냥 설치함 헤드부분 수납쪽 열때마다 헤드쪽과 부딧쳐 써먹을수 없는상태됨
침대 3개째 설치인데 하나만 이모양임
침대헤드쓰러지지 않았고 아이가 많이 기다린거라 그냥 쓰기로했습니다
그것때문에 만족은 못했어요",2
3,동서가구 토미 LED 수납 침대 SS,별점,"침대 크기는 제가 생각했던 크기인데 높이는 조금 아쉽네요ㅠㅠ
침대 크기는 제가 생각했던 크기인데 높이는 조금 아쉽네요ㅠㅠ
리빙박스를 넣고 싶었는데 턱도 없어요ㅋㅋㅋㅋ이건 제가 사이즈를 잘못본 탓이죠..
배송 때문에 여러차례 문의 드렸는데 친절하고 상세하게 잘 안내해주셔서 좋았습니다.
처음에 냄새가 좀 나는데 키친타올에 탈취제 묻혀서 닦고 환기 며칠시켰더니 지금은 괜찮아요.
헤드부분 살짝 까져있기는한데 어차피 오래 쓸 목적으로 산것도 아니고 얼핏보면 티 안나서 그냥 씁니다.
매트리스는 스프링이 다 느껴져요ㅠㅠ 다른 곳에서 별도 구매하시거나 토퍼 필수입니다!",4
4,동서가구 토미 LED 수납 침대 SS,별점,"색상이나 외관은 화면 그대로에요.서랍도 레일이있어서 잘열리구요.그런데 냄새가 좀 많이났어요. 3일정도 베이크아웃이랑 환기 번갈아 시켰더니 좀 많이 사라졌네요.그리고 마감부분이 좀
색상이나 외관은 화면 그대로에요.
서랍도 레일이있어서 잘열리구요.
그런데 냄새가 좀 많이났어요. 3일정도 베이크아웃이랑 환기 번갈아 시켰더니 좀 많이 사라졌네요.
그리고 마감부분이 좀 맘에 안드는게 날카로워서 베일수 있을것같아요.
가격대비 만족은 하는데, 베일수도 있을것같아 아쉽네요.",3
5,동서가구 토미 LED 수납 침대 SS,별점,"견고하고 가성비 좋은 제품입니다.게다가 수납공간이 많아 자주 사용하는 물건은 핌대 서랍을 이용하고 계절별 옷 정리 할때 많은 양의 옷은 침내 내측의 공간에 보관하면 됩니다.LED
견고하고 가성비 좋은 제품입니다.
게다가 수납공간이 많아 자주 사용하는 물건은 핌대 서랍을 이용하고
계절별 옷 정리 할때 많은 양의 옷은 침내 내측의 공간에 보관하면 됩니다.
LED 조명도 좋구요.. 전원 콘센트도 있어서 사용하기에 편리합니다.
만족합니다.
다만 배송이 조금 늦기는 하지만 큰 불만은 없습니다.",5
6,동서가구 토미 LED 수납 침대 SS,별점,"벙커 뚜껑 안열리고 헤드 부분 하자 매트리스 얼룩으로 ...
벙커 뚜껑 안열리고 헤드 부분 하자 매트리스 얼룩으로 as신청했는데 as받는데 2주넘게 걸렸구요 벙커뚜껑은 as받나마나 입니다 ㅜㅜ 기사님왈 발란스가 안 맞아서 그런다 라고 말만 하고 그냥 가네요 발란스가 안맞으면 맞춰주고 가야 하는거 아닌가요? 타회사 타제품은 발란스 수평 안맞으면 설치기사님이 완벽하게 as해주신데",3
7,동서가구 토미 LED 수납 침대 SS,별점,"가성비 괜찮습니다. 아직 쓴지는 일주일이 되지 않았지...
가성비 괜찮습니다. 아직 쓴지는 일주일이 되지 않았지만 디자인 이쁘고 좋습니다. 매트리스는 살짝 푹신하지는 않은 편입니다. 서랍은 작습니다. 헤드쪽 서랍은 좀 변경되어야 할것 같네요. 침대옆에 작은 서랍장을 두면 문이 걸려서 안 열립니다. 아참 그리고 며칠간 가구 냄새가 나네요... 그거 빼곤 전반적으로 좋습니다.",4
8,동서가구 토미 LED 수납 침대 SS,별점,"가격대비 좋아요
딸아이침대로 구매했어요 시중 가구점 가격보다 저렴하고 프레임보단 매트리스에 더 투자했네요운좋게도 주문 이틀뒤 바로 받았구요배송설치 기사분 친절하게 잘해주셨어요벽지가 하늘색이라 고민많이 하다 흰색했는데살짝 후회가... 때도 잘타고 흠집도 잘보이고 ㅡㅡ밑에 서랍에 아이옷 정리하고 침대헤드에 전등불도 켜지고 딱좋아요아이도 넘나 좋아하고 가격대비 잘산것같아요",4
9,동서가구 토미 LED 수납 침대 SS,별점,"배송기사님이 잘 설치해주셨고 친절하셨어요!아주 깔끔하고 이쁩니다! 본넬매트리스가 생각보다 불편한 것 같아요! 그런데 이 부분은 직접 경험해보지 않고는 모르는거고 사람마다 달라서 평
배송기사님이 잘 설치해주셨고 친절하셨어요!
아주 깔끔하고 이쁩니다! 본넬매트리스가 생각보다 불편한 것 같아요! 그런데 이 부분은 직접 경험해보지 않고는 모르는거고 사람마다 달라서 평점에 영향을 주지는 않았어요! 저의 판단미쓰…!
상품 정말 만족합니다!",5
10,동서가구 토미 LED 수납 침대 SS,별점,"딸아이가 아주 좋아해여~
제꺼 퀸 침대도 여기서 구매했고..딸아이도 마침 침대가 필요해서 여기에서 또 구매했어요.~배송은 어디가나 비슷해요..설치기사님 완전 친절하시고상품 하나하나 체크해 주시고..무엇보다도 딸아이가 너무 좋아해서 대만족~명절 전에 올 수 있을까 했는데...오늘 아침에 딱 오셔서 설치하고 나니방이 달라 보이네여~저는 적극추천 합니다~",5
11,동서가구 토미 LED 수납 침대 SS,별점,"배송이 오래걸릴거라고 생각했는데 주문하고 일줄만에 받았어요 배송전날 확인전화오셔서 몇시방문 예정이라고 얘기해주셨는데 출근땜에 좀 일찍 와달라고 부탁드렸는데 생각시간보다 훨씬 일찍
배송이 오래걸릴거라고 생각했는데 주문하고 일줄만에 받았어요 배송전날 확인전화오셔서 몇시방문 예정이라고 얘기해주셨는데 출근땜에 좀 일찍 와달라고 부탁드렸는데 생각시간보다 훨씬 일찍 와주셔서 출근에 지장이 없었습니다 침대 구매시 방수매트구입 못해서 아쉬웠는데 확인전화 오셨을때 물어봐주셔서 바로 같이 주문했어요~^^
제가 벽아랫부분 몰딩을 생각못하게 쟀는데 밑에 후드만 빼서 딱맞게 설치해주셨습니다 첫째의 첫 방을 꾸며줄려고 구입했는데 아들이 오자마자 너무너무 좋아했어요 특히 불이 들어와서요~^^친절하고안전하게 배송해주셔서 감사합니다",5
12,동서가구 토미 LED 수납 침대 SS,별점,"최고예요
추석지나고 배송될 줄 알았는데추석 전에 배송이 됐네요.기사님도 친절하시고 깔끔하게 설치해주고 가셨습니다.침대가 도착하기를 학수고대하던 아들이예상보다 일찍 도착한 침대에깜짝선물을 받은 듯 아주 좋아했습니다.9존독립매트도 누워보니 탄탄하고 좋네요.매트를 잘 선택한 거 같아요.오랫동안 잘 사용할 수 있으면 좋겠습니다^^",5
13,동서가구 토미 LED 수납 침대 SS,별점,"가성비 젤 좋은 것 같아요.로드매장에서도 봤는데 다 거기서 거기인데 가격이 더 비쌌구요.아이가 쓰는 가구라서 매트리스만 좀 신경써서 주문했어요.배송도 깔끔 마무리 잘 해주셨구요,
가성비 젤 좋은 것 같아요.로드매장에서도 봤는데 다 거기서 거기인데 가격이 더 비쌌구요.아이가 쓰는 가구라서 매트리스만 좀 신경써서 주문했어요.배송도 깔끔 마무리 잘 해주셨구요, 새가구라서 냄새가 좀나지만시간이 해결할 거라서 통풍 계속시키고 있어요.감사합니다.",5
14,동서가구 토미 LED 수납 침대 SS,별점,"제가 주문을 조금 촉박하게 해서 결국 이사하고
제가 주문을 조금 촉박하게 해서 결국 이사하고
일주일후에 받았어요.

냄새나서 창문 환기중이고
침대는 아이도 저두 맘에 들어요.
이제 아이들 각자 편하게 재울것같아요.

기사님 친절하시긴한데 배송 시간이 아침에만 가능하시다해서 대략 난감.
급 출근 미루고 받았어요.",4
15,동서가구 토미 LED 수납 침대 SS,별점,"토미침대 맘에쏙들어요
방하고잘어울리는 아카시아색입니다기사님넘친절하시구요 ^^조립도척척해주시구요다만 침대커버 미리말해주셧다면 따로구매하지않고 기사님가져오신방수커버 구매할텐데 아쉬웠어요방수커버구매하실분들은 배송하는날기사님께 말씀하세욤",5
16,동서가구 토미 LED 수납 침대 SS,별점,"...
... 왠만해선 좋은글 남기고 싶지만 그리못하겠네요상품의 질을 떠나 배송사고 발생시 초기 조치도 미흡하고결과도 미흡하고~~~ 기분상하고 배송 약속날짜에 배송사고 났다고 몇일후에 배송한다고 아까운 연차만 쓰게하고 맘 같아서는 어떤식으로라도 보상받고 싶네요!잘 생각하시고 구매하시길 바랍니다~~~",3
17,동서가구 토미 LED 수납 침대 SS,별점,"배송이 한달 걸립니다. 그리고 배송의 대한 응대도 불친절해서 전화받다가 화가 나더군요. 네이버 페이 문의는 대답도 잘 안해주고 관리를 안합니다. 배송이 늦더라도 응대나 대답이라도
배송이 한달 걸립니다. 그리고 배송의 대한 응대도 불친절해서 전화받다가 화가 나더군요. 네이버 페이 문의는 대답도 잘 안해주고 관리를 안합니다. 배송이 늦더라도 응대나 대답이라도 제때 해야 하는 것 아닙니까??? 동서가구 한두번 구매한건 아닌데 이번기회에 손절해고 싶네요.",2
18,동서가구 토미 LED 수납 침대 SS,별점,"침대머리위에 물품두고 충전하는쪽마감처리가 날카로워요 제가 잠버릇이 그렇게심하진 않은데 베개쪽에 손을두고자는 편이에요 아침에 일어나보니 사진처럼 손베임.. 절대 침대로인한 상처입니다
침대머리위에 물품두고 충전하는쪽마감처리가 날카로워요 제가 잠버릇이 그렇게심하진 않은데 베개쪽에 손을두고자는 편이에요 아침에 일어나보니 사진처럼 손베임.. 절대 침대로인한 상처입니다.",2
19,동서가구 토미 LED 수납 침대 SS,별점,"동서가구 침대
시간이 안맞아 거의 한달만에 받았네요..침대는 괜찮네요 등도 있고 콘센트도 있어 휴대폰 충전하기 딱이네요..한샘꺼랑 고민하다 샀는데 매트리스도 짱짱하고수납 공간도 있고 가격대비 만족합니다",4
20,동서가구 토미 LED 수납 침대 SS,별점,"기대했던 만큼 푹신하고, 크기도 딱 적당해요. 그대신 서랍장 쪽 밑 합판이 너무 얇고, 부실하다는 단점이 있어요. 설치 기사님은 빠르고, 친절해서 좋았어요.
기대했던 만큼 푹신하고, 크기도 딱 적당해요. 그대신 서랍장 쪽 밑 합판이 너무 얇고, 부실하다는 단점이 있어요. 설치 기사님은 빠르고, 친절해서 좋았어요.",4
21,동서가구 토미 LED 수납 침대 SS,별점,"10년된 침대를 바꿨습니다. 9존포켓스프링이라는 최신(?) 침대라 아직 몸이 적응을 못하고 있습니다.누워보니 적당히 단단하고 저의 개인 취향엔 맞는것 같습니다.led 등이 머리맡에
10년된 침대를 바꿨습니다. 9존포켓스프링이라는 최신(?) 침대라 아직 몸이 적응을 못하고 있습니다.
누워보니 적당히 단단하고 저의 개인 취향엔 맞는것 같습니다.
led 등이 머리맡에 있어서 눈부실 줄 알았는데 빛도 정당합니다.",5
22,동서가구 토미 LED 수납 침대 SS,별점,"as처리하는데 또 하자ㅡㅡ
사자마자 as처리 신청후 오셨는데 갖고 온 상품이 또 하자돈 쫌 더보태서 좋은거 살걸 후회중입니다 동서가구라 믿고 싼건데 ㅡㅡ",1
23,동서가구 토미 LED 수납 침대 SS,별점,"이사하면서 아이들 방에 들여줬어요.
이사하면서 아이들 방에 들여줬어요.
냄새가 생각보다 심해 환기 시켰는데도 오래가네요.
4일때받았는데 아직도 나요.
그리고 배송을 아침 시간에.ㅠ출근하는데
다른시간데 안된다해서 1시간 늦게 출근했네요.",4
24,동서가구 토미 LED 수납 침대 SS,별점,"제품은 괸찮은 것 같은데 배송시 전기등 선이 없어서 ...
제품은 괸찮은 것 같은데 배송시 전기등 선이 없어서
좀 그렇네요 멀리 가야 하는데 다시 선 연결 아저씨 기다라다
가지도 못하고 불편 했네요",4
25,동서가구 토미 LED 수납 침대 SS,별점,"배송 느린거 감안하고 받아서 괜찮았지만
배송 느린거 감안하고 받아서 괜찮았지만
급하신분들은 주문 안하시는게 좋을거 같아용
침대 맘에 들고용 사진이랑 똑같아용
근뎅 처음에 목재가루가 좀 많아서 마니 닦아줘야해용",4
26,동서가구 토미 LED 수납 침대 SS,별점,"가구 냄새가 너무 심해 머리가 아픔니다사일을 문을 열고 잤어요~매트리스는 딱딱한데 아들이 꿀잠잤다고 하네요
가구 냄새가 너무 심해 머리가 아픔니다
사일을 문을 열고 잤어요~
매트리스는 딱딱한데 아들이 꿀잠잤다고 하네요",2
27,동서가구 토미 LED 수납 침대 SS,별점,"기사님 한분 오셔서 후다닥 해주셨어요~프레임은 괜찮은데 안에 전구가 나갔는지 기사님께서 as신청해주신다구 그러셨어요 매트리스는 위에 라텍스 올렸는데 약간 불안정안 느낌이 드네요
기사님 한분 오셔서 후다닥 해주셨어요~프레임은 괜찮은데 안에 전구가 나갔는지 기사님께서 as신청해주신다구 그러셨어요 매트리스는 위에 라텍스 올렸는데 약간 불안정안 느낌이 드네요",4
28,동서가구 토미 LED 수납 침대 SS,별점,"깔끔하고 예뻐요
저렴한 가격에 잘 구매한 것 같아요 ㅋ매트리스 살짝 크면 좋을 듯 합니다. 한쪽으로 치우치는 듯해서.. 냄새 안나서 넘 좋아요 ~ 서랍도 굿!!",4
29,동서가구 토미 LED 수납 침대 SS,별점,"가격대비 침대는 괜찮은데...배송이 오시는분 스케쥴에 맞춰서오고...그때 안되면 그 다음에 우리동네 근처로 배송올때 온다고하네요~ 시간지정까지는 기대하지 않았지만..기약없이
가격대비 침대는 괜찮은데...배송이 오시는분 스케쥴에 맞춰서오고...그때 안되면 그 다음에 우리동네 근처로 배송올때 온다고하네요~ 시간지정까지는 기대하지 않았지만..기약없이 기다려야한다는게 문제가 있어보이네요~",4
30,동서가구 토미 LED 수납 침대 SS,별점,"첫째때 써보고 두째 위해 사는거라 재구매에요. 무드등도 있고 핸드폰 충전도 할 수 있어서 활용도가 좋아요.
첫째때 써보고 두째 위해 사는거라 재구매에요. 무드등도 있고 핸드폰 충전도 할 수 있어서 활용도가 좋아요.",4
31,동서가구 토미 LED 수납 침대 SS,별점,"적당한 쿠션감 좋네요
딸아이 침대로 구매했는데 깔끔하고 수납까지 할수 있어서 돟아요 매트리스도 적당하게 쿠션감있고 좋네요",4
32,동서가구 토미 LED 수납 침대 SS,별점,"냄새 난다그래서 걱정했는데 냄새 거의 안 나는데요? 나무 냄새가 나긴 하지만 머리아픈 정도는 아니고 환기시키지 않아도 지장 없을 정도의 양호한 수준입니다. 너무 맘에 드네요.
냄새 난다그래서 걱정했는데 냄새 거의 안 나는데요? 나무 냄새가 나긴 하지만 머리아픈 정도는 아니고 환기시키지 않아도 지장 없을 정도의 양호한 수준입니다. 너무 맘에 드네요.",5
33,동서가구 토미 LED 수납 침대 SS,별점,"화이트침대 씸플하고 좋아요
배송도 생각보다 빠르게 받았어요이사가려는 집에 미리 설치해둬서 오늘 와서 봤는데심플하니 괜찮아요",4
34,동서가구 토미 LED 수납 침대 SS,별점,"맘에들어요
수납공간 넓고 LED등이있는 헤드도 맘에들구여 기사님의 휘리릭 설치와 친절하셔서 기분좋게 받았습니다",5
35,동서가구 토미 LED 수납 침대 SS,별점,"동서가구라 믿고 삽니다.
디자인이 비슷 한게. 많더라구요. 여긴동서가구라 ㅇ싣고 삽니다. 일주일된거같은데. 잘쓰고있어요.",5
36,동서가구 토미 LED 수납 침대 SS,별점,"굿굿
할 말도 없고 다 마음에 들었어요. 추천해요. 침때 Q 사이즈도 필요해서 이매장에서 다시 시킬거에요",4
37,동서가구 토미 LED 수납 침대 SS,별점,"대체적으로좋아요. 그런데헤드부분에 시트지가깔큼하게안붙어있고본드자국이지저분해보입니다. 교환이넘오래걸릴것같아고민입니다.
대체적으로좋아요. 그런데헤드부분에 시트지가깔큼하게안붙어있고본드자국이지저분해보입니다. 교환이넘오래걸릴것같아고민입니다.",4
38,동서가구 토미 LED 수납 침대 SS,별점,"월화는 지방배송이래요 그것도 모르고 월요일 지정해놓고 왜 안오나 했습니다. 일단 침대가 이쁩니다 쿠션도 좋고요 ㅎ
월화는 지방배송이래요 그것도 모르고 월요일 지정해놓고 왜 안오나 했습니다. 일단 침대가 이쁩니다 쿠션도 좋고요 ㅎ",5
39,동서가구 토미 LED 수납 침대 SS,별점,"너무 잘 쓰고 있습니다 바퀴만 달린 서랍말도 제대로된 ...
너무 잘 쓰고 있습니다
바퀴만 달린 서랍말도 제대로된 서랍 찾느라 많이 골랐는데 가격도 저렴하고 원하던 상품이에요",5
40,동서가구 토미 LED 수납 침대 SS,별점,"아이가 좋아하고 잘만들었습니다 조그아쉬운점은 엣지부분이 라운드처리가 안되어 있어서 다칠우려가 있긴 하지만 잘쓰고있습니다
아이가 좋아하고 잘만들었습니다 조그아쉬운점은 엣지부분이 라운드처리가 안되어 있어서 다칠우려가 있긴 하지만 잘쓰고있습니다",4
41,동서가구 토미 LED 수납 침대 SS,별점,"가성비 갑^^
이사하면서 아들방 꾸며줬어요 가격은 저렴하지만 디자인이도 이뿌고, 이 가격에 만족합니다^^ 새가구라 냄새조금 나지만 금방 빠져요~",5
42,동서가구 토미 LED 수납 침대 SS,별점,"침대 프레임이 생각했던 것 보다 괜찮았습니다. 매트리스는 9존 독립스프링으로 구입하길 다행이라 생각이 들었을 정도로 평범합니다.
침대 프레임이 생각했던 것 보다 괜찮았습니다. 매트리스는 9존 독립스프링으로 구입하길 다행이라 생각이 들었을 정도로 평범합니다.",4
43,동서가구 토미 LED 수납 침대 SS,별점,"머리판에 led등과 충전할수있는 콘센트가 있어 깔끔하고 편리해요.그리고 하단에 서랍이 있어 수납공간이 좋아 방안이 깔끔해졌어요
머리판에 led등과 충전할수있는 콘센트가 있어 깔끔하고 편리해요.
그리고 하단에 서랍이 있어 수납공간이 좋아 방안이 깔끔해졌어요",5
44,동서가구 토미 LED 수납 침대 SS,별점,"평일 7일만에 받았어요
아직 매트릭스 커버가 안와서 ㅜ 사용은 못하고 있지만 넘 만족해요 아이도 좋아하구요^^",4
45,동서가구 토미 LED 수납 침대 SS,별점,"초 1 딸램사줬는데 너무 좋아하네요~~색깔이 이쁘고 저도 만족합니다. 서랍장도 부드럽게 잘 여닫히고 아주 좋습니다
초 1 딸램사줬는데 너무 좋아하네요~~색깔이 이쁘고 저도 만족합니다. 서랍장도 부드럽게 잘 여닫히고 아주 좋습니다",5
46,동서가구 토미 LED 수납 침대 SS,별점,"제품 추천
생각보다 상품이 고퀄리티!! 거기다가 설치 기사님들도 친절하시고 상품 일주일째 사용중인데 너무 만족스럽네여",5
47,동서가구 토미 LED 수납 침대 SS,별점,"커버와 패드도 따로 주문하여 만족하며 사용 중입니다.수납과 벙커도 마음에 들어요.
커버와 패드도 따로 주문하여 만족하며 사용 중입니다.
수납과 벙커도 마음에 들어요.",5
48,동서가구 토미 LED 수납 침대 SS,별점,"배송빠르고 좋아요
기사님친절하고넘 설치잘해주시고좋았어요그런데서랍장하나가 파손되어서 다시보내주신댔어요그게넘아쉽네요침대는 넘맘에들어요",5
49,동서가구 토미 LED 수납 침대 SS,별점,"한달써보니 좋네요 불도 잘 들어오고 코드가있어서 충전기 꽂아쓰기 편하고 좋아요
한달써보니 좋네요 불도 잘 들어오고 코드가있어서 충전기 꽂아쓰기 편하고 좋아요",5
50,동서가구 토미 LED 수납 침대 SS,별점,"아이가 맘에 들어해요
생각했던거 보다는 빨리 받았고 깔끔하니 좋으네요 우리 아들이 너무 좋아합니다^^",4
51,동서가구 토미 LED 수납 침대 SS,별점,"좋아요~~
사정이 있어서 배송날짜를 미뤘는대도 감사하게도 편의봐주셨어요.침대설치도 잘해주셔서 감사했습니다.",5
52,동서가구 토미 LED 수납 침대 SS,별점,"조아요
딸이 꿀 잠 자요 수납이 넓고 배송비만. 더 안 줬어도 저렴히 샀다구 했을걸 ~~",3
53,동서가구 토미 LED 수납 침대 SS,별점,"중간에 매트 교환껀으로 시간이 좀 걸린 것 말고는 가격...
중간에 매트 교환껀으로 시간이 좀 걸린 것 말고는 가격대비 물건 괜찮습니다",4
54,동서가구 토미 LED 수납 침대 SS,별점,"배송 맘에 들어요
어떤침구류에도 잘어울려요!전문가가 설치해주시니까 빨리 끝나서 완벽요!",5
55,동서가구 토미 LED 수납 침대 SS,별점,"첫째때 사서 써보고 둘째 독립해서 또샀습니다. 사이즈 딱 좋고 스탠드랑 핸드폰 충전도 가능해서 좋아요.
첫째때 사서 써보고 둘째 독립해서 또샀습니다. 사이즈 딱 좋고 스탠드랑 핸드폰 충전도 가능해서 좋아요.",5
56,동서가구 토미 LED 수납 침대 SS,별점,"사이즈도적당하고 매트리스도 좋아요 가격대비 디자인도 맘...
사이즈도적당하고 매트리스도 좋아요 가격대비 디자인도 맘에 들어요",4
57,동서가구 토미 LED 수납 침대 SS,별점,"가격대비 만족스러웠던 제품이고 성인남자가 쓰기에도 무리 없네요
가격대비 만족스러웠던 제품이고 성인남자가 쓰기에도 무리 없네요",5
58,동서가구 토미 LED 수납 침대 SS,별점,"굿👍
정말 사길 잘 한것같아요. 디자인도 이쁘고 깔끔한게 넘 맘에들어요.배송도빠르고가성비도 좋아요",5
59,동서가구 토미 LED 수납 침대 SS,별점,"배송은 일주일 걸렸지만 침대는 예상했던것보다 훨씬 맘에 들어요
배송은 일주일 걸렸지만 침대는 예상했던것보다 훨씬 맘에 들어요",4
60,동서가구 토미 LED 수납 침대 SS,별점,"가격대비 훌륭하네요!매트리스도 좋구요!침대 디자인도 굿입니다!
가격대비 훌륭하네요!
매트리스도 좋구요!침대 디자인도 굿입니다!",5
61,동서가구 토미 LED 수납 침대 SS,별점,"굿
배송시간도맞춰주시고 설지도간단하고 아이가 마음에들어합니다",5
62,동서가구 토미 LED 수납 침대 SS,별점,"제품 좋아요. 엘리베이터 없는 3층이라 배송비 3만원추...
제품 좋아요.
엘리베이터 없는 3층이라 배송비 3만원추가 되네요.",4
63,동서가구 토미 LED 수납 침대 SS,별점,"딸 아이가 잘 사용하고 있습니다
아들들도 사 달라 떼...
딸 아이가 잘 사용하고 있습니다
아들들도 사 달라 떼를 쓰네요",5
64,동서가구 토미 LED 수납 침대 SS,별점,"수납침대
고민 많이하다 구매했습니다 후회없네요~수납도 넉넉하고요~^^",5
65,동서가구 토미 LED 수납 침대 SS,별점,"가격대비 보통입니다
침대 높이가 낮아요 그래서 그런지 타 제품 대비 수납 공간도 안 나오고 딱 가격 대비 딱 그 품질입니다",3
66,동서가구 토미 LED 수납 침대 SS,별점,"배송 시간안맞았는데조율잘해주셔서 깔끔히 설치 해주셨어요침대 이뿌네요잘쓰겠습니다~
배송 시간안맞았는데
조율잘해주셔서 깔끔히 설치 해주셨어요
침대 이뿌네요
잘쓰겠습니다~",5
67,동서가구 토미 LED 수납 침대 SS,별점,"배송느림
저렴히구입한건있지만 냄새가 없어지질 않아요 ㅠ이쁘긴한데",4
68,동서가구 토미 LED 수납 침대 SS,별점,"찍힘이 있었으나 잘 교환해주시고 침대실물도 넘 맘에 드...
찍힘이 있었으나 잘 교환해주시고 침대실물도 넘 맘에 드네요",5
69,동서가구 토미 LED 수납 침대 SS,별점,"냄새가 좀
저렴히구입한건있지만 냄새가 없어지질 않아요 ㅠ이쁘긴한데",4
70,동서가구 토미 LED 수납 침대 SS,별점,"토미 SS침대
주말빼보 10일만에 배송 되었어요.배송기사분 두분중 한분은 기분 나쁘게 행동하셨어요.침대 조립하다가 헤드부분끝에 찍혀서 튀어 나오게 하시구.냄새가 좀 나지만 상품은 만족합니다~",4
71,동서가구 토미 LED 수납 침대 SS,별점,"잘 받았습니다. 코로나 자가격리로 일정 조정이 불가피했는데 잘 맞춰주셨어요. 감사합니다 :)
잘 받았습니다. 코로나 자가격리로 일정 조정이 불가피했는데 잘 맞춰주셨어요. 감사합니다 :)",5
72,동서가구 토미 LED 수납 침대 SS,별점,"싼가격에 그냥 쓸만하듯 마무리는 저가라 그런지 미흡하네...
싼가격에 그냥 쓸만하듯
마무리는 저가라 그런지 미흡하네요",4
73,동서가구 토미 LED 수납 침대 SS,별점,"한달동안 잘사용중이에요.전기 콘센트도 전기잘연결되고 헤드부분 수납공간도 좋으네요 :)
한달동안 잘사용중이에요.
전기 콘센트도 전기잘연결되고 헤드부분 수납공간도 좋으네요 :)",5
74,동서가구 토미 LED 수납 침대 SS,별점,"가성비는 좋으나~
가성비는 좋으나 다소 헤드 부분에서의 냄새가 오래가네요.",3
75,동서가구 토미 LED 수납 침대 SS,별점,"잘 받았어요
아이방에 침대 놨어요디자인 맘에 들고 서랍도 있고 좋아요",4
76,동서가구 토미 LED 수납 침대 SS,별점,"대체로 괜찮은데,매트리스를 다음번엔 좋은거 사야겠어요.
대체로 괜찮은데,매트리스를 다음번엔 좋은거 사야겠어요.",4
77,동서가구 토미 LED 수납 침대 SS,별점,"매트리스가 딱 좋을 정도로 푹신해서 정말 마음에 듭니다.
매트리스가 딱 좋을 정도로 푹신해서 정말 마음에 듭니다.",5
78,동서가구 토미 LED 수납 침대 SS,별점,"LED수납침대 수퍼싱글 오크
9존 독립스프링 주문했어여.잘쓸께여.수납공간있어좋아여",5
79,동서가구 토미 LED 수납 침대 SS,별점,"서랍 내부에 스크레치가 좀 있긴 한데 대체로 만족합니다
서랍 내부에 스크레치가 좀 있긴 한데 대체로 만족합니다",5
80,동서가구 토미 LED 수납 침대 SS,별점,"디자인 좋아요
침대 디자인이 좋네요.매트리스 쿠션도 적당하고 좋아요",5
81,동서가구 토미 LED 수납 침대 SS,별점,"led 있어서 더 좋은것같아요
가격이 너무착해서 완전 맘에 들구요 수납서랍칸도 유용하고 뭐하나 빠짐없이 맘에 들어요",5
82,동서가구 토미 LED 수납 침대 SS,별점,"수납공간이 생각보다 넓고 기사님이 친절하셔서 좋아요
수납공간이 생각보다 넓고 기사님이 친절하셔서 좋아요",5
83,동서가구 토미 LED 수납 침대 SS,별점,"친절하게 설치해주시고 가셨습니다. 푹신하고 튼튼하고, 세련된 느낌이라 마음에 들어요
친절하게 설치해주시고 가셨습니다. 푹신하고 튼튼하고, 세련된 느낌이라 마음에 들어요",5
84,동서가구 토미 LED 수납 침대 SS,별점,"만족합니다
전날 6시넘어서 전화주시고 약속한 시간내에 오셔서 뚝딱 설치해주시고 가셨어요예쁘고 깔끔하니 넘 조아요^^",5
85,동서가구 토미 LED 수납 침대 SS,별점,"프레임은 탄탄하고 매트릭스도 무너짐 없이 잘 사용하고 있습니다. 자취방에 적격이예요.
프레임은 탄탄하고 매트릭스도 무너짐 없이 잘 사용하고 있습니다. 자취방에 적격이예요.",5
86,동서가구 토미 LED 수납 침대 SS,별점,"이만한 가격에 나쁘지는 않은데 매트리스이쉽네요. 나중에...
이만한 가격에 나쁘지는 않은데 매트리스이쉽네요. 나중에 좋은걸로 바꿔야 할것 같네요.",4
87,동서가구 토미 LED 수납 침대 SS,별점,"조아요 생각보다빨리 받았어요 선물용으로 보냈습니다
조아요 생각보다빨리 받았어요
선물용으로 보냈습니다",3
88,동서가구 토미 LED 수납 침대 SS,별점,"딱딱해서자는데손가락다침(머리맡)몸부림심하면조심
딱딱해서자는데손가락다침(머리맡)몸부림심하면조심",5
89,동서가구 토미 LED 수납 침대 SS,별점,"이서를 해서 새로 장만했는데 정말 만족스럽습니다!
이서를 해서 새로 장만했는데 정말 만족스럽습니다!",5
90,동서가구 토미 LED 수납 침대 SS,별점,"잘받았읍니다
깔끔하게 잘ㅈ니리된것같고 잠자리가 편안합닏ᆢ",4
91,동서가구 토미 LED 수납 침대 SS,별점,"화면에서 보던 그대로입니다. 깔끔하고 예뻐요. 냄새가 나서 환기는 시켜줘야합니다..
화면에서 보던 그대로입니다. 깔끔하고 예뻐요. 냄새가 나서 환기는 시켜줘야합니다..",5
92,동서가구 토미 LED 수납 침대 SS,별점,"주문하고 몇주 걸릴수도 있다고해서 이사가면 바닥생활을 해야하는구나.. 각오했는데요ㅎㅎ이사하고 하루만에 배송받았습니다^^백색이라 너무 쨍~하려나 걱정됬었는데편안한느낌?의 백색이라서
주문하고 몇주 걸릴수도 있다고해서
이사가면 바닥생활을 해야하는구나.. 각오했는데요ㅎㅎ
이사하고 하루만에 배송받았습니다^^
백색이라 너무 쨍~하려나 걱정됬었는데
편안한느낌?의 백색이라서 자연스럽고 좋네요",5
93,동서가구 토미 LED 수납 침대 SS,별점,"깔끔하고 이쁘네요배송도많이느찌않아좋았어요
깔끔하고 이쁘네요배송도많이느찌않아좋았어요",5
94,동서가구 토미 LED 수납 침대 SS,별점,"디자인도 좋고,독서등이 있어서 마음에 듭니다.
디자인도 좋고,독서등이 있어서 마음에 듭니다.",4
95,동서가구 토미 LED 수납 침대 SS,별점,"가격대비 가성비짱 디지인 예쁘고 애들이 굿굿
가격대비 가성비짱 디지인 예쁘고 애들이 굿굿",5
96,동서가구 토미 LED 수납 침대 SS,별점,"배송만좀더빠르면 좋겠쥬?
배송이 다소 늦지만 상품은 깔끔하고 좋습니다",5
97,동서가구 토미 LED 수납 침대 SS,별점,"생각보다 일찍 도착했고 침대 깔끔하고 좋아요
생각보다 일찍 도착했고
침대 깔끔하고 좋아요",5
98,동서가구 토미 LED 수납 침대 SS,별점,"저렴하게 구매했어요~~
저렴하게 구매했어요~~가격대비 만족해요~~~~!",4
99,동서가구 토미 LED 수납 침대 SS,별점,"제품은 마음에 들어요
제품은 마음에 들어요 배송이 좀 많이 느려요",5
100,동서가구 토미 LED 수납 침대 SS,별점,"화이트보다 메이플이 훨씬 더 고급스럽네요
화이트보다 메이플이 훨씬 더 고급스럽네요",4
101,동서가구 토미 LED 수납 침대 SS,별점,"괜찮아요
설치해주시는분도 정말 친절하시고 설치도 깔끔하게 해주셔서 너무 감사드려요~침대도 마음에 들어요",5
102,동서가구 토미 LED 수납 침대 SS,별점,"강추
아이가 넘 좋아합니다.감사해요.잘 쓸께요.",5
103,동서가구 토미 LED 수납 침대 SS,별점,"중학교 올라가는 딸아이가많이 좋아하네요
중학교 올라가는 딸아이가
많이 좋아하네요",5
104,동서가구 토미 LED 수납 침대 SS,별점,"수납공간에서 가구냄새가 나서 좀 그런거 제외하고는 아주 잘 사용하고 있습니다!!
수납공간에서 가구냄새가 나서 좀 그런거 제외하고는 아주 잘 사용하고 있습니다!!",5
105,동서가구 토미 LED 수납 침대 SS,별점,"아주좋아요 ~~
매우좋아요 배송 품질 모두 마음에 듭니다",5
106,동서가구 토미 LED 수납 침대 SS,별점,"배송은 많이 늦었지만 제품은 만족합니다.
배송은 많이 늦었지만 제품은 만족합니다.",5
107,동서가구 토미 LED 수납 침대 SS,별점,"동서가구 침대
저렴하고 실용적이네요
굿~~~
동서가구 침대
저렴하고 실용적이네요
굿~~~",5
108,동서가구 토미 LED 수납 침대 SS,별점,"아이방
높이가 좀 낮아 그 만큼 서랍이 좀 작아요",5
109,동서가구 토미 LED 수납 침대 SS,별점,"매장보다 반값으로 구입햇어요. 만족해요
매장보다 반값으로 구입햇어요. 만족해요",5
110,동서가구 토미 LED 수납 침대 SS,별점,"좋은 상품 싸고 친절하게 잘 받았습니다.
좋은 상품 싸고 친절하게 잘 받았습니다.",5
111,동서가구 토미 LED 수납 침대 SS,별점,"만족합니다
저렴한 가격에 만족스런 침대를 샀네요",5
112,동서가구 토미 LED 수납 침대 SS,별점,"아이방에 사용하고 있어요 맘에 듭니다
아이방에 사용하고 있어요 맘에 듭니다",5
113,동서가구 토미 LED 수납 침대 SS,별점,"잘 받았어요. 배송비가 너무 비싸네요
잘 받았어요. 배송비가 너무 비싸네요",3
114,동서가구 토미 LED 수납 침대 SS,별점,"좋아요~~
좋으네요 아이감 무척 좋아합니다~~^^",5
115,동서가구 토미 LED 수납 침대 SS,별점,"좋아요!!
깔끔하고 색상도 좋습니다 만족해요",5
116,동서가구 토미 LED 수납 침대 SS,별점,"잘샀어요
수납공간도 많고 좋네요 번창하세요",5
117,동서가구 토미 LED 수납 침대 SS,별점,"모던하고 좋네요
모던하고 좋네요 배송도 빷랐어요",4
118,동서가구 토미 LED 수납 침대 SS,별점,"제리 퀸 침대
냄새가 좀 나지만 상품 만족합니다.",5
119,동서가구 토미 LED 수납 침대 SS,별점,"배송 기간이 오래 걸린거 빼고는 굿
배송 기간이 오래 걸린거 빼고는 굿",4
120,동서가구 토미 LED 수납 침대 SS,별점,"후기가 늦었네요 잘사용하고있ㅇ요
후기가 늦었네요 잘사용하고있ㅇ요",5
121,동서가구 토미 LED 수납 침대 SS,별점,"화이트색상 너무 깨끗하고 좋네요..
화이트색상 너무 깨끗하고 좋네요..",5
122,동서가구 토미 LED 수납 침대 SS,별점,"물건은 좋은데 냄새가 오래 가네요.
물건은 좋은데 냄새가 오래 가네요.",5
123,동서가구 토미 LED 수납 침대 SS,별점,"좋아요 좋아요
배송은 느렸으나 아이가넘좋아해요",4
124,동서가구 토미 LED 수납 침대 SS,별점,"생각보다 마음에 듭니다! 튼하구요
생각보다 마음에 듭니다! 튼하구요",5
125,동서가구 토미 LED 수납 침대 SS,별점,"너무편하게 잘사용하고있습니다~
너무편하게 잘사용하고있습니다~",5
126,동서가구 토미 LED 수납 침대 SS,별점,"배송도 생각 보다 빠르고 좋네요
배송도 생각 보다 빠르고 좋네요",5
127,동서가구 토미 LED 수납 침대 SS,별점,"맘에 들어요.
침대도 괞찮고 배송도 좋았어요.",5
128,동서가구 토미 LED 수납 침대 SS,별점,"좋아요
아들방 침대 바꿔줬는데 좋네요",5
129,동서가구 토미 LED 수납 침대 SS,별점,"아들이 좋아합니다
기사님도 친절하시고 깔끔하니 괜찮아요~~~
특히 아들이 좋아해서 더 좋습니다
많이 파세요~~~[G마켓 안드로이드 앱에서 작성]",5
130,동서가구 토미 LED 수납 침대 SS,별점,"배송이 너무 빨랐고 맘에듭니다. 다만 냄새는 좀 있고 ...
배송이 너무 빨랐고 맘에듭니다.
다만 냄새는 좀 있고 가성비 좋은 제품입니다",4
131,동서가구 토미 LED 수납 침대 SS,별점,"딱 맞는 사이즈 너무 좋은데요,
딱 맞는 사이즈 너무 좋은데요,",3
132,동서가구 토미 LED 수납 침대 SS,별점,"만족합니다
만족합니다 사이즈도 크네요",5
133,동서가구 토미 LED 수납 침대 SS,별점,"잘 설치해주셔서 감사합니다~
잘 설치해주셔서 감사합니다~",5
134,동서가구 토미 LED 수납 침대 SS,별점,"잘 받았습니다
원하는 날짜에 잘 받았습니다",5
135,동서가구 토미 LED 수납 침대 SS,별점,"애가 좋아하고 잘쓰고 있어요
애가 좋아하고 잘쓰고 있어요",4
136,동서가구 토미 LED 수납 침대 SS,별점,"아주 만족스러운 침대입니다.
아주 만족스러운 침대입니다.",5
137,동서가구 토미 LED 수납 침대 SS,별점,"좋아요
좋아요 튼튼해요 수납죽여요",4
138,동서가구 토미 LED 수납 침대 SS,별점,"쓸만해요 배송이 너무느려요
쓸만해요
배송이 너무느려요",4
139,동서가구 토미 LED 수납 침대 SS,별점,"디자인도 배송도다좋앗어오
디자인도 배송도다좋앗어오",5
140,동서가구 토미 LED 수납 침대 SS,별점,"아주 맘에 들어요!아이도 좋아하고
가성비짱요.충분히만족요!",5
141,동서가구 토미 LED 수납 침대 SS,별점,"잘쓸께요 아이가 좋아해요
잘쓸께요 아이가 좋아해요",4
142,동서가구 토미 LED 수납 침대 SS,별점,"가격대비 매우 만족합니다
가격대비 매우 만족합니다",5
143,동서가구 토미 LED 수납 침대 SS,별점,"가격대비 가성비 최고 입니다 디자인 메트리스 쿠션도 좋...
가격대비 가성비 최고 입니다 디자인 메트리스 쿠션도 좋구요 추천추천",5
144,동서가구 토미 LED 수납 침대 SS,별점,"동서가구 침대 매트리스
동서가구 침대 매트리스",3
145,동서가구 토미 LED 수납 침대 SS,별점,"가성비조아요
저렴하게 잘산거 같아요",5
146,동서가구 토미 LED 수납 침대 SS,별점,"빠른 배송 설치 좋아요.
빠른 배송 설치 좋아요.",5
147,동서가구 토미 LED 수납 침대 SS,별점,"상품 품질이 괜찮아요..
상품 품질이 괜찮아요..",5
148,동서가구 토미 LED 수납 침대 SS,별점,"어머니가 좋아하시네요
어머니가 좋아하시네요",4
149,동서가구 토미 LED 수납 침대 SS,별점,"딸아이가 좋아하네요..
딸아이가 좋아하네요..",4
150,동서가구 토미 LED 수납 침대 SS,별점,"색상도 배송도 좋아요
색상도 배송도 좋아요",4
151,동서가구 토미 LED 수납 침대 SS,별점,"배송빠르고 좋습니다.
배송빠르고 좋습니다.",5
152,동서가구 토미 LED 수납 침대 SS,별점,"상품 예쁘고 튼튼해요. 배송기사님 친절하셨구요. 단지 냄새는 일주일이 지났는데도 아직 나네요. 조명과 서랍이 유용합니다. 추...
상품 예쁘고 튼튼해요. 배송기사님 친절하셨구요. 단지 냄새는 일주일이 지났는데도 아직 나네요. 조명과 서랍이 유용합니다. 추천해요.",5
153,동서가구 토미 LED 수납 침대 SS,별점,"가격착하고 괜찮아요
가격착하고 괜찮아요",4
154,동서가구 토미 LED 수납 침대 SS,별점,"침대
설치 잘 했습니다.....",5
155,동서가구 토미 LED 수납 침대 SS,별점,"생각보다빨리왔어요~
생각보다빨리왔어요~",5
156,동서가구 토미 LED 수납 침대 SS,별점,"가격 만큼입니다
가격 만큼 입니다.기사님은 친절하시구요.헤드 뒷면이 비어 있습니다.",4
157,동서가구 토미 LED 수납 침대 SS,별점,"아주만족합니다~ 설치해주시는부도 친절하고 너무좋았어요~ 잘사용하고있습니다~
아주만족합니다~ 설치해주시는부도 친절하고 너무좋았어요~ 잘사용하고있습니다~",5
158,동서가구 토미 LED 수납 침대 SS,별점,"심플하니 좋아요.
심플하니 좋아요.",4
159,동서가구 토미 LED 수납 침대 SS,별점,"딸이 좋아하네요
딸이 좋아하네요",4
160,동서가구 토미 LED 수납 침대 SS,별점,"애들사용 만족함
애들사용 만족함",4
161,동서가구 토미 LED 수납 침대 SS,별점,"가성비 좋아요~
가성비 좋아요~",5
162,동서가구 토미 LED 수납 침대 SS,별점,"잘받았습니다. 시중에서 판매되는 것보다 아주 저렴하게 ...
잘받았습니다. 시중에서 판매되는 것보다 아주 저렴하게 잘 구매했습니다.
수고하세요.",5
163,동서가구 토미 LED 수납 침대 SS,별점,"잘 받았어요
지방인데 주문한지 10일만에 받았어요전날 전화를 받았지만 토요일 아침8시전에오셔서 설치대전에서 새벽에 출발하셨데요감사합니다생애 첫 침대 아들이 좋아라 합니다",4
164,동서가구 토미 LED 수납 침대 SS,별점,"아주좋아요
아주좋아요",5
165,동서가구 토미 LED 수납 침대 SS,별점,"배송 약 10일정도 걸렸어요! 수납공간 넉넉하고 기사님도 친절하세요;) 매트리스도 흔들림 없이 좋습니다
배송 약 10일정도 걸렸어요!
수납공간 넉넉하고 기사님도 친절하세요;)
매트리스도 흔들림 없이 좋습니다",5
166,동서가구 토미 LED 수납 침대 SS,별점,"좋습니다!
좋습니다!",5
167,동서가구 토미 LED 수납 침대 SS,별점,"불도 들어오기 화이트색상에 깔끔해서 아이도 맘에 들어해...
불도 들어오기 화이트색상에 깔끔해서 아이도 맘에 들어해요~",5
168,동서가구 토미 LED 수납 침대 SS,별점,"참좋아요
참좋아요",5
169,동서가구 토미 LED 수납 침대 SS,별점,"슈퍼싱글 침대 $ 9존 매트리스
프레임도 매끈하고 수납장과 더불어 9존 매트리스도 아주 좋습니다잘 쓰겠습니다~^^",5
170,동서가구 토미 LED 수납 침대 SS,별점,"좋네요
좋네요",5
171,동서가구 토미 LED 수납 침대 SS,별점,"보통이에요
배송시간은 영 마음에 안들지만 기사분 친절하시고 내구성도 생각보다 좋을듯 매트리스는 딱딱해요",3
172,동서가구 토미 LED 수납 침대 SS,별점,"맘에쏙드는침대
초5학년인 아들이사용할 침대라서 고르고골라 겟한 동서가구 침대넘좋아요 수납도넉넉하구요 배송기사님 친절하셧구요넘감사해요",5
173,동서가구 토미 LED 수납 침대 SS,별점,"음.. 모서리부분이 깔끔하지 못하고, 한참 후에 보니 ...
음.. 모서리부분이 깔끔하지 못하고, 한참 후에 보니 해드부분이 약간 깨져있어요..",3
174,동서가구 토미 LED 수납 침대 SS,별점,"괜찮네요
배송은 조금 걸렸지만 제품은 괜찮네요 가성비 괜찮아요",4
175,동서가구 토미 LED 수납 침대 SS,별점,"조명도 있고 충전도 가능하고 아주 편리하고 좋네요
조명도 있고 충전도 가능하고 아주 편리하고 좋네요",5
176,동서가구 토미 LED 수납 침대 SS,별점,"좋습니다가격대비 정말 괜찮은 제품입니다
좋습니다
가격대비 정말 괜찮은 제품입니다",5
177,동서가구 토미 LED 수납 침대 SS,별점,"가격대비 괜찮은거 같아요높이는 좀 낮은거 같아서 합판 두께가 얇아서 그런거 같은데
가격대비 괜찮은거 같아요
높이는 좀 낮은거 같아서 합판 두께가 얇아서 그런거 같은데",3
178,동서가구 토미 LED 수납 침대 SS,별점,"좋습니다. 하나더 구매할까 생각중입니다.
좋습니다. 하나더 구매할까 생각중입니다.",5
179,동서가구 토미 LED 수납 침대 SS,별점,"침대 너무 편하구 좋아요
침대 촣아요,매트리스도 너무 좋아요,요즘 꿀잠",5
180,동서가구 토미 LED 수납 침대 SS,별점,"배송도 빠르고 기사님 친절하시네요 가격대비 괜찮은것같아요
배송도 빠르고 기사님 친절하시네요 가격대비 괜찮은것같아요",4
181,동서가구 토미 LED 수납 침대 SS,별점,"감사합니다
배송감사합니다 아직 새집이라 방을 채우면 더 이쁠꺼같아요",5
182,동서가구 토미 LED 수납 침대 SS,별점,"배송도 늦지않게 보내주시고, 설치기사님도 친절하셨어요^^
배송도 늦지않게 보내주시고, 설치기사님도 친절하셨어요^^",5
183,동서가구 토미 LED 수납 침대 SS,별점,"잘받았어요
배송 느려서 기다리다 지쳤네요. 매드리트가 상당히 소프트하네요.문안하네요.",3
184,동서가구 토미 LED 수납 침대 SS,별점,"아들이 좋아하네요 매트리스는 딱딱하네요 엘베없어서 배...
아들이 좋아하네요 매트리스는 딱딱하네요
엘베없어서 배송비가 넘 비싸네요",4
185,동서가구 토미 LED 수납 침대 SS,별점,"침대 좋고 편안하네요. 4층이라 배송비가 비싸서 ㅠㅠ
침대 좋고 편안하네요. 4층이라 배송비가 비싸서 ㅠㅠ",5
186,동서가구 토미 LED 수납 침대 SS,별점,"배송지정일 준수와 친절한 설치...무엇보다 가성비가 우수합니다~대박나시기 바랍니다^^
배송지정일 준수와 친절한 설치...무엇보다 가성비가 우수합니다~
대박나시기 바랍니다^^",5
187,동서가구 토미 LED 수납 침대 SS,별점,"이뻐요
설치기사님 친절하세요.배송도 완전 빠름~~이뻐요 ^^",5
188,동서가구 토미 LED 수납 침대 SS,별점,"마감이 조금 거칠고 메이플색상 시트지가 색상이 군일하지 못하지만 친절하고 빠르게 배송되어서 좋습니다.
마감이 조금 거칠고 메이플색상 시트지가 색상이 군일하지 못하지만 친절하고 빠르게 배송되어서 좋습니다.",5
189,동서가구 토미 LED 수납 침대 SS,별점,"지방 배송 6일만에 제품 받음 제품짱 이고 기사님 친...
지방 배송 6일만에 제품 받음
제품짱 이고 기사님 친절 하시고
구매 계획인분들 추천 이요",5
190,동서가구 토미 LED 수납 침대 SS,별점,"배송이 좀 오래걸리고 배송기사님이 약속시간보다 3-4...
배송이 좀 오래걸리고
배송기사님이 약속시간보다 3-40분 늦게 오신게
좀 아쉽긴 하지만
침대는 튼튼해보이고 좋네요ㅎㅎㅎ
생각보다 나무 냄새도 덜 나구요",4
191,동서가구 토미 LED 수납 침대 SS,별점,"8/6에 주문을 우여곡절끝에 8/22에 배송을 받았습니...
8/6에 주문을 우여곡절끝에 8/22에 배송을 받았습니다. 제품은 가성비로 치면 쏘쏘합니다만
동서가구 업무처리시스템은 문제가 많네요.
과정마다 삐걱거리고 지금도 배송이 끝난 상품이 배송진행중인거로 나와있네요.",3
192,동서가구 토미 LED 수납 침대 SS,별점,"냄새가 너무 심해요
디자인은 맘에 들어요 배송기사님도 친절하구요 하지만 창문을 계속 열어놔도 냄새가 안빠져서 머리아파죽겠어요ㅜㅜ",3
193,동서가구 토미 LED 수납 침대 SS,별점,"좋아요
상품 색상 크기 다 만족합니다. 배송설치하시분 친절히 잘 해주시고 가셨습니다",5
194,동서가구 토미 LED 수납 침대 SS,별점,"침대 깔끔하니 크기도 적당하니 좋아요 서랍수납공간도 있...
침대 깔끔하니 크기도 적당하니 좋아요 서랍수납공간도 있고 LED 은은하니 좋아요",4
195,동서가구 토미 LED 수납 침대 SS,별점,"친절한 배송 감사합니다. 근데 연락없이 며칠 기다리는 ...
친절한 배송 감사합니다. 근데 연락없이 며칠 기다리는 시간이 답답했네요^^;;",5
196,동서가구 토미 LED 수납 침대 SS,별점,"빠른배송 감사합니다.
빠른배송 감사합니다.",5
197,동서가구 토미 LED 수납 침대 SS,별점,"좋아요
매트리스가 탄탄하고 좋네요 ㆍ프레임도 마감도 깔끔하고 좋아요ㆍ냄새는 좀 나네요",4
198,동서가구 토미 LED 수납 침대 SS,별점,"배송기사님이 친절하고 튼튼하게 조립해주셨네요. 감사합니다
배송기사님이 친절하고 튼튼하게 조립해주셨네요. 감사합니다",4
199,동서가구 토미 LED 수납 침대 SS,별점,"생각보다 빨리 배송 되었구요 침대도 좋아요 새제품이라 ...
생각보다 빨리 배송 되었구요 침대도 좋아요 새제품이라 프레임 나무 냄새는 좀 나네요~친철하게 배송 설치 해주셨고 지방이라 배송비는 비싸네요 ㅋ",4
200,동서가구 토미 LED 수납 침대 SS,별점,"좋아요!
좋은 가격에 좋은 침대!",5
201,동서가구 토미 LED 수납 침대 SS,별점,"적극추천
침대 편안합니다 적극추천 적극추천합니다",5
202,동서가구 토미 LED 수납 침대 SS,별점,"조아요 아주 조아요
조아요 아주 조아요",5
203,동서가구 토미 LED 수납 침대 SS,별점,"sdfsadfa
fsadfsadfafas",5
