﻿,type,category,review,star
1,동서가구 세렌 편백선반 LED 평상형 수납침대 Q,별점,"보통이에요
저렴한 가격으로 Q사이즈 침대를 구매해 좋았는데, 헤드 밑부분 (하필 보이는 곳) 과 상판 둘레 모서리에 조금씩 찌그러지고 그런 부분은 데코시트가 떨어졌어요. 그리고 헤드부분 편백나무도 마감처리 샌딩질이 제대로 되지 않아 까슬한 부분이 있고요. 서랍은 바퀴가 장판 위를 이용해 움직이고 안에 옷을 넣어보니 조금만 서랍 위로 부풀어도 사각파이프 프레임에 걸려 열기가 불편하네요. 무엇보다 옵션가를 더 주고 케미컬폼 매트리스로 구입했는데 어디에도 케미컬폼인지 알수있는 표기도 없고 지퍼를 열어 확인하려고 해도 부직포로 전체가 쌓여있어 촉감만으로는 메모리폼이 있는건지 모르겠네요. 그리고 괜히 매트리스 자체에 동서가구 스티커를 2개나 붙여 표면에 붙은 본드 제거하기가 찝찝했어요.",3
2,동서가구 세렌 편백선반 LED 평상형 수납침대 Q,별점,"디자인은 이뻐요 그런데 얼마못가 부서질것 같아요 매트리스 밑에 깔려있는 나무 통판이 약간 어긋나있길래...
디자인은 이뻐요 그런데 얼마못가 부서질것 같아요 매트리스 밑에 깔려있는 나무 통판이 약간 어긋나있길래 무릎으로 살짝 밀었더니 매트랑 통판이 뒤로 훅 밀려요...통판이 위아래 두개로 되어있는데 일부러 그랬는지 딱 고정되지않고 잘 밀려요..뒤집어보니 밀리지말라고 동그란 혹같은게 잇는데 그러네요 침대 앉을때 살살 앉고 합니다 ㅠ.ㅠ 통판이 두꺼워서 튼튼한줄 알았더니 침대 직사각형 프레임위에 그냥 나무 통판 2개가 따로 얹혀있는것 같아요 반품만된다면 새로 사고싶네요",1
3,동서가구 세렌 편백선반 LED 평상형 수납침대 Q,별점,"배송 일주일 정도 걸린 것 같아요 서울경기면 워킹데이 기준 5~10일 소요된다는데 한 7일 걸린 듯 나쁘지않았어요! 문의 응답도 빨랐구요오빠가 쓸 걸 대신 주문해준건데 배송 연락
배송 일주일 정도 걸린 것 같아요 서울경기면 워킹데이 기준 5~10일 소요된다는데 한 7일 걸린 듯 나쁘지않았어요! 문의 응답도 빨랐구요
오빠가 쓸 걸 대신 주문해준건데 배송 연락 받았을 때 엘리베이터에 매트리스 안 들어가면 도와줄 사람 있어야한다고 남자 분 있는 날로 배송날짜 확정해달라고 하셔서 당황했어요 남자 지인없고 혼자 사는 사람은 못 받나요,, 퀸이라서 혼자 들고 올라올 수 없다고 하셨는데 다행히 그 날 집에 오빠가 있을 예정이었고 엘리베이터에 들어가서 별 일 없었어요 다만 이런 부분에 대해 미리 공지나 안내가 진행되면 좋을 것 같아요
제품은 전반적으로 무난하고 기사님도 빠르고 친절하게 설치 해주셔서 만족스럽습니다~",5
4,동서가구 세렌 편백선반 LED 평상형 수납침대 Q,별점,"일주일정도 지났는데 아직 냄새가 좀나요~ 환기시키고 있어요 매트리스는 생각보다 좋네요~ 너무 푹신하지도 딱딱하지도 않고 테두리부분이 조금 더 딴딴했으면 좋겠다는 생각을 했구요 다만
일주일정도 지났는데 아직 냄새가 좀나요~ 환기시키고 있어요 매트리스는 생각보다 좋네요~ 너무 푹신하지도 딱딱하지도 않고 테두리부분이 조금 더 딴딴했으면 좋겠다는 생각을 했구요 다만 통깔판이 좀 허술해요 지지대가 십자가 모양으로 플라스틱인데 2개 들어가더라구요 잘 버틸수있겠죠? 아무튼 가격대비 제품은 만족합니다~ 수면의 질이 높아졌어요 아 그리고 배송도 빨랐고 기사님도 친절하셨어요~",4
5,동서가구 세렌 편백선반 LED 평상형 수납침대 Q,별점,"매트리스 정말 푹신하고 넓어서 좋아요!! 게다가 부들부들함 굿굿다만 아쉬운 건 침대 헤드 led 단계별 조정이 있으면 하는 거.. 생각보다 밝아서 밤에 키고 있다가 딱 끄면 확 어
매트리스 정말 푹신하고 넓어서 좋아요!! 게다가 부들부들함 굿굿
다만 아쉬운 건 침대 헤드 led 단계별 조정이 있으면 하는 거.. 생각보다 밝아서 밤에 키고 있다가 딱 끄면 확 어두워지는 느낌ㅋㅋ 밝은 거 좋아하시면 추천해요 저는 무드등같이 은은한 걸 생각해서 좀 아쉽긴 했어여ㅠ
맨날 꿀잠자요 넓고 푹신 부들해서 좋아요",5
6,동서가구 세렌 편백선반 LED 평상형 수납침대 Q,별점,"배달에서 설치까지 다 좋았습니다. 그런데 9존독립이라고 기대를 많이 했는데 발쪽은 쿠션이 너무 푹신해서 아쉽네요.. 저는 휠체어 환자라서 단단한 매트리스를 생각했는데 그렇지 않아서
배달에서 설치까지 다 좋았습니다.
그런데 9존독립이라고 기대를 많이 했는데 발쪽은 쿠션이 너무 푹신해서 아쉽네요.. 저는 휠체어 환자라서 단단한 매트리스를 생각했는데 그렇지 않아서 아쉬운 마음이 듭니다.
매트리스 선택에 도움이 될수있도록 단단한 정도를 표기해 주시면 선택하는데 더욱 좋을거 같습니다. 수고하세요..",4
7,동서가구 세렌 편백선반 LED 평상형 수납침대 Q,별점,"배송 늦지 않고 잘 해주셨고 설치도 뚝딱 잘해주고 가셨어요. 바닥이 통판이라 튼튼하고 편백향도 은은하게 나니 좋습니다. 매트리스는 적당한 폭신함인거 같아요. 너무 단단하지도 푹신하
배송 늦지 않고 잘 해주셨고 설치도 뚝딱 잘해주고 가셨어요. 바닥이 통판이라 튼튼하고 편백향도 은은하게 나니 좋습니다. 매트리스는 적당한 폭신함인거 같아요. 너무 단단하지도 푹신하지도 않아서 사용하기 괜찮을 듯 합니다. 깨끗하고 화사해보이는 화이트 맘에 들어요~",5
8,동서가구 세렌 편백선반 LED 평상형 수납침대 Q,별점,"이정도 가격에 이 퀄리티면 잘 산것 같아요. 선택품목에
이정도 가격에 이 퀄리티면 잘 산것 같아요. 선택품목에 화이트색상이없었는데 문의로 변경할수있더라구요!!
배송도 생각보다 빨리오고 오기전에 전화로 친절하게 설명해주시고 좋았아요.

단점은 침대 밑 서랍에달린 십자 칸막이는 있으나마나여서 빼고 쓰려구요. 그리고 콘센트 꽂는게 잘 안돼요 덜렁거려서 자다가 뒤척이면서 걸리면 쉽게 빠져요.
배송온지 3일찬데 원목냄새가 빨리 빠졌으면 좋겠네용~!!",4
9,동서가구 세렌 편백선반 LED 평상형 수납침대 Q,별점,"조명도 은은하고 쿠션감도 괜찮은데 서랍을 꼭 양쪽 다 잡아서 열거나 중간부분을 열어야 열리네요. 호른쪽이나 왼쪽으로 치우쳐서 한쪽만 잡고 열면 그쪽만 비대층으로 열려요...
조명도 은은하고 쿠션감도 괜찮은데 서랍을 꼭 양쪽 다 잡아서 열거나 중간부분을 열어야 열리네요. 호른쪽이나 왼쪽으로 치우쳐서 한쪽만 잡고 열면 그쪽만 비대층으로 열려요... 그래도 가격대비 가성비 이만하면 좋은거 같아요~~",4
10,동서가구 세렌 편백선반 LED 평상형 수납침대 Q,별점,"배송은 좀 걸렸습니다그래도 제품 받아 보고 설치 기사님이 주말에도 오셔서 잘 설치해 주셨습니다크기는 좋구요 쿠션감은 호텔보다는 딱딱 합니다 하지만 옆으로 누웠을때 아픈 느낌은 없
배송은 좀 걸렸습니다
그래도 제품 받아 보고 설치 기사님이 주말에도 오셔서 잘 설치해 주셨습니다
크기는 좋구요 쿠션감은 호텔보다는 딱딱 합니다 하지만 옆으로 누웠을때 아픈 느낌은 없습니다
제 개인적 느낌은 조금은 딱딱하다 라고 느끼지만 괜찮은거 같습니다
Led무드등 이나 편백 나무 인테리어도 관찮은거 같습니다",5
11,동서가구 세렌 편백선반 LED 평상형 수납침대 Q,별점,"편백나무향이 처음에는 별로 안나는 것 같았는데 시간이 지나니까 은은하게 오래 납니다. 다만 헤드불량으로 교체받는데 시간이 또 소요되어 침대 놓는데 시간을 많이 잡아먹었네요. 그래도
편백나무향이 처음에는 별로 안나는 것 같았는데 시간이 지나니까 은은하게 오래 납니다. 다만 헤드불량으로 교체받는데 시간이 또 소요되어 침대 놓는데 시간을 많이 잡아먹었네요. 그래도 설치기사님이 친절하게 잘 대응해주셔서 불편함은 없었습니다.",5
12,동서가구 세렌 편백선반 LED 평상형 수납침대 Q,별점,"좋은 가격에 잘 구매했습니다. 배송도 빠르고 약속시간에 맞쳐오셨어요~~ 조립도 꼼꼼히 잘해주시고 색상도...
좋은 가격에 잘 구매했습니다.배송도 빠르고 약속시간에 맞쳐오셨어요~~조립도 꼼꼼히 잘해주시고 색상도 훨씬 예쁘네요~~특히 헤드에 조명이 예뻐요 은은한 편백향도 나긴합니다 ~~서랍도 튼튼하고 아주아주 만족합니다 ~~굿굿!!!",5
13,동서가구 세렌 편백선반 LED 평상형 수납침대 Q,별점,"음 설치는잘받앗는데 아쉬운점이 잇네요전반적으로 나무부스러기많이나오고수납장도 그냥 따로노는 수납장이네요 전침대프레임에 견고하게 달려잇는건줄알앗는데그리고 침대프레임도 두개로나뉘는데 따
음 설치는잘받앗는데 아쉬운점이 잇네요
전반적으로 나무부스러기많이나오고
수납장도 그냥 따로노는 수납장이네요 전침대프레임에 견고하게 달려잇는건줄알앗는데
그리고 침대프레임도 두개로나뉘는데 따로 움직여서 뭔가 불안하네요.. 상품은 이쁜데 그래서 별하나뺐습니다",4
14,동서가구 세렌 편백선반 LED 평상형 수납침대 Q,별점,"기사님도 정말 친절하시고 꼼꼼하게 설치까지 해주셔서 너무 감사드립니다!프레임도 정말 깔끔하고 무드등이 일품이네요! 다른 가구보다 침대가 더 빨리와서 허리 안아프게 잘.수 있을거 같
기사님도 정말 친절하시고 꼼꼼하게 설치까지 해주셔서 너무 감사드립니다!프레임도 정말 깔끔하고 무드등이 일품이네요! 다른 가구보다 침대가 더 빨리와서 허리 안아프게 잘.수 있을거 같은데 다른 가구도 빨리 오면 좋겠어요",5
15,동서가구 세렌 편백선반 LED 평상형 수납침대 Q,별점,"이사가면서 침대를 구매해야해서 알아보
이사가면서 침대를 구매해야해서 알아보다가 편백나무향에 꽂혀서 이침대로 정했는데 매트리스와 수납력까지 대만족이에요!!
편백나무향 은은하게 나서 너무좋아요~^^
기사님이 침대위치도 잘 맞춰서 설치해주셔서 더욱 만족합니다~",5
16,동서가구 세렌 편백선반 LED 평상형 수납침대 Q,별점,"제품은 전반적으로 사진하고 거의 동일하게 잘 나왔습니다.다만 부분적으로 마감이 좀 아쉽네요.헤드 벌어짐으로 교체 요청했는데 설치기사님께서 친절하게 잘 해주셔서 괜찮았습니다. 다만
제품은 전반적으로 사진하고 거의 동일하게 잘 나왔습니다.
다만 부분적으로 마감이 좀 아쉽네요.
헤드 벌어짐으로 교체 요청했는데 설치기사님께서 친절하게 잘 해주셔서 괜찮았습니다. 다만 교체받은 헤드에 부착된 콘센트가 또 뻑뻑하네요...

제품 마감에 좀 더 힘쓰셨으면 좋겠습니다.",5
17,동서가구 세렌 편백선반 LED 평상형 수납침대 Q,별점,"소파의 쿠션감은 적당히 단단해서 좋아하는 쿠션감입니다. 구성품으로 주신 쿠션은 반대로 푹신푹신해서 좋네요 디자인도 깔끔하고 군더더기 없습니다😁 아직 집에 가전 가구들이 들어오지
소파의 쿠션감은 적당히 단단해서 좋아하는 쿠션감입니다. 구성품으로 주신 쿠션은 반대로 푹신푹신해서 좋네요 디자인도 깔끔하고 군더더기 없습니다😁 아직 집에 가전 가구들이 들어오지 않아서 사진으로는 다소 휑해보이네요 ㅎㅎ",5
18,동서가구 세렌 편백선반 LED 평상형 수납침대 Q,별점,"이쁘고 편안한 침대 추천합니다.
침대가 이쁘고 편안하네요.기존에 쓰던 침대가 오래되어침대 샀는데 몇일동안 일정을 조율 못하다가설치 했는데 너무 기분 좋네요.잠도 술술 올것 같네요.배송기사분이 혼자 오셨던데 혼자서 조립도 하시고매트리스도 이쁘게 깔아주셨네요.상담에 불도 있고 편백냄새도 약간 나는게 너무 기분 좋습니다.편안하고 잠자리 편한 침대 추천합니다.",5
19,동서가구 세렌 편백선반 LED 평상형 수납침대 Q,별점,"보통이에요
황금연휴가 끼어있어서 10 만에 배송 받았어요ㅜ 그래도 배송기사님이 친절하게 잘 설치해주고 가셨네요.일단 침대 프니ㅣ임은 생각보다 괜찮네요.매트리스는 넘 딱딱해서 놀랬는데 위에 메모리폼 매트리스가 있어서 그거 까니깐 딱 좋아요.매트니스가 넘 푹신한거 좋아하진 않는데 이건 쿠션이 거의 없다고 보면 됩니다.",3
20,동서가구 세렌 편백선반 LED 평상형 수납침대 Q,별점,"동서가구 침대 이번에 편백 디자인 이 맘에 들어서 이번에 구매했는데 맘고생 많이 시켰던 제품 ?? 배송이 한달만에 도착되어 이럴수가 많이 분노했는데그나마 제품은 기냥 쓸만한
동서가구 침대 이번에 편백 디자인 이 맘에 들어서 이번에 구매했는데 맘고생 많이 시켰던 제품 ?? 배송이 한달만에 도착되어 이럴수가 많이 분노했는데
그나마 제품은 기냥 쓸만한 정도 되어 이 정도 마무리 합니다
배송 개선이 꼭 필요한 회사입니다",1
21,동서가구 세렌 편백선반 LED 평상형 수납침대 Q,별점,"최고예요
상품은 믿고 사는 가구.하지만 늘 안타까운 점은배송 기사님 혼자 너무 힘들어요.그래서 실수 아닌 실수를 탓 할 수도 없고소비자인 제가 감수 하는 일이 생겨 속 타요.두분이서 천천히 설치 할 수 있는 상황이 되었으면 합니다.",5
22,동서가구 세렌 편백선반 LED 평상형 수납침대 Q,별점,"좋아요
디자인은 깔끔해요...편하게 LED등과 콘센트가 헤드 선반에 있어서 사용하기 좋을듯요...매트리스가 많이 딱딱한 느낌이 들어 토퍼 사용해야 할듯해요..배송이 엄청 오래 걸린것 빼고는 가성비 나쁘지 않네요..",4
23,동서가구 세렌 편백선반 LED 평상형 수납침대 Q,별점,"좋아요~매트리스 쿠션감도 적당하고배송도 10일정도.빠른편.디자인도 저렴히 보이지않고 이뻐요.기사님께서 일찍 오셔서 뚝딱 조립하고가셨네요.이 가격에 이 품질이면 정말 만족이네요.엄마
좋아요~
매트리스 쿠션감도 적당하고
배송도 10일정도.빠른편.
디자인도 저렴히 보이지않고 이뻐요.
기사님께서 일찍 오셔서 뚝딱 조립하고
가셨네요.

.
엄마가 좋아하세요",5
24,동서가구 세렌 편백선반 LED 평상형 수납침대 Q,별점,"푹신한 침대가 저완 안맞아서 쿠션감이 덜한 9존 매트리스를 원했는데 딱 입니다.머리맡에 LED전등과 콘서트가 있으니 넘 편함.핸드폰 충전하며 (수납장)잘 수 있다.
푹신한 침대가 저완 안맞아서 쿠션감이 덜한 9존 매트리스를 원했는데 딱 입니다.
머리맡에 LED전등과 콘서트가 있으니 넘 편함.
핸드폰 충전하며 (수납장)잘 수 있다.",5
25,동서가구 세렌 편백선반 LED 평상형 수납침대 Q,별점,"배송빠르고 생각그대로의 침대네요~이미 한번 SS사이즈로 샀던거라,,아무튼 어머니는 만족하시네요좀더써봐야알겠지만 일단은 좋은가격에 잘 산거같습니다.침대 나무 냄새도 좋아요~
배송빠르고 생각그대로의 침대네요~
이미 한번 SS사이즈로 샀던거라,,
아무튼 어머니는 만족하시네요
좀더써봐야알겠지만 일단은 좋은가격에 잘 산거같습니다.
침대 나무 냄새도 좋아요~",5
26,동서가구 세렌 편백선반 LED 평상형 수납침대 Q,별점,"부모님꺼 대신 주문해드렸는데 배송기사분깨서 엘리베이터로 충분히 이동가능한데 사다리차 유도하셨다고 들었습니다 양심적으로 장사하세요
부모님꺼 대신 주문해드렸는데 배송기사분깨서 엘리베이터로 충분히 이동가능한데 사다리차 유도하셨다고 들었습니다 양심적으로 장사하세요",3
27,동서가구 세렌 편백선반 LED 평상형 수납침대 Q,별점,"6월22일 설치예정이였는데 6월5일
6월22일 설치예정이였는데 6월5일 토요일 설치를 해주셨어요.
엄청 빨라서 놀랐어요.
기사님 너무 친절하셨구여.
침대도 정말 괜찮아요. 편백나무 향이 은은하구요.
다른 침대랑 고민을 좀 했었는데 잘한 결정 이였습니다.",5
28,동서가구 세렌 편백선반 LED 평상형 수납침대 Q,별점,"편백나무 향기가 온방에 향기로워요.견고하고 서랍이 있어서 생활의 편의가 한층더합니다.기사분도 오셔서 넘 친절하시고 후다닥 조립하심이 멋졌어요!
편백나무 향기가 온방에 향기로워요.견고하고 서랍이 있어서 생활의 편의가 한층더합니다.기사분도 오셔서 넘 친절하시고 후다닥 조립하심이 멋졌어요!",5
29,동서가구 세렌 편백선반 LED 평상형 수납침대 Q,별점,"배송은 10일정도 걸렸네요.. 추석 제외 6일정도..쿠션감은 조금 딱딱한걸 원했는데 푹신하네요.제품견고함은 프레임이 일체형이 아니여서 상하 따로 움직입니다.그래도 저렴한 가격대비
배송은 10일정도 걸렸네요.. 추석 제외 6일정도..
쿠션감은 조금 딱딱한걸 원했는데 푹신하네요.
제품견고함은 프레임이 일체형이 아니여서 상하 따로 움직입니다.
그래도 저렴한 가격대비 좋네요.",5
30,동서가구 세렌 편백선반 LED 평상형 수납침대 Q,별점,"부담없는 가격에 머리맡에 LED등과 전원코드를 꼽을수 ...
부담없는 가격에 머리맡에 LED등과 전원코드를 꼽을수 있는 컨센트가있어 좋았고요 느워서 책을 보기에 불편하지 않아서 좋았고요
수납장이 있어서 간단하게 속옷이나 양말 같은 소픔을",5
31,동서가구 세렌 편백선반 LED 평상형 수납침대 Q,별점,"최고예요
제품이 웹페이지에 나온 그대로에요. 설치도 친절하게 잘 해주셨고 제품도 가격에 비해 정말 만족스럽네요. 매트리스는 푹 꺼지는 느낌이 아니라서 더 좋네요.",5
32,동서가구 세렌 편백선반 LED 평상형 수납침대 Q,별점,"배송도 생각보다 빠르게왔구요튼튼하고 좋아요매트리스가 조금만 더 딱딱하길바랬지만 전체적으로 만족합니다.
배송도 생각보다 빠르게왔구요
튼튼하고 좋아요
매트리스가 조금만 더 딱딱하길바랬지만 전체적으로 만족합니다.",5
33,동서가구 세렌 편백선반 LED 평상형 수납침대 Q,별점,"다 좋은데 양사이드에도 안 밀리게 만들었으면 진짜 좋을 듯 합니다. (매트리스가 딱 맞지 않으니 중앙에 두고 누우니 한쪽으로 밀리네요)
다 좋은데 양사이드에도 안 밀리게 만들었으면 진짜 좋을 듯 합니다. (매트리스가 딱 맞지 않으니 중앙에 두고 누우니 한쪽으로 밀리네요)",5
34,동서가구 세렌 편백선반 LED 평상형 수납침대 Q,별점,"너무 이뻐요 하루지나니 냄새도 다빠지
너무 이뻐요
하루지나니 냄새도 다빠지고
설치기사님도 친절하시구요
매트리스도 탄탄해서 꿀잠잤어요^^
서랍있어서 너무좋아요",5
35,동서가구 세렌 편백선반 LED 평상형 수납침대 Q,별점,"침대를 버리고 오랫동안 바닦 생활을하다가다시 침대를 들였는데 와이프도, 애견도, 아이도 넘 좋아하네요색상, 서랍장, 쿠션 모두 마음에 들어요~
침대를 버리고 오랫동안 바닦 생활을하다가
다시 침대를 들였는데 와이프도, 애견도, 아이도
넘 좋아하네요
색상, 서랍장, 쿠션 모두 마음에 들어요~",5
36,동서가구 세렌 편백선반 LED 평상형 수납침대 Q,별점,"침대는가격대비괜찮습니다 화이트라깔끔하고수납공간이있어서작은집에좋아요 보통퀸침대보다약간작은느낌이...
침대는가격대비괜찮습니다화이트라깔끔하고수납공간이있어서작은집에좋아요보통퀸침대보다약간작은느낌이들어요배송은느린편이예요이주이상걸린것같습니다",4
37,동서가구 세렌 편백선반 LED 평상형 수납침대 Q,별점,"수납침대 매트리스
너무 저렴한 물건으로 택했나 봐요...매트리스는 돈을 더주고 구입하였더라면 좋았을거 같아요.",3
38,동서가구 세렌 편백선반 LED 평상형 수납침대 Q,별점,"밑에 수납장이 견고함이 없고 대충끼워맞춘..?느낌이지만매트리스랑 전체적으로 만족해요~기사님도 너무너무 친절하세요
밑에 수납장이 견고함이 없고 대충
끼워맞춘..?느낌이지만
매트리스랑 전체적으로 만족해요~
기사님도 너무너무 친절하세요",4
39,동서가구 세렌 편백선반 LED 평상형 수납침대 Q,별점,"편안하고 LED등이 있는것도 참 좋습니다. 다만 배송중에무슨 이유인지 헤드부분에 살짝 손상이 있는데 교환해주신다하셨으니 불만없이 사용하겠습니다.
편안하고 LED등이 있는것도 참 좋습니다. 다만 배송중에
무슨 이유인지 헤드부분에 살짝 손상이 있는데 교환해주신다
하셨으니 불만없이 사용하겠습니다.",5
40,동서가구 세렌 편백선반 LED 평상형 수납침대 Q,별점,"괜찮습니다
배송은 느린편이지만 날짜를 미리 말해줬고 조립도 잘되었네요~ 수납서랍이 그냥 바닥에서 미끄러지는거는 몰랐네요 .",5
41,동서가구 세렌 편백선반 LED 평상형 수납침대 Q,별점,"최고예요
배송은 너무 느렸지만 튼튼하고 좋아요 집이 그레이톤이라 색도 잘 맞구사이즈도 넉넉해요",5
42,동서가구 세렌 편백선반 LED 평상형 수납침대 Q,별점,"슈퍼싱글 주문했는데진짜 딱한명 자기에는 맞는거같아요제가 키가 작아서 저한테는 괜찮은데침대에서 두명이 같이 누워있기에는 작아요ㅠㅠ혼자사시는 분들한테는 딱이예요!
슈퍼싱글 주문했는데
진짜 딱한명 자기에는 맞는거같아요
제가 키가 작아서 저한테는 괜찮은데
침대에서 두명이 같이 누워있기에는 작아요ㅠㅠ
혼자사시는 분들한테는 딱이예요!",4
43,동서가구 세렌 편백선반 LED 평상형 수납침대 Q,별점,"오늘 설치했습니다실용적인 디자인으로 골랐구요 만족합니다다만 편백나무향이 있는줄은 알았지만 나무냄새가 많이 나네요 환기중입니다.디자인은 깔끔해서 좋아요
오늘 설치했습니다
실용적인 디자인으로 골랐구요 만족합니다
다만 편백나무향이 있는줄은 알았지만 나무냄새가 많이 나네요 환기중입니다.
디자인은 깔끔해서 좋아요",5
44,동서가구 세렌 편백선반 LED 평상형 수납침대 Q,별점,"기사님 친절하시고 제품좋네요 전체적으로만족합니다
서랍
기사님 친절하시고 제품좋네요 전체적으로만족합니다
서랍모서리부분 칠까짐이조금 아쉽네요
잘쓰겠습니딘",5
45,동서가구 세렌 편백선반 LED 평상형 수납침대 Q,별점,"설치해주신 기사님도 너무 친절하시고 좋았습니다 색감도 이쁘고 완전 맘에 들어요!!
설치해주신 기사님도 너무 친절하시고 좋았습니다 색감도 이쁘고 완전 맘에 들어요!!",5
46,동서가구 세렌 편백선반 LED 평상형 수납침대 Q,별점,"침대는 편하고 좋습니다.밑에 수납장이 깨져와서 교환해주신다는데기다려봐야죠.
침대는 편하고 좋습니다.
밑에 수납장이 깨져와서 교환해주신다는데
기다려봐야죠.",4
47,동서가구 세렌 편백선반 LED 평상형 수납침대 Q,별점,"최고예요
아직 이사중이라 제대로 사용 해보진 못했지만 외관상 침대가 깔끔하고 이뻐요~",5
48,동서가구 세렌 편백선반 LED 평상형 수납침대 Q,별점,"너무 푹신한 감이 있기는한데 막상 누워보니 그렇게 쳐지거나 하지는않네요 푹잘잤습니다 가격도 좋고 성능도 만족 스럽습니다
너무 푹신한 감이 있기는한데 막상 누워보니 그렇게 쳐지거나 하지는않네요 푹잘잤습니다 가격도 좋고 성능도 만족 스럽습니다",4
49,동서가구 세렌 편백선반 LED 평상형 수납침대 Q,별점,"헤드는 생각보다 예쁜데 아래 프레임은 생각보다 부실해보여요. 서랍도 바퀴만 있다보니 사용하기 조금 불편하지만 두손으로 잡고 빼면 됩니다.
헤드는 생각보다 예쁜데 아래 프레임은 생각보다 부실해보여요. 서랍도 바퀴만 있다보니 사용하기 조금 불편하지만 두손으로 잡고 빼면 됩니다.",4
50,동서가구 세렌 편백선반 LED 평상형 수납침대 Q,별점,"생각했던거보단 에쁜그레이느낌은 아닌데그럭저럭 저렴한맛으로...괜찮네요
생각했던거보단 에쁜그레이느낌은 아닌데
그럭저럭 저렴한맛으로...괜찮네요",4
51,동서가구 세렌 편백선반 LED 평상형 수납침대 Q,별점,"보통이에요
가격대만큼 인것같아요사진처럼 고급스럽진않은것같은...보는시각이다다르니까 전 그냥 그랬어요",3
52,동서가구 세렌 편백선반 LED 평상형 수납침대 Q,별점,"등받이 프레임이 조금 약하긴한데 저렴한가격에 되게 깔끔하고 이쁩니다.
등받이 프레임이 조금 약하긴한데 저렴한가격에 되게 깔끔하고 이쁩니다.",5
53,동서가구 세렌 편백선반 LED 평상형 수납침대 Q,별점,"전체적으로 만족합니다.프레임이 매트리스보다 조금더 넓은감은 있네요.
전체적으로 만족합니다.
프레임이 매트리스보다 조금더 넓은감은 있네요.",5
54,동서가구 세렌 편백선반 LED 평상형 수납침대 Q,별점,"솔직히 마감도 별로고 싼맛에 샀지만 다신 동서가구 이용안할꺼 같아요
솔직히 마감도 별로고 싼맛에 샀지만 다신 동서가구 이용안할꺼 같아요",2
55,동서가구 세렌 편백선반 LED 평상형 수납침대 Q,별점,"생각보다 배송도 너무 늦었어요 그리고 프레임이 약한것 같아요
생각보다 배송도 너무 늦었어요 그리고
프레임이 약한것 같아요",3
56,동서가구 세렌 편백선반 LED 평상형 수납침대 Q,별점,"매트리스 끝부분이 말랑해서 앉으면 푹꺼지는거 빼고는 만족합니다.
매트리스 끝부분이 말랑해서 앉으면 푹꺼지는거 빼고는 만족합니다.",4
57,동서가구 세렌 편백선반 LED 평상형 수납침대 Q,별점,"37년인생 침대에요실물, 냄새X,견고함, 가격 등등 모든게 최고입니다
37년인생 침대에요
실물, 냄새X,견고함, 가격 등등 모든게 최고입니다",5
58,동서가구 세렌 편백선반 LED 평상형 수납침대 Q,별점,"최고입니다. 진작 살걸 그랫어요. 마감처리도 잘되어있고 좋아요
최고입니다. 진작 살걸 그랫어요. 마감처리도 잘되어있고 좋아요",5
59,동서가구 세렌 편백선반 LED 평상형 수납침대 Q,별점,"생각보다 윗 상판이 흔들리고, 고정이 잘 안되네요.. 디자인 좋고 마음에 들지만 견고함이 아쉽네요
생각보다 윗 상판이 흔들리고, 고정이 잘 안되네요.. 디자인 좋고 마음에 들지만 견고함이 아쉽네요",3
60,동서가구 세렌 편백선반 LED 평상형 수납침대 Q,별점,"고등학생 아이가 싱글이 작다하여 Q으로 샀는데 만족합니다~
고등학생 아이가 싱글이 작다하여 Q으로 샀는데 만족합니다~",5
61,동서가구 세렌 편백선반 LED 평상형 수납침대 Q,별점,"음 ... 좋습니다잠도 잘 자구요ㅅㅅㅎ코골이도 옆으로자니 많이 좋아 졌습니다 무드등도 잘 사용 중이구요서랍장이좀더 안쪽까지 넗었음 더 좋을뻔 해습니다 그래도 잘 사용 중입니다
음 ... 좋습니다
잠도 잘 자구요ㅅㅅㅎ
코골이도 옆으로자니 많이 좋아 졌습니다 무드등도 잘 사용 중이구요
서랍장이좀더 안쪽까지 넗었음 더 좋을뻔 해습니다 그래도 잘 사용 중입니다",4
62,동서가구 세렌 편백선반 LED 평상형 수납침대 Q,별점,"생각보다 예쁘네요. 편백향이 방에가득해요.매트리스도 좋구요
생각보다 예쁘네요. 편백향이 방에가득해요.매트리스도 좋구요",4
63,동서가구 세렌 편백선반 LED 평상형 수납침대 Q,별점,"생각보다 튼튼하고 매트리스도 너무 물렁하지않은게 좋습니다!
생각보다 튼튼하고 매트리스도 너무 물렁하지않은게 좋습니다!",5
64,동서가구 세렌 편백선반 LED 평상형 수납침대 Q,별점,"그냥 가격정도에요 조금 마감 아쉽고 별로 안튼튼할 것 같네요
그냥 가격정도에요 조금 마감 아쉽고 별로 안튼튼할 것 같네요",3
65,동서가구 세렌 편백선반 LED 평상형 수납침대 Q,별점,"쿠션감좋고 좌우고정이안되는게 아쉽지만 제품은 맘에듭니다~
쿠션감좋고 좌우고정이안되는게 아쉽지만 제품은 맘에듭니다~",5
66,동서가구 세렌 편백선반 LED 평상형 수납침대 Q,별점,"침대가 멋지고 편안해요. 설치도 빠르
침대가 멋지고 편안해요. 설치도 빠르고 친절하게 해주셨어요.",5
67,동서가구 세렌 편백선반 LED 평상형 수납침대 Q,별점,"배송 받을 때부터 흠집도 있었고 생각했던 것보다 부실하네요
배송 받을 때부터 흠집도 있었고 생각했던 것보다 부실하네요",1
68,동서가구 세렌 편백선반 LED 평상형 수납침대 Q,별점,"배송은 느리고 제품이 완벽하진 않지만 전체적으로 괜찮네요
배송은 느리고 제품이 완벽하진 않지만 전체적으로 괜찮네요",3
69,동서가구 세렌 편백선반 LED 평상형 수납침대 Q,별점,"저렴한 가격에 디자인도 만족스럽습니다.그런데 그레이를 주문했는데 오크로 왔네요...그냥저냥 쓰기로 했습니다
저렴한 가격에 디자인도 만족스럽습니다.
그런데 그레이를 주문했는데 오크로 왔네요...
그냥저냥 쓰기로 했습니다",4
70,동서가구 세렌 편백선반 LED 평상형 수납침대 Q,별점,"매트리스가 허리아프긴 하지만 토퍼하나 올려쓰니 괜찮네요
매트리스가 허리아프긴 하지만 토퍼하나 올려쓰니 괜찮네요",5
71,동서가구 세렌 편백선반 LED 평상형 수납침대 Q,별점,"두번째 구입이에요 서랍이 있어서 수납이 되니 너무 좋아요
두번째 구입이에요 서랍이 있어서 수납이 되니 너무 좋아요",5
72,동서가구 세렌 편백선반 LED 평상형 수납침대 Q,별점,"저렴한 가격에 너무 잘 구입 한거 같아여^^ 색깔도 디자인도 너무 마음에 드네요 감사합니다^^
저렴한 가격에 너무 잘 구입 한거 같아여^^ 색깔도 디자인도 너무 마음에 드네요 감사합니다^^",5
73,동서가구 세렌 편백선반 LED 평상형 수납침대 Q,별점,"기사님이 친절하게 설치해 주시고 제품도 생각만큼 좋네요
기사님이 친절하게 설치해 주시고 제품도 생각만큼 좋네요",5
74,동서가구 세렌 편백선반 LED 평상형 수납침대 Q,별점,"어머님 사드렸는데 아주 만족해 하십니다^^ 서비스도 굿 !!
어머님 사드렸는데 아주 만족해 하십니다^^ 서비스도 굿 !!",5
75,동서가구 세렌 편백선반 LED 평상형 수납침대 Q,별점,"넓고 좋아요 그런데 페인트냄세가 새거라 좀 나네요 ㅎㅎ
넓고 좋아요 그런데 페인트냄세가 새거라 좀 나네요 ㅎㅎ",5
76,동서가구 세렌 편백선반 LED 평상형 수납침대 Q,별점,"화이트 밝고 화사하니 넘 좋아요가격대비 대 만족입니다
화이트 밝고 화사하니 넘 좋아요
가격대비 대 만족입니다",5
77,동서가구 세렌 편백선반 LED 평상형 수납침대 Q,별점,"배송도 빠르고 물건도 맘에듭니다 "" 많이 ...
배송도 빠르고 물건도 맘에듭니다 "" 많이 파세요 ㅎ",5
78,동서가구 세렌 편백선반 LED 평상형 수납침대 Q,별점,"제품 자체는 가격대비 만족합니다.다만 배송이 10일에서 최대 15일 걸린댔는데 거의 한달만에 제품이 왔습니다.이 부분이 약간 아쉬웠습니다.
제품 자체는 가격대비 만족합니다.
다만 배송이 10일에서 최대 15일 걸린댔는데 거의 한달만에 제품이 왔습니다.
이 부분이 약간 아쉬웠습니다.",4
79,동서가구 세렌 편백선반 LED 평상형 수납침대 Q,별점,"쬐금부실한거같지만 맘에 듭니다ㅋ매트리스좋네요
쬐금부실한거같지만 맘에 듭니다ㅋ
매트리스좋네요",5
80,동서가구 세렌 편백선반 LED 평상형 수납침대 Q,별점,"잘쓰고있다네요 저두 곧 침대하나 장만해야겠어요
잘쓰고있다네요 저두 곧 침대하나 장만해야겠어요",5
81,동서가구 세렌 편백선반 LED 평상형 수납침대 Q,별점,"태풍때문에 조금늦었는데 그것빼고는 다좋았어요
태풍때문에 조금늦었는데 그것빼고는 다좋았어요",5
82,동서가구 세렌 편백선반 LED 평상형 수납침대 Q,별점,"아직 쓰는데 문제점 못찾았으면 나름 겐찮습니다.
아직 쓰는데 문제점 못찾았으면
나름 겐찮습니다.",4
83,동서가구 세렌 편백선반 LED 평상형 수납침대 Q,별점,"주문한대로 마음에 딱드네요. 선택 잘한것 같아요
주문한대로 마음에 딱드네요. 선택 잘한것 같아요",5
84,동서가구 세렌 편백선반 LED 평상형 수납침대 Q,별점,"부모님 해드렸어요 머리위 편백이 있어서 좋네요
부모님 해드렸어요 머리위 편백이 있어서 좋네요",5
85,동서가구 세렌 편백선반 LED 평상형 수납침대 Q,별점,"가격대비 좋은듯해요 근데 곳곳에 찍힘 등이 있고얼룩도 좀 많아요 근데 가격에 비하면 가성비는 월등합니다
가격대비 좋은듯해요 근데 곳곳에 찍힘 등이 있고
얼룩도 좀 많아요 근데 가격에 비하면 가성비는
월등합니다",4
86,동서가구 세렌 편백선반 LED 평상형 수납침대 Q,별점,"배송 2주정도 걸렸고,, 아이가 잘 쓰고 있습니다
배송 2주정도 걸렸고,, 아이가 잘 쓰고 있습니다",5
87,동서가구 세렌 편백선반 LED 평상형 수납침대 Q,별점,"할머니 집에 놓아드렸어요 편하고 좋으시대요^^
할머니 집에 놓아드렸어요 편하고 좋으시대요^^",5
88,동서가구 세렌 편백선반 LED 평상형 수납침대 Q,별점,"자고일어나면 매우 기분이 좋네요 감사합니다.
자고일어나면 매우 기분이 좋네요 감사합니다.",5
89,동서가구 세렌 편백선반 LED 평상형 수납침대 Q,별점,"가격대비 만족하고 수납장이 있어 편리합니다.
가격대비 만족하고 수납장이 있어 편리합니다.",4
90,동서가구 세렌 편백선반 LED 평상형 수납침대 Q,별점,"가성비 굿이긴한데 바디프레임이 좀 약하네요
가성비 굿이긴한데 바디프레임이 좀 약하네요",4
91,동서가구 세렌 편백선반 LED 평상형 수납침대 Q,별점,"배송은 좀 느렸지만 깔끔하니 편
배송은 좀 느렸지만 깔끔하니 편하고 좋네요~!",5
92,동서가구 세렌 편백선반 LED 평상형 수납침대 Q,별점,"배송 잘 지켜주셨고 수납 좋아서 맘에 들어요
배송 잘 지켜주셨고 수납 좋아서 맘에 들어요",5
93,동서가구 세렌 편백선반 LED 평상형 수납침대 Q,별점,"배송은 2주정도 걸렸구요 상품 잘 받았습니다
배송은 2주정도 걸렸구요 상품 잘 받았습니다",5
94,동서가구 세렌 편백선반 LED 평상형 수납침대 Q,별점,"매트리스 신경많이 쓰고 샀는데 잠 잘
매트리스 신경많이 쓰고 샀는데 잠 잘옵니다",5
95,동서가구 세렌 편백선반 LED 평상형 수납침대 Q,별점,"설치기사님도 친절하시고 제품도 이쁘네요!
설치기사님도 친절하시고 제품도 이쁘네요!",5
96,동서가구 세렌 편백선반 LED 평상형 수납침대 Q,별점,"기사님도친절하시고 제품도마음에듭니다.
기사님도친절하시고 제품도마음에듭니다.",5
97,동서가구 세렌 편백선반 LED 평상형 수납침대 Q,별점,"편백이 조금밖에 없는거 빼고는 좋습니다
편백이 조금밖에 없는거 빼고는 좋습니다",4
98,동서가구 세렌 편백선반 LED 평상형 수납침대 Q,별점,"정확한 날짜에 배송되었어요. 좋습니다.
정확한 날짜에 배송되었어요. 좋습니다.",5
99,동서가구 세렌 편백선반 LED 평상형 수납침대 Q,별점,"방 분위기를 바꿔 놓았다고 좋아하네요.
방 분위기를 바꿔 놓았다고 좋아하네요.",5
100,동서가구 세렌 편백선반 LED 평상형 수납침대 Q,별점,"침대깔끔하고 편백나무향도나고 좋아요
침대깔끔하고 편백나무향도나고 좋아요",5
101,동서가구 세렌 편백선반 LED 평상형 수납침대 Q,별점,"통화하고 일정 맞춰서 설치했습니다.기사님께서 친절하게 잘 설치해주셨어요.
통화하고 일정 맞춰서 설치했습니다.
기사님께서 친절하게 잘 설치해주셨어요.",5
102,동서가구 세렌 편백선반 LED 평상형 수납침대 Q,별점,"배송은 많이 느렸지만기사님 정말 친절하시고 설치잘해주셨어용침대도 저렴하게 잘 산거같아요 서랍도있어 편하네용만족합니다!!
배송은 많이 느렸지만
기사님 정말 친절하시고 설치잘해주셨어용
침대도 저렴하게 잘 산거같아요 서랍도있어 편하네용
만족합니다!!",4
103,동서가구 세렌 편백선반 LED 평상형 수납침대 Q,별점,"가격대비 이쁘고 매트 느낌도 좋아요~!
가격대비 이쁘고 매트 느낌도 좋아요~!",5
104,동서가구 세렌 편백선반 LED 평상형 수납침대 Q,별점,"부모님께 선물하였더니 만족하십니다.
부모님께 선물하였더니 만족하십니다.",5
105,동서가구 세렌 편백선반 LED 평상형 수납침대 Q,별점,"매트가 생각보다 딱딱해서 토퍼를 하나 깔았더니 딱맞네요. 헤드에 조명이나 콘센트가 있어서 좋네요
매트가 생각보다 딱딱해서 토퍼를 하나 깔았더니 딱맞네요. 헤드에 조명이나 콘센트가 있어서 좋네요",5
106,동서가구 세렌 편백선반 LED 평상형 수납침대 Q,별점,"수납형이라 실용적이고ᆢ딱 좋습니다
수납형이라 실용적이고ᆢ
딱 좋습니다",4
107,동서가구 세렌 편백선반 LED 평상형 수납침대 Q,별점,"예정보다 빨리 도착했어요. 좋습니다.
예정보다 빨리 도착했어요. 좋습니다.",5
108,동서가구 세렌 편백선반 LED 평상형 수납침대 Q,별점,"깨끗하고 튼튼하게 잘 사용 중입니다~
깨끗하고 튼튼하게 잘 사용 중입니다~",5
109,동서가구 세렌 편백선반 LED 평상형 수납침대 Q,별점,"기사님도친절하시고 제품도좋아요^-^
기사님도친절하시고 제품도좋아요^-^",5
110,동서가구 세렌 편백선반 LED 평상형 수납침대 Q,별점,"너무 포근해서ㅠ잠을잘자구잇습니다
너무 포근해서ㅠ잠을잘자구잇습니다",5
111,동서가구 세렌 편백선반 LED 평상형 수납침대 Q,별점,"매트리스가 참좋고 무드등도 좋아요
매트리스가 참좋고 무드등도 좋아요",5
112,동서가구 세렌 편백선반 LED 평상형 수납침대 Q,별점,"부모님 선물로 사드림 맘에들어하심
부모님 선물로 사드림 맘에들어하심",5
113,동서가구 세렌 편백선반 LED 평상형 수납침대 Q,별점,"최고예요
명절이 겹쳐서 좀늦었지만 예뻐요,,,",5
114,동서가구 세렌 편백선반 LED 평상형 수납침대 Q,별점,"넘좋아요 계속잘쓰고있습니당ㅎㅎ
넘좋아요 계속잘쓰고있습니당ㅎㅎ",5
115,동서가구 세렌 편백선반 LED 평상형 수납침대 Q,별점,"깔끔하구 딱좋아요 다음에 또구매
깔끔하구 딱좋아요 다음에 또구매",5
116,동서가구 세렌 편백선반 LED 평상형 수납침대 Q,별점,"배송도 빠르고 문건도 정확합니다
배송도 빠르고 문건도 정확합니다",5
117,동서가구 세렌 편백선반 LED 평상형 수납침대 Q,별점,"지인집에 보냈는데 좋다고 하네요
지인집에 보냈는데 좋다고 하네요",5
118,동서가구 세렌 편백선반 LED 평상형 수납침대 Q,별점,"새제품이라 그런지 냄새가나요.
새제품이라 그런지 냄새가나요.",3
119,동서가구 세렌 편백선반 LED 평상형 수납침대 Q,별점,"가격대비 아주 좋은 상품이에요
가격대비 아주 좋은 상품이에요",5
120,동서가구 세렌 편백선반 LED 평상형 수납침대 Q,별점,"괜찮은데 서랍이 좀 이상해요
괜찮은데 서랍이 좀 이상해요",4
121,동서가구 세렌 편백선반 LED 평상형 수납침대 Q,별점,"디자인 좋고 매트리스도 만족
디자인 좋고 매트리스도 만족",5
122,동서가구 세렌 편백선반 LED 평상형 수납침대 Q,별점,"저한테는 쿠션이 아주좋아요
저한테는 쿠션이 아주좋아요",5
123,동서가구 세렌 편백선반 LED 평상형 수납침대 Q,별점,"안녕하세요 저는
안녕하세요 저는 방탄소년단",4
124,동서가구 세렌 편백선반 LED 평상형 수납침대 Q,별점,"설치 후 모습~ 배송 기간은 좀 길었지만 기다린 만큼 ...
설치 후 모습~
배송 기간은 좀 길었지만 기다린 만큼 만족도 좋아요.
깔끔 하니 예뻐요. 기사님도 친절하시고 엘베가 있지만 작아서 못들어갔는데 1층에서 3층까지 메트리스 메고 올려주시고 넘 감사합니다.",5
125,동서가구 세렌 편백선반 LED 평상형 수납침대 Q,별점,"직접설치해주셔서 편합니다
직접설치해주셔서 편합니다",5
126,동서가구 세렌 편백선반 LED 평상형 수납침대 Q,별점,"엄마가 너무좋아하시네요^^
엄마가 너무좋아하시네요^^",4
127,동서가구 세렌 편백선반 LED 평상형 수납침대 Q,별점,"쿠션이 너무 딱딱해요 ㅠㅠ
쿠션이 너무 딱딱해요 ㅠㅠ",4
128,동서가구 세렌 편백선반 LED 평상형 수납침대 Q,별점,"일단 조립하는데 힘들엇음
일단 조립하는데 힘들엇음",4
129,동서가구 세렌 편백선반 LED 평상형 수납침대 Q,별점,"조하요 좋아여너무 좋야요
조하요 좋아여너무 좋야요",4
130,동서가구 세렌 편백선반 LED 평상형 수납침대 Q,별점,"가성비가 좋은 제품입니다
가성비가 좋은 제품입니다",5
131,동서가구 세렌 편백선반 LED 평상형 수납침대 Q,별점,"최고예요
저렴한 가격 편리한 기능!",5
132,동서가구 세렌 편백선반 LED 평상형 수납침대 Q,별점,"설치기사 친절합니다매트리스가 조금얇지만 가격대비...
설치기사 친절합니다

매트리스가 조금얇지만 가격대비 만족입니다",5
133,동서가구 세렌 편백선반 LED 평상형 수납침대 Q,별점,"짱좋네요
나무냄새나서 너무 좋아요~방에 들어가면 나무향이~배송 잘 받았습니다",4
134,동서가구 세렌 편백선반 LED 평상형 수납침대 Q,별점,"가성비 엄청 좋습니다!!!
가성비 엄청 좋습니다!!!",5
135,동서가구 세렌 편백선반 LED 평상형 수납침대 Q,별점,"쿠션도 좋고 튼튼합니다
쿠션도 좋고 튼튼합니다",5
136,동서가구 세렌 편백선반 LED 평상형 수납침대 Q,별점,"너무 좋네요 만족합니다
너무 좋네요 만족합니다",4
137,동서가구 세렌 편백선반 LED 평상형 수납침대 Q,별점,"배송이 너무 느려서 ...
배송이 너무 느려서 ...",3
138,동서가구 세렌 편백선반 LED 평상형 수납침대 Q,별점,"가격대비 만족합니다.
가격대비 만족합니다.",4
139,동서가구 세렌 편백선반 LED 평상형 수납침대 Q,별점,"서랍장이 불편해요 .
서랍장이 불편해요 .",5
140,동서가구 세렌 편백선반 LED 평상형 수납침대 Q,별점,"딱 가격만큼 합니다.
딱 가격만큼 합니다.",4
141,동서가구 세렌 편백선반 LED 평상형 수납침대 Q,별점,"생각보다 좋은 침대
생각보다 좋은 침대",5
142,동서가구 세렌 편백선반 LED 평상형 수납침대 Q,별점,"심플하고 예쁘네요.
심플하고 예쁘네요.",5
143,동서가구 세렌 편백선반 LED 평상형 수납침대 Q,별점,"아주 마음에 들었음
아주 마음에 들었음",5
144,동서가구 세렌 편백선반 LED 평상형 수납침대 Q,별점,"최고입니다
편백향 가득합니다~",5
145,동서가구 세렌 편백선반 LED 평상형 수납침대 Q,별점,"연천군이라 배송거절당해 속상했는데 더 저렴하고 좋은 수
연천군이라 배송거절당해 속상했는데 더 저렴하고 좋은 수납침대를 씨제이에서 샀어요 배송료없이 10일정도 걸렸지만 만족합니다",4
146,동서가구 세렌 편백선반 LED 평상형 수납침대 Q,별점,"타사 가구점들은 배송일 지정 할 수 있는 곳이 많습니다구매자 보다 배송인의 일정에 맞추려는 시대에 뒤떨어진 부분은 바꿔야겠네요
타사 가구점들은 배송일 지정 할 수 있는 곳이 많습니다
구매자 보다 배송인의 일정에 맞추려는 시대에 뒤떨어진 부분은 바꿔야겠네요",3
147,동서가구 세렌 편백선반 LED 평상형 수납침대 Q,별점,"견고하네요.......
견고하네요.......",5
148,동서가구 세렌 편백선반 LED 평상형 수납침대 Q,별점,"오늘 배송이 돼서 아직 사용은 안해봤지만 오래 기다렸던 침대라 좋습니다. 색상은 사진보단 조금 더 연합니다. 너무 진하지 않을까 걱정했는데 적당히 이쁜 그레이 같아요. 배송기사님도
오늘 배송이 돼서 아직 사용은 안해봤지만 오래 기다렸던 침대라 좋습니다. 색상은 사진보단 조금 더 연합니다. 너무 진하지 않을까 걱정했는데 적당히 이쁜 그레이 같아요. 배송기사님도 설치 잘해주셔서 감사합니다!",4
149,동서가구 세렌 편백선반 LED 평상형 수납침대 Q,별점,"맘에들어요~~~~~
맘에들어요~~~~~",5
150,동서가구 세렌 편백선반 LED 평상형 수납침대 Q,별점,"좋아요
배송은 일주일정도 걸린것같구요가격대비 괜찮은것같아요~",4
151,동서가구 세렌 편백선반 LED 평상형 수납침대 Q,별점,"좋은 가격에 좋은 품질, 생각보다 빠른 배송으로 설치 잘 받고 잘 잡니다~
좋은 가격에 좋은 품질, 생각보다 빠른 배송으로 설치 잘 받고 잘 잡니다~",5
152,동서가구 세렌 편백선반 LED 평상형 수납침대 Q,별점,"품질 만족함.
품질 만족함.",4
153,동서가구 세렌 편백선반 LED 평상형 수납침대 Q,별점,"생각보다 푹신푹신해요. 위에 토퍼하나 하는게 좋을거같네요. 견고하고 냄새도 생각보다 만났습니다. 배송은 저는 2주걸렸네요~~^^
생각보다 푹신푹신해요. 위에 토퍼하나 하는게 좋을거같네요. 견고하고 냄새도 생각보다 만났습니다. 배송은 저는 2주걸렸네요~~^^",5
154,동서가구 세렌 편백선반 LED 평상형 수납침대 Q,별점,"배송은 조금 오래 걸렸지만 기사님이 친절하고 깔끔하게 설치해주셨어요. 9존 독립 매트리스로 선택하길 역시 잘했네요. 편안하게 잘 수 있겠어요.
배송은 조금 오래 걸렸지만 기사님이 친절하고 깔끔하게 설치해주셨어요. 9존 독립 매트리스로 선택하길 역시 잘했네요. 편안하게 잘 수 있겠어요.",5
155,동서가구 세렌 편백선반 LED 평상형 수납침대 Q,별점,"푹신하고 좋아요 잠자리가 편하네요 저렴하게 잘 산거 같아요!
푹신하고 좋아요 잠자리가 편하네요 저렴하게 잘 산거 같아요!",4
156,동서가구 세렌 편백선반 LED 평상형 수납침대 Q,별점,"깔끔하고 이쁜데 마감이 좀 미흡하네요 완전튼튼해ㆍ브이지는 않아요 기사님은 완절친절 합니다
깔끔하고 이쁜데 마감이 좀 미흡하네요 완전튼튼해ㆍ브이지는 않아요 기사님은 완절친절 합니다",4
157,동서가구 세렌 편백선반 LED 평상형 수납침대 Q,별점,"사진 그대로네요 예뻐요ㅎㅎ 매트리스는 써봐야 알 것 같아요 기사님이 친절하셔서 넘 좋았어요~
사진 그대로네요 예뻐요ㅎㅎ
매트리스는 써봐야 알 것 같아요 기사님이 친절하셔서 넘 좋았어요~",5
158,동서가구 세렌 편백선반 LED 평상형 수납침대 Q,별점,"매트리스 대만족이에요 제가 허리가 안좋은데 적당히 단단하고 적당히 푹신해요
매트리스 대만족이에요 제가 허리가 안좋은데 적당히 단단하고 적당히 푹신해요",5
159,동서가구 세렌 편백선반 LED 평상형 수납침대 Q,별점,"너무너무 좋아요 큰침대를 저렴하게 구매해서 좋습니다
너무너무 좋아요 큰침대를 저렴하게 구매해서 좋습니다",5
160,동서가구 세렌 편백선반 LED 평상형 수납침대 Q,별점,"가격대비 예쁘고 매트리스가 참좋습니다 추천합니다
가격대비 예쁘고 매트리스가 참좋습니다 추천합니다",5
161,동서가구 세렌 편백선반 LED 평상형 수납침대 Q,별점,"배송기사님의 친절한 설치 덕에 기분좋았습니다 공장에서 바로나와서 청소하느라 진땀뺏네요..상품은 만족합니다
배송기사님의 친절한 설치 덕에 기분좋았습니다
공장에서 바로나와서 청소하느라 진땀뺏네요..
상품은 만족합니다",5
162,동서가구 세렌 편백선반 LED 평상형 수납침대 Q,별점,"튼튼하고 편안해서 만족합니다~배송은 한달넘게 걸렸지만 기사님은 아주 친절하셨어요!!
튼튼하고 편안해서 만족합니다~
배송은 한달넘게 걸렸지만 기사님은 아주 친절하셨어요!!",4
163,동서가구 세렌 편백선반 LED 평상형 수납침대 Q,별점,"매트리스가 너무 딱딱하고 9존 독립? 글쎄요 딱딱해서 느낌이 너무 희미하네요
매트리스가 너무 딱딱하고 9존 독립? 글쎄요 딱딱해서 느낌이 너무 희미하네요",4
164,동서가구 세렌 편백선반 LED 평상형 수납침대 Q,별점,"괜찬네요 매트 올리기전에 절대 평상 프레임 위에 올라 가면 안되요 평상 프레임 약해서 빵꾸 뚤릴듯
괜찬네요 매트 올리기전에 절대 평상 프레임 위에 올라 가면 안되요 평상 프레임 약해서 빵꾸 뚤릴듯",4
165,동서가구 세렌 편백선반 LED 평상형 수납침대 Q,별점,"가격대비 괜찮아요매트리스도 편하고좋아요~^^
가격대비 괜찮아요
매트리스도 편하고
좋아요~^^",5
166,동서가구 세렌 편백선반 LED 평상형 수납침대 Q,별점,"배송 2주 걸렸고 가격대비 만족합니다.고맙습니다.
배송 2주 걸렸고 가격대비 만족합니다.
고맙습니다.",4
167,동서가구 세렌 편백선반 LED 평상형 수납침대 Q,별점,"우선 배송 날짜 맞춰주셔서 감사드립니다 침대는 고령의 어머님 위해서 준비했구요 침대도 예쁘고 잠도 편안하게 주무신다고 하니 더할 나위없이 만족합니다 감사합니다
우선 배송 날짜 맞춰주셔서 감사드립니다 침대는 고령의 어머님 위해서 준비했구요 침대도 예쁘고 잠도 편안하게 주무신다고 하니 더할 나위없이 만족합니다 감사합니다",5
168,동서가구 세렌 편백선반 LED 평상형 수납침대 Q,별점,"배송 기사분도 아주 친절하시구 제품도 만족스럽습니다. 하지만 별 하나를 뺀 이유는 가장자리에 흠집이 좀 있네요ㅠㅠ 하지만 보이지 않는 곳이라 그냥 사용할게요~
배송 기사분도 아주 친절하시구 제품도 만족스럽습니다. 하지만 별 하나를 뺀 이유는 가장자리에 흠집이 좀 있네요ㅠㅠ 하지만 보이지 않는 곳이라 그냥 사용할게요~",4
169,동서가구 세렌 편백선반 LED 평상형 수납침대 Q,별점,"사촌형이 이사하는데.선물했는데.너무 좋다고 합니다.좋은 제품 싸게 주셔서 감사합니다.
사촌형이 이사하는데.
선물했는데.
너무 좋다고 합니다.
좋은 제품 싸게 주셔서 감사합니다.",5
170,동서가구 세렌 편백선반 LED 평상형 수납침대 Q,별점,"심플하고 튼튼하고 이쁘네요 기사님친절
심플하고 튼튼하고 이쁘네요 기사님친절",5
171,동서가구 세렌 편백선반 LED 평상형 수납침대 Q,별점,"별로예요
주문하고 35일만에 받았어오ㅡ 배송을 비가 온다고 3주른 미루네요 그것도 배송당일 연락 오고",2
172,동서가구 세렌 편백선반 LED 평상형 수납침대 Q,별점,"부모님 침대 주문해 드렸는데 너무 좋아하시네요 사이즈도 딱 괜찮고 부모님이 좋아하시는 보니까 저도 기분이 좋네요ㅎㅎ
부모님 침대 주문해 드렸는데 너무 좋아하시네요 사이즈도 딱 괜찮고 부모님이 좋아하시는 보니까 저도 기분이 좋네요ㅎㅎ",5
173,동서가구 세렌 편백선반 LED 평상형 수납침대 Q,별점,"부들부들하고 통통튀는느낌있어요
부들부들하고 통통튀는느낌있어요",5
174,동서가구 세렌 편백선반 LED 평상형 수납침대 Q,별점,"지방 11일만에 받았습니다.설치 잘해주셨습니다상품 만족.
지방 11일만에 받았습니다.
설치 잘해주셨습니다
상품 만족.",5
175,동서가구 세렌 편백선반 LED 평상형 수납침대 Q,별점,"침대 예쁘긴한데 마감들이 완벽하진 않네요ㅜㅜ가격대비 좋으니 그냥 잘 쓸게요ㅎㅎㅎ
침대 예쁘긴한데 마감들이 완벽하진 않네요ㅜㅜ
가격대비 좋으니 그냥 잘 쓸게요ㅎㅎㅎ",4
176,동서가구 세렌 편백선반 LED 평상형 수납침대 Q,별점,"너무예쁘고 너무편하고 엄청 만족스럽습니다!배송&설치 기사님도 엄청 친절하시고 개꿀이예요다만 배송이 조금 늦었지만 그걸커버할정도로 맘에쏙들어요~
너무예쁘고 너무편하고 엄청 만족스럽습니다!
배송&설치 기사님도 엄청 친절하시고 개꿀이예요
다만 배송이 조금 늦었지만 그걸커버할정도로 맘에쏙들어요~",5
177,동서가구 세렌 편백선반 LED 평상형 수납침대 Q,별점,"배송기사님도 친절하고 가격대비 괜찮은 제품이네요
배송기사님도 친절하고 가격대비 괜찮은 제품이네요",4
178,동서가구 세렌 편백선반 LED 평상형 수납침대 Q,별점,"배송기사님 친절하시고 금액대비 만족입니다
배송기사님 친절하시고 금액대비 만족입니다",5
179,동서가구 세렌 편백선반 LED 평상형 수납침대 Q,별점,"배송이 늘려도 너무 늘려서 받고싶지 않을걸 억지로 ?아서 그런지 별로네요 짜증나요
배송이 늘려도 너무 늘려서 받고싶지 않을걸 억지로 ?아서 그런지 별로네요 짜증나요",2
180,동서가구 세렌 편백선반 LED 평상형 수납침대 Q,별점,"너무 좋아요 빠른 배송가 설치 감사합니다~~
너무 좋아요 빠른 배송가 설치 감사합니다~~",5
181,동서가구 세렌 편백선반 LED 평상형 수납침대 Q,별점,"저렴하게 잘삿어요
저렴하게 잘삿어요
마음에 들어요?",5
182,동서가구 세렌 편백선반 LED 평상형 수납침대 Q,별점,"설치 기사님께서 배송 전 해피콜와서 날짜 정했는데 굉
설치 기사님께서 배송 전 해피콜와서 날짜 정했는데

굉장히 친절 하시고, 설치도 깔끔하게 해주셔서 너무 만족합니다 ㅎㅎ",5
183,동서가구 세렌 편백선반 LED 평상형 수납침대 Q,별점,"설치기사님 친절하고 배송도 만족합니다
설치기사님 친절하고 배송도 만족합니다",5
184,동서가구 세렌 편백선반 LED 평상형 수납침대 Q,별점,"배송 직원분이 친절하고 침대도 좋아요
배송 직원분이 친절하고 침대도 좋아요",5
185,동서가구 세렌 편백선반 LED 평상형 수납침대 Q,별점,"배달설치해주시는분이 너무너무친절하시고 3층계단인데 사다리차 안부르시고 혼자옮겨서 설치해주셔서 계단고생비좀드렸어요 친절함에 감사드려요
배달설치해주시는분이 너무너무친절하시고 3층계단인데 사다리차 안부르시고 혼자옮겨서 설치해주셔서 계단고생비좀드렸어요 친절함에 감사드려요",5
186,동서가구 세렌 편백선반 LED 평상형 수납침대 Q,별점,"배송도 빠르고 기사님도 친절하네요
배송도 빠르고 기사님도 친절하네요",5
187,동서가구 세렌 편백선반 LED 평상형 수납침대 Q,별점,"dgfdhgfjghkjhl
dgfdhgfjghkjhl",5
188,동서가구 세렌 편백선반 LED 평상형 수납침대 Q,별점,"친절하게 배송 잘받았습니다.
친절하게 배송 잘받았습니다.",5
189,동서가구 세렌 편백선반 LED 평상형 수납침대 Q,별점,"생각한대로 맛이좋습니다. 꾸준히 잘먹고 있습니다.
생각한대로 맛이좋습니다. 꾸준히 잘먹고 있습니다.",5
190,동서가구 세렌 편백선반 LED 평상형 수납침대 Q,별점,"최고예요
사진과 그대로입니다! 너무이쁘고요!기스하나없이 깔끔하게 포장되서 왔습니다! 배송도 만족합니다.배송기사님이 날두 더운데 꼼꼼히 조립해주셨구요감사합니다^^",5
191,동서가구 세렌 편백선반 LED 평상형 수납침대 Q,별점,"배송기사님 정말친절하심
배송기사님 정말친절하심",5
192,동서가구 세렌 편백선반 LED 평상형 수납침대 Q,별점,"생각보다 배송도 빨랐고, 침대도 예뻤던것 같아서 좋았습니다.원래 20일정도 생각했었는데,배송 거의 일주일도 안되서 온것같아서 만족했습니다!
생각보다 배송도 빨랐고, 침대도 예뻤던것 같아서 좋았습니다.
원래 20일정도 생각했었는데,배송 거의 일주일도 안되서 온것같아서 만족했습니다!",5
193,동서가구 세렌 편백선반 LED 평상형 수납침대 Q,별점,"설치기사 진짜 4가지없어요 진짜 리뷰에 설치기사 말
설치기사 진짜 4가지없어요 진짜
리뷰에 설치기사 말 많던데 설마 저일줄 몰랐죠,.
와..",5
194,동서가구 세렌 편백선반 LED 평상형 수납침대 Q,별점,"배송기사 친절하고 원하는 날짜에 와주셨네요. 감사합니다.
배송기사 친절하고 원하는 날짜에 와주셨네요. 감사합니다.",5
195,동서가구 세렌 편백선반 LED 평상형 수납침대 Q,별점,"생각보다 너무너무 좋아요
생각보다 너무너무 좋아요",5
196,동서가구 세렌 편백선반 LED 평상형 수납침대 Q,별점,"잘썻씁니다 감사합니다
잘썻씁니다 감사합니다",3
197,동서가구 세렌 편백선반 LED 평상형 수납침대 Q,별점,"푹신푹신하고 좋습니다
푹신푹신하고 좋습니다",5
198,동서가구 세렌 편백선반 LED 평상형 수납침대 Q,별점,"잘썼습니다 감사합니다
잘썼습니다 감사합니다",3
199,동서가구 세렌 편백선반 LED 평상형 수납침대 Q,별점,"침대 디자인/ 편안함/ 설치기사님의 친절함 모두 좋았음
침대 디자인/ 편안함/ 설치기사님의 친절함 모두 좋았음",5
200,동서가구 세렌 편백선반 LED 평상형 수납침대 Q,별점,"아쥬맘에들어여!디자인도 예쁘고특히 조명과 콘센트가 맘에들어여
아쥬맘에들어여!
디자인도 예쁘고
특히 조명과 콘센트가 맘에들어여",5
201,동서가구 세렌 편백선반 LED 평상형 수납침대 Q,별점,"완전 푹신푹신 짱이에요
완전 푹신푹신 짱이에요",5
202,동서가구 세렌 편백선반 LED 평상형 수납침대 Q,별점,"Abwbehshsnejejs
Abwbehshsnejejs",5
203,동서가구 세렌 편백선반 LED 평상형 수납침대 Q,별점,"11월29일에 주문하고 12월 9일 배송받았습니다 기사님도 친절하게 전화주셔서 감사합니다~
11월29일에 주문하고 12월 9일 배송받았습니다 기사님도 친절하게 전화주셔서 감사합니다~",5
204,동서가구 세렌 편백선반 LED 평상형 수납침대 Q,별점,"최고예요
배송도 빠르고 좋습니다.만족해요~^^딱 좋습니다~~~~",5
205,동서가구 세렌 편백선반 LED 평상형 수납침대 Q,별점,"배송은 정말 오래걸렸습니다.... 기사분이 너무 친절히 잘해주셔서 만족만족합니다! 감사합니다
배송은 정말 오래걸렸습니다....기사분이 너무 친절히 잘해주셔서 만족만족합니다!감사합니다",5
206,동서가구 세렌 편백선반 LED 평상형 수납침대 Q,별점,"좋아요 빠른배송친절배송
좋아요 빠른배송친절배송",5
207,동서가구 세렌 편백선반 LED 평상형 수납침대 Q,별점,"그저 그래요그저 그래요
그저 그래요
그저 그래요",2
208,동서가구 세렌 편백선반 LED 평상형 수납침대 Q,별점,"너무너무너무 조아욘
너무너무너무 조아욘",5
209,동서가구 세렌 편백선반 LED 평상형 수납침대 Q,별점,"잘받았습니다 잘받았습니다 잘받았습니다
잘받았습니다 잘받았습니다 잘받았습니다",5
