﻿,type,category,review,star
1,세진침대 앤디 LED 깊은 수납 침대 SS,별점,"12시 배송오신다고 하시고 늦어도 1시까지 라고 하셔서 마냥 기다렸는데.5시가 되어도 연락이 없어 전화했더니 미안하다는 말 한마디 없으시고 6시까지 오시겠다고.라텍스 메트리스 맞냐
12시 배송오신다고 하시고 늦어도 1시까지 라고 하셔서 마냥 기다렸는데.5시가 되어도 연락이 없어 전화했더니 미안하다는 말 한마디 없으시고 6시까지 오시겠다고.라텍스 메트리스 맞냐고 물었더니 그럼 돈 생각 말고 메트리스 갈라서 보라며 실실 웃으시네요.더운날씨 힘드실까봐 늦게 오신거 아무말도 안했고 무거운 짐 가족들이 다 들어주고 밀어주고 도와드려서 설치 20분 안되어서 끝났어요.그리고 수고하셨다고 말하며 혹시 배송비는 어떻게 되냐고 물었더니 없는데 주실꺼면 주라고 또 실실웃으며 안나가고 손내밀고 계시더라구요.메트리스 얘기 할때 농담이려니 하고 참았는데 아닌거 같다는 확신에 너무 기분이 나쁘더라구요.제품도 모서리는 색이 안입혀져 있고 까져있고..큰 하자는 아니라서 참고 있지만 관계자분들 반성하시길...그리고 같은 세진침대 일반메트리스는 세일해서 188000원 판매하던데.... 라텍스도 아니고 인조라고 하네요..2센치 깔려있어서 아무런 느낌도 없어요.",3
2,세진침대 앤디 LED 깊은 수납 침대 SS,별점,"남자아이방 침대로 구입했어요.14일에 주문해서 26일에 배송 설치받았어요.(배송)배송기사분이 하루전에 문자주셔서 일정확인하셨고 약속한 시간에 와주셔서 감사했네요.설치할때도 진짜 친
남자아이방 침대로 구입했어요.
14일에 주문해서 26일에 배송 설치받았어요.
(배송)배송기사분이 하루전에 문자주셔서 일정확인하셨고 약속한 시간에 와주셔서 감사했네요.
설치할때도 진짜 친철 그 자체... 감동이더라구요.
(제품)생각한것보다 실제 받아보니 더 깔끔하네요.
높은 수납으로 침대가 높긴 하지만 아이가 좋아하니 저도 좋습니다.
수납이 높아서 두꺼운 옷들도 수납하기 좋겠어요. 이것도 만족~
색상은 오크화이트 선택했는데 굳초이스!
Led등 아래쪽 일부분에 흠이 있긴 한데 쓰는데 지장없어 걍 통과~
벙커부분이 아래판이 없는 제품도 많은데 요 침대는 벙커부분도 아래판이 있어 만족~
몇 안남은 국산제조 제품이라 그것도 만족~
가장 기본 매트리스라 고급스럽진 않지만 가성비 좋아 만족~
(가격)gs가 가격이 젤 좋아 주문했는데 배송받을때보니 구입한 가격보다 좀 올랐더라구요. 아주 뿌듯하네요.
비싼제품들이 더 좋긴 하겠지만 가성비좋고 사용하기 편하면 좋은 제품이라 생각합니다.대만족입니다.",5
3,세진침대 앤디 LED 깊은 수납 침대 SS,별점,"침대 자체는 괜찮은데 그 외에 모든것이 짜증 그자체에요너무 어이없는 일 많아서 머부터 말해야할지배송 26일 걸렸어요 며칠전 배송 온다해서 출근햇다 그 시간 맞춰 들어왓더니 배송기사
침대 자체는 괜찮은데 그 외에 모든것이 짜증 그자체에요
너무 어이없는 일 많아서 머부터 말해야할지
배송 26일 걸렸어요 며칠전 배송 온다해서 출근햇다 그 시간 맞춰 들어왓더니 배송기사 하는 말이 침대프레임만 갖고오고 매트리스를 안갖고 왓다고 4일만에 다른분이 매트리스 갖고왓더라구요 설치후 착불배송비 첨 얘기한 금액보다 5천원 더 얘기해서 첨 배송기사하고 통화녹음 들려주니 수긍하더라구요 배송비 갖고 속이지않는다 말해도 안믿고 기어이 녹음을 확인하구요
자기들 실수로 배송도 늦어?으면서 베송비는 더 챙기고 싶엇나바요 배송비 8만원 ?어요
부부가 왓는데 두사람 다 화장실을 쓴다고해서 찝찝햇지만 안된다할수 없어서 쓰라햇더니 남자는 서서 소번보고 옆에다 튀게해놓고 갓어요 우리집 건식화장실인데 물청소햇네요 요즘같은때 화장실정도는 다른곳에서 해결해야 되는거 아닌가요
정말 짜증도 나지만 더러워세
침대가 어떤지는 눈에 들어오지도 않아요 그것들 하는 꼬라지땜에",1
4,세진침대 앤디 LED 깊은 수납 침대 SS,별점,"배송 - 4월7일 주문 4월22일 배송완료고객센터에 계속 문의넣어서 그나마 조금은 빠르게 받은듯합니다..설치기사님-친절하세요다만 약속시간을 맞추지못하셔서 오후출근이 세시간 더 늦
배송 - 4월7일 주문 4월22일 배송완료고객센터에 계속 문의넣어서 그나마 조금은 빠르게 받은듯합니다..설치기사님-친절하세요다만 약속시간을 맞추지못하셔서 오후출근이 세시간 더 늦어졌지만..땀흘리며 조립하시고 미안하다 말씀해주시더라구요아이스아메리카노 한잔과 시원한 물한잔드렸네요혼자서 두개설치하시느라 고생하셨어요상품-필름지가 불량이 있는데 교환번거로워 그냥사용하려구요..수납은 생각보다 더 좋네요냄새가 조금 나긴합니다 요건 시일이 지나야할것같아요전체적으로는 만족해요오프라인 가격대와는 비교불가더라구요거의 한개살돈으로 두개산정도",4
5,세진침대 앤디 LED 깊은 수납 침대 SS,별점,"애들 전세집에 두개했어요. 날짜 맞춰서 설치해주시고 꼼꼼하게 설치도 해주셔서 감사합니다. 서랍장도 폭이 깊고 낮은서랍도 두칸있어서 속옷 양말 분리해서 수납하기 좋았어요. 반쪽에는
애들 전세집에 두개했어요. 날짜 맞춰서 설치해주시고 꼼꼼하게 설치도 해주셔서 감사합니다. 서랍장도 폭이 깊고 낮은서랍도 두칸있어서 속옷 양말 분리해서 수납하기 좋았어요. 반쪽에는 겨울옷과 겨울이불도 보관해서 집안 정리하기 쉬웠어요.따로 수납장을 살필요가 없어서 경제적으로도 가격도 저렴하고 튼튼하고 정말 ?찬은 상품으로 추천합니다.매트리스도 좋아서 애들이 푹 잘잤다네요~앞으도 좋은품질 디자인상품 부탁드려요.",5
6,세진침대 앤디 LED 깊은 수납 침대 SS,별점,"상품점수 별4개반,배송빠르기점수 별2개배송점수 별반개,배송기사점수 별없음배송이 일단은 너무 느려요.10월15일결재했는데 배송은11월3일날 왔어요.배송기사님이 2일날전화가 왔는데 낮
상품점수 별4개반,배송빠르기점수 별2개배송점수 별반개,배송기사점수 별없음배송이 일단은 너무 느려요.10월15일결재했는데 배송은11월3일날 왔어요.배송기사님이 2일날전화가 왔는데 낮12시경에 오신다네요.집에 사람은 없고 2시경에 오시면 안된다고하시며 만약 못받으면 왕복택배비가 나온다네요 다행이 일이없어서 받기는했는데 만약 일이 생겼으면 또언제 받을지도모르고 왕복택배비는 물어야하고 일방적으로 시간정하니 쫌 아쉬웠지요.더 화가나는것은배송기사님 오시더니 작은방을 보시더니 제가붇박이책상을 작은방에 만들어놨어요 오자마자 이게있으면 설치가 안되다고 하시더라구요 사이즈를 재보고 구입했는데 ㅠ그러더니 또 너무좁아서 설치가 안되다구하시기에 저도화가나서 그럼 박스만빼고 가시라했죠 바쁘시니 그러겠죠 하지만 설치가안된다보다는 이러하니깐 이렇게 설치해드리면 어떨까라고 물어봐주셨으면 좋았을텐데 무조건 설치안되요는 아니지않나요 배송느려 시간은 기사 시간맞춰야해 설치는 이래힘들다저래힘들다 왕짜증",1
7,세진침대 앤디 LED 깊은 수납 침대 SS,별점,"아버지가 무릎이 불편하다 하셔서 거실에 놓겠다 하셔서 S로 주문했어요매트는 상품평대로 딱딱해요설치가 생각보다 빨리 해주셨고스케줄 잡느냐 기사님과 여러번 통화했는데저렴한 가격에 구입
아버지가 무릎이 불편하다 하셔서 거실에 놓겠다 하셔서 S로 주문했어요
매트는 상품평대로 딱딱해요
설치가 생각보다 빨리 해주셨고
스케줄 잡느냐 기사님과 여러번 통화했는데
저렴한 가격에 구입한거 감안하고
침대를 조립 및 이동에 따른 시간 소요가 있으니 이해했습니다
수납장 있고 좋아요 프레임만 기대한 상태라서 더
감사합니다",5
8,세진침대 앤디 LED 깊은 수납 침대 SS,별점,"불량이 배송되 일줄이상 정리도 못하고 바닦취침등의 소비자 불편에 대한 업체측 사과나 조치가 없었으며 침대 몸체가 2개로 나눠진 수납형 침대인데 한쪽이 많이 쪼개져 교체한반쪽이 높이
불량이 배송되 일줄이상 정리도 못하고 바닦취침등의 소비자 불편에 대한 업체측 사과나 조치가 없었으며 침대 몸체가 2개로 나눠진 수납형 침대인데 한쪽이 많이 쪼개져 교체한반쪽이 높이가 맞지 않아 매트리스가 망가질 우려가 있어 사진을 찍어 보냈으나 묵살당했습니다. 소비자보호원에 고발 하려다 참았습니다. 이사하고 기쁘게한 쇼핑에 오히려 기분만 상하고 말았습니다. 항상 믿고 구매하는 GS 인데 이번엔 정말 실망스럽습니다!",1
9,세진침대 앤디 LED 깊은 수납 침대 SS,별점,"이 가격에 이 침대라니~ 진짜 대박이예요!저는 아무생각없이 딱 침대 들어갈자리만 비워놨는데 기사님 당황하셨으나 옆의 가구들 잘 옮기시고 설치 잘해주고 가셨습니다. led 등, 콘센
이 가격에 이 침대라니~ 진짜 대박이예요!
저는 아무생각없이 딱 침대 들어갈자리만 비워놨는데 기사님 당황하셨으나 옆의 가구들 잘 옮기시고 설치 잘해주고 가셨습니다.
led 등, 콘센트, 튼튼한 서랍에 배송비도 없고 진짜 대박이예요, 매트리스도 엄청 좋아요
서랍도 크고 깊어서 수납짱이예요
너무 좋아서 큰아들것도 이 침대로 바꾸려구요",5
10,세진침대 앤디 LED 깊은 수납 침대 SS,별점,"비오는날에 배송기사님 고생하시며 설치해 주셨어요매트는 쿠션감은 많지는 않지만 단단해서 좋구요침대는 실용적이어서 냄새만 빼고 나면 좋을거 같습니다군데 군데 스크래치도 있고 헤드부분의
비오는날에 배송기사님
고생하시며 설치해 주셨어요
매트는 쿠션감은 많지는 않지만 단단해서 좋구요
침대는 실용적이어서 냄새만 빼고 나면 좋을거 같습니다
군데 군데 스크래치도 있고 헤드부분의 오픈형 수납은 끝까지 열리지 않아서 별하나 뺐습니다
색상은 화면 보여지는데로 입니다",4
11,세진침대 앤디 LED 깊은 수납 침대 SS,별점,"설치한지 1주일되서 조명 옆에 열고 닫는 문이 빠졌는데. 15만원 달라네요..부숴지고 파손된것도 반품 환불은커녕 내돈주고 고쳐야 합니다.10일인가 오래 걸리더래도 수리해준다고는 햇
설치한지 1주일되서 조명 옆에 열고 닫는 문이 빠졌는데. 15만원 달라네요..부숴지고 파손된것도 반품 환불은커녕 내돈주고 고쳐야 합니다.10일인가 오래 걸리더래도 수리해준다고는 햇는데 마냥 기다려보고 소비자센터나 고발할 생각입니다",1
12,세진침대 앤디 LED 깊은 수납 침대 SS,별점,"예쁘고 좋아요아직은 냄새가 심해서 환기중인데 얼마쯤 지나야 쓸수 있을지 모르겠어요매트리스는 매우 기본형이고 개인취향이지만 토퍼를 올려줘야 잘 수 있을것 같아요가격대비 만족이라 별하
예쁘고 좋아요아직은 냄새가 심해서 환기중인데 얼마쯤 지나야 쓸수 있을지 모르겠어요매트리스는 매우 기본형이고 개인취향이지만 토퍼를 올려줘야 잘 수 있을것 같아요가격대비 만족이라 별하나는 뺏어요주문하고 가격이 내리다니... 무척 슬픕니다",4
13,세진침대 앤디 LED 깊은 수납 침대 SS,별점,"배송이 2주 걸렸지만~~기다림이 길었네요이건 지방이라 그럴수있으니 ~기다려야조^^배송료가 다른 싸이트와 다르더군요 ㅠ 전 지에스 믿고 주문했지만 무튼 그렇다고하니?이래저래 할인도
배송이 2주 걸렸지만~~기다림이 길었네요이건 지방이라 그럴수있으니 ~기다려야조^^배송료가 다른 싸이트와 다르더군요 ㅠ 전 지에스 믿고 주문했지만 무튼 그렇다고하니?이래저래 할인도 포함해 좀 저렴히 구입했는데 배송료가 지에스가 더 비싸서 결국엔 ㅠ 하지만 설치기사님이 잘 안맞는 서랍들을 친절하게 꼼꼼히 잘 조절해 주셔서 걍 잘 사용해봅니다 혼자서 잘 설치해주시며 감사합니다또 아이들이 너무나 좋아하고 넘많은걸 수납할수 있다는 장점이 신의한수네요 좋아요 ~~아이들이 좋아하면 그걸로 됩니다",4
14,세진침대 앤디 LED 깊은 수납 침대 SS,별점,"침대두개를 샀는데 매트리스하나는 괜찮은데 하나는 사용한지 2~3일만에 꺼진곳이 몇군데 있는데 불량이 아니라고 교환도 안된다네요.사진으로 찍어도 표현이 좀 힘든 부분도 있었지만 매트
침대두개를 샀는데 매트리스하나는 괜찮은데 하나는 사용한지 2~3일만에 꺼진곳이 몇군데 있는데 불량이 아니라고 교환도 안된다네요.사진으로 찍어도 표현이 좀 힘든 부분도 있었지만 매트리스 4cm가라앉아야 불량으로 인정한다네요.침대 저렴하게 산것같아 좋아는데 딱 서비스가 금액만큼 하네요.이 침대산거 엄청 후회되네요.",1
15,세진침대 앤디 LED 깊은 수납 침대 SS,별점,"딸 사용하려 폭풍 검색하다 구입했어요디자인은 마음에듬수납등 실용성 짱냄새 많이 난다고했으나 거의 없음배송료는 기타등등 포함해서 11만원 쬠더줌 배보다 배꼽이 크다생각됨 이것 저것
딸 사용하려 폭풍 검색하다 구입했어요
디자인은 마음에듬
수납등 실용성 짱
냄새 많이 난다고했으나 거의 없음
배송료는 기타등등 포함해서 11만원 쬠더줌 배보다 배꼽이 크다생각됨 이것 저것 붙으니 오십만원이 훌쩍 넘음 가격은 비싼편에 속함
이것 저것 하자 있으나 귀찮고 번거롭고 기사님 친절하셔서 그냥 씀
하자 많으나 사진 찍기도 귀찮음",4
16,세진침대 앤디 LED 깊은 수납 침대 SS,별점,"생각보다 배송이 빨리 왔어요.초등학생 사용할 용도로 구입했는데요수납공간 활용하기 너무 좋아요.베드는 막 푹신하지 않아도 사용하기 편하고요~가구냄새는 금방 빠졌어요.살짝 아쉬운건 헤
생각보다 배송이 빨리 왔어요.
초등학생 사용할 용도로 구입했는데요
수납공간 활용하기 너무 좋아요.
베드는 막 푹신하지 않아도 사용하기 편하고요~
가구냄새는 금방 빠졌어요.
살짝 아쉬운건 헤드부분 서랍장?
열고 닫기가 조금 뻑뻑해서 그건 사용하지 않기로
했네요.^",5
17,세진침대 앤디 LED 깊은 수납 침대 SS,별점,"상품도 완전맘에 드네요...튼튼하고... 사진상 서랍 색깔이 흰색이라... 이상하지 않을까했는데... 같이 나무결 모양이 들어가 있으니.. 통일되보이고 수납도 되고 조명도 되고 튼
상품도 완전맘에 드네요...튼튼하고... 사진상 서랍 색깔이 흰색이라... 이상하지 않을까했는데... 같이 나무결 모양이 들어가 있으니.. 통일되보이고 수납도 되고 조명도 되고 튼튼한것 같아 가격대비 완전 맘에 듭니다.. 설치는 10일 정도 걸렸네요...~~^^",5
18,세진침대 앤디 LED 깊은 수납 침대 SS,별점,"헤드윗부분시트지 끝마감이제대로안되어있는데 번거로워서그냥쓰기로했는데 아래큰서랍두개가 다불량이네요 교환은해주신다고하는데 한개도아니고~첨부터 잘만들어주시면안되는지 가격저렴하다고 대충은만
헤드윗부분시트지 끝마감이제대로안되어있는데 번거로워서그냥쓰기로했는데 아래큰서랍두개가 다불량이네요 교환은해주신다고하는데 한개도아니고~첨부터 잘만들어주시면안되는지 가격저렴하다고 대충은만들지않았으면합니다.",3
19,세진침대 앤디 LED 깊은 수납 침대 SS,별점,"제가 직장을 다녀 낮에 집에 없던 관계로 설치하는 모습은 직접 보지못했으나 기사님이 친절하게 잘 설치해주고 가셨어요. 그런데 LED등이 불이 안들어오네요ㅠㅠ 이부분까지 처리되있다
제가 직장을 다녀 낮에 집에 없던 관계로 설치하는 모습은 직접 보지못했으나 기사님이 친절하게 잘 설치해주고 가셨어요. 그런데 LED등이 불이 안들어오네요ㅠㅠ 이부분까지 처리되있다면 참 좋았을걸 하는 아쉬윔이 남습니다.
침대가 심플하고 깔끔해서 좋아요????
가격대비 가성비는 좋은것 같아요~~",4
20,세진침대 앤디 LED 깊은 수납 침대 SS,별점,"자취하는 자녀한테 보냈는데 배송은 엄청 빨리왔어요 다만 상품을 어디 창고에서 가져왔는지 침대프레임이 너무 더럽고 나무사이사이에 먼지가 껴서 그거 닦는다고 고생했다고 해요 딸이 하
자취하는 자녀한테 보냈는데 배송은 엄청 빨리왔어요 다만 상품을 어디 창고에서 가져왔는지 침대프레임이 너무 더럽고 나무사이사이에 먼지가 껴서 그거 닦는다고 고생했다고 해요 딸이 하는말이 어디 쓰레기장에서 주워왔나 했데요 너무 더러워서요",2
21,세진침대 앤디 LED 깊은 수납 침대 SS,별점,"생각보다 새가구 냄새는 덜 합니다1월마지막주에 시켰는데 15일정도 걸렸네요쓰던 침대를 너무 일찍 처분해서 바닥생활 2주가고통이었습니다 배송빼고 전체적으로 만족했으나머리위 선반을 내
생각보다 새가구 냄새는 덜 합니다1월마지막주에 시켰는데 15일정도 걸렸네요쓰던 침대를 너무 일찍 처분해서 바닥생활 2주가고통이었습니다 배송빼고 전체적으로 만족했으나머리위 선반을 내렸는데 다시 접히지가 않네요뭐가 잘못?는지 기사님 다시 부르기 귀찮아서 남편올때까지 기다리려구요ㅜㅜ별 뺍니다",3
22,세진침대 앤디 LED 깊은 수납 침대 SS,별점,"제가 일이 있어 아들한테 얘기해 놓고 갔더니 기사님 설치하시고 걍 가셨네요. 근데 매트리스 한쪽이 찢어져 있네요ㅠㅠ 어찌 설치하시면서 찢어진걸 못 봤다고 본사에 전화해서 접수하라고
제가 일이 있어 아들한테 얘기해 놓고 갔더니 기사님 설치하시고 걍 가셨네요. 근데 매트리스 한쪽이 찢어져 있네요ㅠㅠ 어찌 설치하시면서 찢어진걸 못 봤다고 본사에 전화해서 접수하라고 하는데 업무시간이 4시까지라 연결도 안 되고...또 얼마나 기다려야 되는지. 마감도 몇군데 아쉽네요. 매트리스는 교환부탁드립니다",3
23,세진침대 앤디 LED 깊은 수납 침대 SS,별점,"수납때문에 이침대를 샀습니다.모두가 기대하듯 수납공간은 굉장히 넓고 튼튼하며 편리합니다.대개 이런 유형의 침대가 바닥이 뚫려있는 경우가 많은데 이침대는 막혀있습니다.LED와 콘센트
수납때문에 이침대를 샀습니다.
모두가 기대하듯 수납공간은 굉장히 넓고 튼튼하며 편리합니다.
대개 이런 유형의 침대가 바닥이 뚫려있는 경우가 많은데 이침대는 막혀있습니다.
LED와 콘센트가 있는 점도 굉장히 마음에 듭니다.
4단서랍장이라 상의 하의 양말 속옷 으로 나눠서 수납할 수 있습니다.",5
24,세진침대 앤디 LED 깊은 수납 침대 SS,별점,"처음엔 배송이 담주나 되야지 가능하대서 기대도 않고 있었는데.생각보다 빨리 배송되었어요.기사분이 배송료 잘못 말씀해주신것도 gs에 문의해서 바로 정정할
처음엔 배송이 담주나 되야지 가능하대서 기대도 않고 있었는데.생각보다 빨리 배송되었어요.기사분이 배송료 잘못 말씀해주신것도 gs에 문의해서 바로 정정할수 있어서 안심되었어요.침대색상도 칙칙하지 않고 세련된 그레이 색이라 너무 맘에 들어요..냄새가 심하다는 분도 계셨지만 저희는 다행히 냄새도 안나고 너무 만족스러워요.",5
25,세진침대 앤디 LED 깊은 수납 침대 SS,별점,"배송도 생각했던거 보다 빠르고 무엇보다도 침대가 너무 마음에 들어요. 매트리스도 살짝하드하면서 적당히 폭신해서 좋아요. 수납은 생각보다 넓고 깊어서 아주 유용하게 잘쓸것같아요굿
배송도 생각했던거 보다 빠르고 무엇보다도 침대가 너무 마음에 들어요. 매트리스도 살짝하드하면서 적당히 폭신해서 좋아요. 수납은 생각보다 넓고 깊어서 아주 유용하게 잘쓸것같아요
굿 초이스~!! 세진으로 선택잘한것같아요~",5
26,세진침대 앤디 LED 깊은 수납 침대 SS,별점,"7-2일시켜서 14일도착한데놓고 전화한통없고 ‥몃번문의하고전화하니 담주월화오신다하고 또연락없고 또문의해서23일 목욜 받았는데 몃시쯤온단말없이12시쯤간다하곤당일10시조금넘어바로전화와
7-2일시켜서 14일도착한데놓고 전화한통없고 ‥몃번문의하고전화하니 담주월화오신다하고 또연락없고 또문의해서23일 목욜 받았는데 몃시쯤온단말없이12시쯤간다하곤당일10시조금넘어바로전화와서 집앞이라고전화오고 ‥다일해서집에없는데 이건무슨경우인건지 벌써환불하고싶었는데기다린게아까워 받으니 배송비3만원까지 현금내고 싸구려티도나고‥넘 배송해주신분 성의도 기본도없으시고 진짜 기분나쁘네요‥약속안지킨건세번이나 그쪽에서어기놓고 배송비까지내고 건1달기다리고 ㅜㅜ너무합니다,",1
27,세진침대 앤디 LED 깊은 수납 침대 SS,별점,"배송 오래 기다려야 되는줄 알았는데 생각보다 금방 스피드하게 받았구요.배송비두 타사이트보다저렴하구 행사가격에 아주 잘 득템했어요.서랍들 다 열어놓구 며칠 냄새뺐더니 괜찮구요.이
배송 오래 기다려야 되는줄 알았는데 생각보다 금방 스피드하게 받았구요.배송비두 타사이트보다저렴하구 행사가격에 아주 잘 득템했어요.
서랍들 다 열어놓구 며칠 냄새뺐더니 괜찮구요.이불 잘 정리해서 넣어두니 넘좋아요.색상두 탁월하게 고른거 같구요.",5
28,세진침대 앤디 LED 깊은 수납 침대 SS,별점,"아들방. 딸방 침대 바뀌줬어요~~디자인 너무 좋고 실용적이고 가성비 갑 입니다.강추~~~!!!아이들이 모두 좋아 합니다.설치해주시는 분이 너무 배송이 늦여서 죄송하다고 하셔서 제가
아들방. 딸방 침대 바뀌줬어요~~디자인 너무 좋고 실용적이고 가성비 갑 입니다.강추~~~!!!아이들이 모두 좋아 합니다.설치해주시는 분이 너무 배송이 늦여서 죄송하다고 하셔서 제가 다 미안할 정도였어요.땀흘리며 두개다 설치해 주고 가셔서 간식드시라고 토스트 만들어 드렸습니다~~~Gs에도 감사드려요. 계속 배송확인 전화 주셔서~~~",5
29,세진침대 앤디 LED 깊은 수납 침대 SS,별점,"배공이 넘 느리고 배달기사는 인상 팍팍 쓰고 어이없었어요. 배송은 본인이 직접 배달해서 설치해야되는데 싱글이여서 혼자 왔다고 함께 들어주라하고...함께 들어줄 사람이 없다고하니 인
배공이 넘 느리고 배달기사는 인상 팍팍 쓰고 어이없었어요. 배송은 본인이 직접 배달해서 설치해야되는데 싱글이여서 혼자 왔다고 함께 들어주라하고...함께 들어줄 사람이 없다고하니 인상쓰는데 어처구니가 없더라구요. 두번다시 가구를 온라인 구매안하고 싶어요. 넘넘 불친절",2
30,세진침대 앤디 LED 깊은 수납 침대 SS,별점,"정확하게주문후한달만에배송받았네요~딸한테보낸거라실물은못본터라제품이어떤지는모르겠어요~이사날자맞춰서주문했는데배송이늦어져서한달간어수선한분위기로있었어요~자재가없어서배송이늦는다는둥말도안되는답
정확하게주문후한달만에배송받았네요~딸한테보낸거라실물은못본터라제품이어떤지는모르겠어요~이사날자맞춰서주문했는데배송이늦어져서한달간어수선한분위기로있었어요~자재가없어서배송이늦는다는둥말도안되는답변만오고이렇게늦을줄알았으면처음부터주문을넣지도않았을터인데실망만큽니다~이문제해결해주실려고애쓰신GS상담원분너무친절히응대해주셔서감사드립니다~",3
31,세진침대 앤디 LED 깊은 수납 침대 SS,별점,"생각보다 깔끔하고 마음에 들어요~배송도 느리지않고 배송기사님도 넘 친절하셔서 넘 감사했어요~4층까지 올라오셔야해서 정말 힘드셔을텐데 자리도 잘 잡아주시고 매
생각보다 깔끔하고 마음에 들어요~배송도 느리지않고 배송기사님도 넘 친절하셔서 넘 감사했어요~4층까지 올라오셔야해서 정말 힘드셔을텐데 자리도 잘 잡아주시고 매트리스는 잠깐 누워봐는데 편하네요 그리 푹신하지도 딱딱하지도 않아요~잘사용하겠습니다",5
32,세진침대 앤디 LED 깊은 수납 침대 SS,별점,"배송기사님 친절하셔서 아주 만족합니다 지방이라 2주 걸렸구요 다자인이 마음에 쏙 들구요 서랍장도 레일형이며 고급져보이고 수납공간이 많아서 좋아요 led등도 콘센트두 마음에 들구
배송기사님 친절하셔서 아주 만족합니다
지방이라 2주 걸렸구요
다자인이 마음에 쏙 들구요
서랍장도 레일형이며 고급져보이고
수납공간이 많아서 좋아요
led등도 콘센트두 마음에 들구요
합니다",5
33,세진침대 앤디 LED 깊은 수납 침대 SS,별점,"예상보다 배송이 엄청 빨리 왔어요! 침대는 수납공간이 많아서 실용적이라 정말 만족합니다.매트리스도 엄청 단단하지도 그렇다고 엄청 푹신하지도 않은 적당한 느낌이라 저랑 잘 맞았어요
예상보다 배송이 엄청 빨리 왔어요!
침대는 수납공간이 많아서 실용적이라 정말 만족합니다.
매트리스도 엄청 단단하지도 그렇다고 엄청 푹신하지도 않은 적당한 느낌이라 저랑 잘 맞았어요.
침대 설치하러 와주신 기사님도 친절하셔서 좋았습니다.",5
34,세진침대 앤디 LED 깊은 수납 침대 SS,별점,"배송이 한달정도 기다려야 한다더니 보름만에 왔어요 기다림에 지칠무렵 와서 좋았어요 택배기사님도 친절하시고 침대 벙커수납하고 휴대폰충전기등 등까지 만족합니다 서랍도 크네요 침대는 딱
배송이 한달정도 기다려야 한다더니 보름만에 왔어요 기다림에 지칠무렵 와서 좋았어요 택배기사님도 친절하시고 침대 벙커수납하고
휴대폰충전기등 등까지 만족합니다 서랍도 크네요 침대는 딱딱한 편인데 전 더 좋아요 사위가 쓸건데 좋습니다",5
35,세진침대 앤디 LED 깊은 수납 침대 SS,별점,"15일 주문에서 오늘 받았어요~ 지방 배송비 + 엘리베이터 없어 계단 수고비배송기사님 4층까지 힘들게 들고 오셔서 설치 잘해주시고 감사합니다! 수납함도 많고 냄새가 좀 나지만 괜
15일 주문에서 오늘 받았어요~ 지방 배송비 + 엘리베이터 없어 계단 수고비배송기사님 4층까지 힘들게 들고 오셔서 설치 잘해주시고 감사합니다! 수납함도 많고 냄새가 좀 나지만 괜찮아요 매트리스는 다른 상품으로 와서 설치했어요매트리스가 파워본넬 아니고",5
36,세진침대 앤디 LED 깊은 수납 침대 SS,별점,"아이들방~침대 바꿔줬어요. 기사님 친절하시고.. 매트리스가 독립이라 그런지~확실히 좋아요.오크화이트는~따뜻함이 전해지고요..그레이화이트는~모던하네요. 그레이화이트..서랍손잡이가 다
아이들방~침대 바꿔줬어요.
기사님 친절하시고..
매트리스가 독립이라 그런지~확실히 좋아요.
오크화이트는~따뜻함이 전해지고요..
그레이화이트는~모던하네요.
그레이화이트..서랍손잡이가 다 까져 있어요. 교환전화하기 귀찮아서 그냥 쓰려고요.",5
37,세진침대 앤디 LED 깊은 수납 침대 SS,별점,"배송은 10일정도 걸린거 같아요2층주택인데 기본배송비만 받고 추가배송비 없이2층까지 옮겨주시고 설치해주시고 가셨어요침대는 깔끔하고 이쁘네요수납뚜껑이 완전분리형이라 짐을 넣고빼기 좋
배송은 10일정도 걸린거 같아요
2층주택인데 기본배송비만 받고 추가배송비 없이
2층까지 옮겨주시고 설치해주시고 가셨어요
침대는 깔끔하고 이쁘네요
수납뚜껑이 완전분리형이라 짐을 넣고빼기 좋네요

그래도 좋네요
.",5
38,세진침대 앤디 LED 깊은 수납 침대 SS,별점,"열흘 넘게 기다릴줄 알았는데 빨리 왔네요 색도 맘에 들고 디자인도 예쁘고 매트도 좋아요 근데 헤드에 전등이 고장났어요 바로 기사님이 A/S신청해주셔서 교환기다리고 있어요발 깁스하셔
열흘 넘게 기다릴줄 알았는데 빨리 왔네요 색도 맘에 들고 디자인도 예쁘고 매트도 좋아요
근데 헤드에 전등이 고장났어요 바로 기사님이 A/S신청해주셔서 교환기다리고 있어요
발 깁스하셔서 불편하셨을텐데 친절히 마무리 잘해주셔서 감사합니다 교환만 빨리 된다면 아주 만족입니다",5
39,세진침대 앤디 LED 깊은 수납 침대 SS,별점,"완전만족요^^ 수납좋고 바로설치해주셔서 저는 완전깜짝 결제하고 그다음날 오름 그날전화옴 배송하러낼온다고 ㅋ 전화하고 이상있을시 반품한다하고 결제하고 만족하는상품옴 바닥뚤린거싫어서
완전만족요^^ 수납좋고 바로설치해주셔서 저는 완전깜짝
결제하고 그다음날 오름 그날전화옴 배송하러낼온다고 ㅋ
전화하고 이상있을시 반품한다하고 결제하고 만족하는상품옴 바닥뚤린거싫어서 ㅋ 서랍 바닥 있는거로산거라서만족해요 수납도 완전좋고 색도이뻐요 ㅎ",5
40,세진침대 앤디 LED 깊은 수납 침대 SS,별점,"배송이 넘느려요 느린만큼 상품을 꼼꼼히 검수도 안했는지 배송기사긴 설치후간다음 확인하니 2단서랍장부분분이 이가 안맞는지 자꾸 밖으로 서랍이 튀어나와요 그리고 침대밑 마감도 잘안되어
배송이 넘느려요 느린만큼 상품을 꼼꼼히 검수도 안했는지 배송기사긴 설치후간다음 확인하니 2단서랍장부분분이 이가 안맞는지 자꾸 밖으로 서랍이 튀어나와요 그리고 침대밑 마감도 잘안되어고 배송이 느린만큼 너무실망이에요",2
41,세진침대 앤디 LED 깊은 수납 침대 SS,별점,"배송은 완전느림이요~잔기스도 많이있고 배송문제 때문에기분나뿌고 않좋았는데 설치기사님이 너무친절하시고 쓰레기도 다치워주셔서 마음이 풀렸어요설치기사님고생하셨어요. 상담사님들 설명잘해주
배송은 완전느림이요~
잔기스도 많이있고 배송문제 때문에
기분나뿌고 않좋았는데 설치기사님이 너무친절하시고 쓰레기도 다치워주셔서 마음이 풀렸어요
설치기사님고생하셨어요. 상담사님들 설명잘해주시고 감사합니다^^잘쓸께요~",3
42,세진침대 앤디 LED 깊은 수납 침대 SS,별점,"맘에 들어요 방이 작아서 수납침대 찾다가 구매했는데냄새랑 매트리스가 딱딱한거 빼고는 좋아요!참 그리고 저는 15일 주문해서 21일에 받았어요 (연휴제외4일만에 받은거에요)배송도 생
맘에 들어요 방이 작아서 수납침대 찾다가 구매했는데
냄새랑 매트리스가 딱딱한거 빼고는 좋아요!
참 그리고 저는 15일 주문해서 21일에 받았어요 (연휴제외4일만에 받은거에요)
배송도 생각보다 훨씬 빨리와서 만족했습니다!!",5
43,세진침대 앤디 LED 깊은 수납 침대 SS,별점,"주문하고 3주만에 받았습니다. 너무 늦어서 속상했는데 수납할곳이 많아서 좋네요 매트리스도 생각보다 나쁘지않구요 원목이 아니니 냄새가 환기를 시켜도 일주일째 나지만 나아지고 있어요.
주문하고 3주만에 받았습니다. 너무 늦어서 속상했는데 수납할곳이 많아서 좋네요 매트리스도 생각보다 나쁘지않구요 원목이 아니니 냄새가 환기를 시켜도 일주일째 나지만 나아지고 있어요.",3
44,세진침대 앤디 LED 깊은 수납 침대 SS,별점,"설치기사님 약속잡기가 너무 힘드네요 4~6사이 오신다고해서 남편이 일부러 일찍 와있었는데 7시넘어오셨어요 그럼 제가 퇴근하고 받아도 되는데 ㅠㅠ 상품은 맘에 드네요 생각보다 수납장
설치기사님 약속잡기가 너무 힘드네요 4~6사이 오신다고해서 남편이 일부러 일찍 와있었는데 7시넘어오셨어요 그럼 제가 퇴근하고 받아도 되는데 ㅠㅠ 상품은 맘에 드네요 생각보다 수납장 크고 좋아요",4
45,세진침대 앤디 LED 깊은 수납 침대 SS,별점,"침대가 생각보다 괜찮아요 처음에 짐이 많아서 놀랐어요 아래수납칸도 서랍으로 잘되어있고 많이들어가네요 다만 침대해드부분 부품조립을 안해주고 가?는데 잘 안쓸거 같아 그냥 ?어요
침대가 생각보다 괜찮아요 처음에 짐이 많아서 놀랐어요 아래수납칸도 서랍으로 잘되어있고 많이들어가네요 다만 침대해드부분 부품조립을 안해주고 가?는데 잘 안쓸거 같아 그냥 ?어요",4
46,세진침대 앤디 LED 깊은 수납 침대 SS,별점,"침대에 누워 필요한 콘센트와 LED등이 있어 편리하고 수납도 짱짱하니 좋네요높이도 일반 침대보다 높아서 수면에 집중이 잘 되는거 같아요가격대비 아주 좋은 상품입니다
침대에 누워 필요한 콘센트와 LED등이 있어 편리하고 수납도 짱짱하니 좋네요
높이도 일반 침대보다 높아서 수면에 집중이 잘 되는거 같아요
가격대비 아주 좋은 상품입니다",5
47,세진침대 앤디 LED 깊은 수납 침대 SS,별점,"다른 쇼핑몰보다 저렴한가격에 잘 구입한거 같아요. 코로나와 어린아이가 있어서 다른 사람 집에 들이는게 별로여서 직접 조립했는데 가구 특성상 무게만 빼면 혼자서도 설치도 할수있어 좋
다른 쇼핑몰보다 저렴한가격에 잘 구입한거 같아요. 코로나와 어린아이가 있어서 다른 사람 집에 들이는게 별로여서 직접 조립했는데 가구 특성상 무게만 빼면 혼자서도 설치도 할수있어 좋아요",4
48,세진침대 앤디 LED 깊은 수납 침대 SS,별점,"가격 저렴해서 걱정 조금 했는데~~가격대비 넘 좋네요~~매트리스도 그닥 불편하지 않고~~배송오는날 연락 오신건 쫌 그랬지만...다행히 좋은날 잘 설치되어 좋습니다~^^
가격 저렴해서 걱정 조금 했는데~~
가격대비 넘 좋네요~~
매트리스도 그닥 불편하지 않고~~
배송오는날 연락 오신건 쫌 그랬지만...
다행히 좋은날 잘 설치되어 좋습니다~^^",5
49,세진침대 앤디 LED 깊은 수납 침대 SS,별점,"침대 마다 좋은 후기 나쁜 후기 모두 보고 가성비 갑이라 생각하고 주문했는데 기대 이상이네요. 냄새도 별로 안나고 설치 기사분도 잘해 주셔서 감사합니다. 잘쓰겠습니다.
침대 마다 좋은 후기 나쁜 후기 모두 보고 가성비 갑이라 생각하고 주문했는데 기대 이상이네요. 냄새도 별로 안나고 설치 기사분도 잘해 주셔서 감사합니다. 잘쓰겠습니다.",5
50,세진침대 앤디 LED 깊은 수납 침대 SS,별점,"제품이 활용도가 좋아요 만족합니다 부족한부분을 찾자면 서랍 모서리가 살짝 날카로워요 배달하시는 분이 친절하고 고생하셨어요
제품이 활용도가 좋아요 만족합니다 부족한부분을 찾자면 서랍 모서리가 살짝 날카로워요 배달하시는 분이 친절하고 고생하셨어요",5
51,세진침대 앤디 LED 깊은 수납 침대 SS,별점,"가성비대비 너무 괸찬아요필요치않아그렀지 또하나 구입하고 싶을만큼너무나 좋으네요 배달기사분도 친절하게 잘해주셔서 정말감사 했습니다 적극 추천 드립니다
가성비대비 너무 괸찬아요필요치않아그렀지 또하나 구입하고 싶을만큼너무나 좋으네요 배달기사분도 친절하게 잘해주셔서 정말감사 했습니다
적극 추천 드립니다",5
52,세진침대 앤디 LED 깊은 수납 침대 SS,별점,"엄마사드렸는데 매트리스도 탄탄하고 수납도 너무 좋다고 너무 맘에들어 하시네요 제 기분까지 좋아졌습니다. 망설이시는분들 적극 추천합니다. 좋은제품 저렴히 판매해주셔서 감사합니다^^
엄마사드렸는데 매트리스도 탄탄하고 수납도 너무 좋다고 너무 맘에들어 하시네요 제 기분까지 좋아졌습니다. 망설이시는분들 적극 추천합니다. 좋은제품 저렴히 판매해주셔서 감사합니다^^",5
53,세진침대 앤디 LED 깊은 수납 침대 SS,별점,"가격대비는 만족합니다.매트리스는 딱딱하고 속이 비어있는듯한 느낌입니다오래 쓰지는 못할듯요.그리고 저희집은 엘베없는 2층이라 배송비 2만원 추가했습니다
가격대비는 만족합니다.
매트리스는 딱딱하고 속이 비어있는듯한 느낌입니다
오래 쓰지는 못할듯요.
그리고 저희집은 엘베없는 2층이라 배송비 2만원 추가했습니다",4
54,세진침대 앤디 LED 깊은 수납 침대 SS,별점,"배송기사분께서 침대포장을 풀다가 서랍을 떨어뜨려 교환까지 시간이 좀 걸렸네요.. 하지만 가성비 좋아 잘사용하겠습니다
배송기사분께서 침대포장을 풀다가 서랍을 떨어뜨려 교환까지 시간이 좀 걸렸네요.. 하지만 가성비 좋아 잘사용하겠습니다",5
55,세진침대 앤디 LED 깊은 수납 침대 SS,별점,"주문은 미리했는데 이사갈집 설치라서 오늘 설치받았어요설치기사님께서 친절하게 깔끔하게 설치해주셔서 만족합니다.매트리스는 짐 다 들어오면 놓을려고 비닐있는상태로 놨네요~
주문은 미리했는데 이사갈집 설치라서 오늘 설치받았어요
설치기사님께서 친절하게 깔끔하게 설치해주셔서 만족합니다.
매트리스는 짐 다 들어오면 놓을려고 비닐있는상태로 놨네요~",5
56,세진침대 앤디 LED 깊은 수납 침대 SS,별점,"매트가 단단해서 허리가 편합니다. 친정엄마 사드렸는데 수납도 많고 너무 맘에드신다고 입에 침이 마르게 말씀하시네요
매트가 단단해서 허리가 편합니다. 친정엄마 사드렸는데 수납도 많고 너무 맘에드신다고 입에 침이 마르게 말씀하시네요",5
57,세진침대 앤디 LED 깊은 수납 침대 SS,별점,"프레임은 만족스러운데.. 매트리스는 최악?쿠션 없는게 문제가 아니고.. 강철 코일에 천만 씌워놓은 느낌이 납니다.. ㅠ
프레임은 만족스러운데.. 매트리스는 최악?
쿠션 없는게 문제가 아니고.. 강철 코일에 천만 씌워놓은 느낌이 납니다.. ㅠ",3
58,세진침대 앤디 LED 깊은 수납 침대 SS,별점,"배송예정일보다빨리와어좋았어요그런데.마감처리는그닥좋진않은듯해요..수납공간이있어서그럭저럭잘애용할꺼같아요
배송예정일보다빨리와어좋았어요
그런데.마감처리는그닥좋진않은듯해요..
수납공간이있어서그럭저럭
잘애용할꺼같아요",4
59,세진침대 앤디 LED 깊은 수납 침대 SS,별점,"아들방에 들어온 침대분위기도 좋고 튼튼해 보이네요^^만족더운날 배송완료 해주신 기사님도 감사드려요!
아들방에 들어온 침대
분위기도 좋고 튼튼해 보이네요^^
만족
더운날 배송완료 해주신 기사님도 감사드려요!",5
60,세진침대 앤디 LED 깊은 수납 침대 SS,별점,"아이방에 침대 바꿔줬는데 깔끔하고 예뻐요 두개 구입했는데 선반하나는 뻑뻑해서 열기가 조금 힘드네요 그것빼곤 맘에들어요^^
아이방에 침대 바꿔줬는데 깔끔하고 예뻐요 두개 구입했는데 선반하나는 뻑뻑해서 열기가 조금 힘드네요 그것빼곤 맘에들어요^^",4
61,세진침대 앤디 LED 깊은 수납 침대 SS,별점,"새제품이라 냄새가 좀 나지만 디자인과 색상 모두 맘에 듭니다. 특히 매트리스가 편해서 잠이 잘오네요~~
새제품이라 냄새가 좀 나지만 디자인과 색상 모두 맘에 듭니다. 특히 매트리스가 편해서 잠이 잘오네요~~",4
62,세진침대 앤디 LED 깊은 수납 침대 SS,별점,"깔끔하고 이뻐요 근데 서랍밑부분이 깨졌네요 반품할수도 없고 걍 쓰긴할텐데 새건데 맘이 좀 그래요
깔끔하고 이뻐요 근데 서랍밑부분이 깨졌네요 반품할수도 없고 걍 쓰긴할텐데 새건데 맘이 좀 그래요",4
63,세진침대 앤디 LED 깊은 수납 침대 SS,별점,"배송기사님이 사람이 없는데도 잘 해놓고 가셨어요. 불편하셨을텐데...감사해요^^ 수납도 짱이에요
배송기사님이 사람이 없는데도 잘 해놓고 가셨어요. 불편하셨을텐데...감사해요^^ 수납도 짱이에요",5
64,세진침대 앤디 LED 깊은 수납 침대 SS,별점,"나무가 깔판이라 무겁긴하지만 가성비좋아요매트는 단단해서 좋구요싼티도안나고 실용적입니다
나무가 깔판이라 무겁긴하지만 가성비좋아요
매트는 단단해서 좋구요
싼티도안나고 실용적입니다",5
65,세진침대 앤디 LED 깊은 수납 침대 SS,별점,"안경이나 자기 전 읽는 책을 두기에 편하고 화장품도 보관하기 좋네요. 매트리스도 아주 편해요.
안경이나 자기 전 읽는 책을 두기에 편하고 화장품도 보관하기 좋네요. 매트리스도 아주 편해요.",5
66,세진침대 앤디 LED 깊은 수납 침대 SS,별점,"아이가 침대를 마음에 들어하네요^^ 다만 만들어 바로 배송해 주셔서 그런지 냄새를 빼는데는 시간이 좀 걸릴 것 같습니다.
아이가 침대를 마음에 들어하네요^^ 다만 만들어 바로 배송해 주셔서 그런지 냄새를 빼는데는 시간이 좀 걸릴 것 같습니다.",4
67,세진침대 앤디 LED 깊은 수납 침대 SS,별점,"물건받아보니 기사님깨서친절하셔서마음이좋아습니다 침대도80점줄깨요 조금험 이이서요
물건받아보니 기사님깨서친절하셔서마음이좋아습니다 침대도80점줄깨요 조금험 이이서요",4
68,세진침대 앤디 LED 깊은 수납 침대 SS,별점,"빠른배송 빠른설치견고함 다들 매트리스넉넉한수납공간딱딱하다고 하는데딸은 만족하네요 언니산거보고 주문한거라만족합니다
빠른배송 빠른설치
견고함 다들 매트리스
넉넉한수납공간
딱딱하다고 하는데
딸은 만족하네요
언니산거보고 주문한거라",5
69,세진침대 앤디 LED 깊은 수납 침대 SS,별점,"받자마자 하자가 눈에 보이고 서랍장 손잡이는 한개 부족하게 왔네요기사님에게 바로 연락드려서 교환신청했네요
받자마자 하자가 눈에 보이고 서랍장 손잡이는 한개 부족하게 왔네요
기사님에게 바로 연락드려서 교환신청했네요",3
70,세진침대 앤디 LED 깊은 수납 침대 SS,별점,"다좋았는데 나중에서랍열어보니 흠이생겼는지 테잎으로 붙였어요 배송 넘힘들게 받아서 그냥 참고 쓰기로햇어요
다좋았는데 나중에서랍열어보니 흠이생겼는지 테잎으로 붙였어요 배송 넘힘들게 받아서 그냥 참고 쓰기로햇어요",4
71,세진침대 앤디 LED 깊은 수납 침대 SS,별점,"1.5~2평 아주 작은방옷방 대신 신랑을 위한 방으로 변신..아~ 어쩜 맞춤한듯 딱 맞네요 ^^
1.5~2평 아주 작은방옷방 대신 신랑을 위한 방으로 변신..아~ 어쩜 맞춤한듯 딱 맞네요 ^^",5
72,세진침대 앤디 LED 깊은 수납 침대 SS,별점,"매트릭스가 조금딱딱한거 빼곤 다좋아요 기사님도 친절하시고 감사히 잘쓰겠습니다
매트릭스가 조금딱딱한거 빼곤 다좋아요 기사님도 친절하시고 감사히 잘쓰겠습니다",5
73,세진침대 앤디 LED 깊은 수납 침대 SS,별점,"두 아이 방에 같은 걸로 놓았는데깔끔하고 활용성도 좋을것 같아요^^잘 쓰겠습니다~
두 아이 방에 같은 걸로 놓았는데
깔끔하고 활용성도 좋을것 같아요^^
잘 쓰겠습니다~",4
74,세진침대 앤디 LED 깊은 수납 침대 SS,별점,"와우 주문4일만에 배송왔어요 설치도금방해주시고수납공간이 많아서 방이 깔끔해졌어요넘넘 맘에듭니다 :)
와우 주문4일만에 배송왔어요
설치도금방해주시고
수납공간이 많아서 방이 깔끔해졌어요
넘넘 맘에듭니다 :)",5
75,세진침대 앤디 LED 깊은 수납 침대 SS,별점,"아들 선물로 보내 줬는데 수납도 많이 할수있고 좋다고 하네요구정도 있고 신학기라 주문이 많다고 해서 늦어질까 걱정 했는데 주말에 보내 주셔서 잘받았읍니다감사합니다
아들 선물로 보내 줬는데 수납도 많이 할수있고 좋다고 하네요
구정도 있고 신학기라 주문이 많다고 해서 늦어질까 걱정 했는데 주말에 보내 주셔서 잘받았읍니다
감사합니다",4
76,세진침대 앤디 LED 깊은 수납 침대 SS,별점,"군대 제대한 아들이 침대 필요하다고 해서 많이 둘러보고 구입했어요^^수납도 많고 아들방에 놓으니 딱이네요~ㅎㅎ혹시 애들 침대 필요하면 추천합니다 성인아들도 충분한 크기입니다~
군대 제대한 아들이 침대 필요하다고 해서 많이 둘러보고 구입했어요^^
수납도 많고 아들방에 놓으니 딱이네요~ㅎㅎ
혹시 애들 침대 필요하면 추천합니다
성인아들도 충분한 크기입니다~",5
77,세진침대 앤디 LED 깊은 수납 침대 SS,별점,"딸 침대구매 한건데너무 좋아하네요처음에는 가구 냄새나는데환기시키면 되요
딸 침대구매 한건데
너무 좋아하네요
처음에는 가구 냄새나는데
환기시키면 되요",5
78,세진침대 앤디 LED 깊은 수납 침대 SS,별점,"약속날짜보다 빨리 왔고 친절히 잘 설치해주셔서 만족합니다..원룸에 딱이네요
약속날짜보다 빨리 왔고 친절히 잘 설치해주셔서 만족합니다..원룸에 딱이네요",4
79,세진침대 앤디 LED 깊은 수납 침대 SS,별점,"매트리스도짱짱하고 콘센트와 등이 사용하기좋아요~~아들이 맘에들어하네요
매트리스도짱짱하고 콘센트와 등이 사용하기좋아요~~아들이 맘에들어하네요",4
80,세진침대 앤디 LED 깊은 수납 침대 SS,별점,"자취방이 그렇게 넓지 않아서 공간을 효율적으로 사용할 전략으로 수납이 많이 되는 침대를 구입했는데 역시 수납을 굉장하게 할 수 있네요ㅎㅎ 그리고 꽤 높은 침대를 좋아하는데 침대가
자취방이 그렇게 넓지 않아서 공간을 효율적으로 사용할 전략으로 수납이 많이 되는 침대를 구입했는데 역시 수납을 굉장하게 할 수 있네요ㅎㅎ 그리고 꽤 높은 침대를 좋아하는데 침대가 높아서 좋아요!",5
81,세진침대 앤디 LED 깊은 수납 침대 SS,별점,"매트도 적당히 푹신하였고 공간도 많아 좋았습니다. 불량부분도 고객상담으로 해결하여 다 만족합니다.
매트도 적당히 푹신하였고 공간도 많아 좋았습니다. 불량부분도 고객상담으로 해결하여 다 만족합니다.",5
82,세진침대 앤디 LED 깊은 수납 침대 SS,별점,"수납 깊고 넓어서 너무 좋아요led등과 멀티탭도 실용성 좋구요 추천 합니다
수납 깊고 넓어서 너무 좋아요
led등과 멀티탭도 실용성 좋구요
추천 합니다",5
83,세진침대 앤디 LED 깊은 수납 침대 SS,별점,"이 가격에 그냥 쓰기에는 괜챦은거 같아요.다소 마감이 아쉬운 듯 ㅠㅠ
이 가격에 그냥 쓰기에는 괜챦은거 같아요.
다소 마감이 아쉬운 듯 ㅠㅠ",5
84,세진침대 앤디 LED 깊은 수납 침대 SS,별점,"침대도 좋고 설치기사님도 너무 친절하시고 꼽꼽하게 잘 해지셨습니다
침대도 좋고 설치기사님도 너무 친절하시고 꼽꼽하게 잘 해지셨습니다",5
85,세진침대 앤디 LED 깊은 수납 침대 SS,별점,"가성비 짱이네요 그런데 배송이 진짜 오래걸려요 3주만에 받았나봐요
가성비 짱이네요 그런데 배송이 진짜 오래걸려요 3주만에 받았나봐요",5
86,세진침대 앤디 LED 깊은 수납 침대 SS,별점,"가성비.좋고 프레임 수납과 led 스텐드까지 전체적으로 넘 맘에 듬다^^
가성비.좋고 프레임 수납과 led 스텐드까지 전체적으로 넘 맘에 듬다^^",5
87,세진침대 앤디 LED 깊은 수납 침대 SS,별점,"아들들 방에 놔줬는데 가성비좋고 만족합니다.매트리스는 그렇게 딱딱하지도 푹신하지도 않아 딱 좋다고 느켜지네요^^
아들들 방에 놔줬는데 가성비좋고 만족합니다.매트리스는 그렇게 딱딱하지도 푹신하지도 않아 딱 좋다고 느켜지네요^^",5
88,세진침대 앤디 LED 깊은 수납 침대 SS,별점,"마감처리가 미흡하지만 대체적루 만족합니다.기사님도 친절하시고
마감처리가 미흡하지만 대체적루 만족합니다.기사님도 친절하시고",5
89,세진침대 앤디 LED 깊은 수납 침대 SS,별점,"메트리스,서랍 등 다 만족스럽습니다,단설치시간을 너무 안지켜 주셔서 별 하나 뺍니다,물론 그날 비가와서 설치기사님도 힘드셨다는것은 알고있고 기사님 수고하셨습니다~
메트리스,서랍 등 다 만족스럽습니다,단
설치시간을 너무 안지켜 주셔서 별 하나 뺍니다,물론 그날 비가와서 설치기사님도 힘드셨다는것은 알고있고 기사님 수고하셨습니다~",4
90,세진침대 앤디 LED 깊은 수납 침대 SS,별점,"생각한것보다 수납공간 깊고 넓어요~냄새 좀 나지만 만족합니다.
생각한것보다 수납공간 깊고 넓어요~
냄새 좀 나지만 만족합니다.",4
91,세진침대 앤디 LED 깊은 수납 침대 SS,별점,"침대는 서랍도 깊고 튼튼해요무료배송이라서근가 넘오래걸려요
침대는 서랍도 깊고 튼튼해요
무료배송이라서근가 넘오래걸려요",4
92,세진침대 앤디 LED 깊은 수납 침대 SS,별점,"배송이 일주일이나 빨리도착했어요.디자인도 좋고 매트도 맘에들어요. 하나더 구입할까봐요~~
배송이 일주일이나 빨리도착했어요.디자인도 좋고 매트도 맘에들어요. 하나더 구입할까봐요~~",4
93,세진침대 앤디 LED 깊은 수납 침대 SS,별점,"생각보다 색상도 괜찮고 수납도 좋아요 다만 마무리감이 안좋아서 조금 싼티가 나서 별하나빼요
생각보다 색상도 괜찮고 수납도 좋아요 다만 마무리감이 안좋아서 조금 싼티가 나서 별하나빼요",4
94,세진침대 앤디 LED 깊은 수납 침대 SS,별점,"늦게 도착할줄 알았는데 이사날짜에 딱 맞춰져서 너무 좋아요~
늦게 도착할줄 알았는데 이사날짜에 딱 맞춰져서 너무 좋아요~",5
95,세진침대 앤디 LED 깊은 수납 침대 SS,별점,"원룸에 딱인 침대입니다. 서랍장도 헤드에 LED 등도 좋습니다. 비도오고 엘리베이터없는 3층을 배송하시느라 고생 많으셨습니다
원룸에 딱인 침대입니다. 서랍장도 헤드에 LED 등도 좋습니다. 비도오고 엘리베이터없는 3층을 배송하시느라 고생 많으셨습니다",5
96,세진침대 앤디 LED 깊은 수납 침대 SS,별점,"지정배송했는데 침대가 너무인기가 있었는지너무늦게받았어여이사이후 정리가 안되서 살짝 짜증났어여침대는 만족합니다
지정배송했는데 침대가 너무인기가 있었는지너무늦게받았어여
이사이후 정리가 안되서 살짝 짜증났어여
침대는 만족합니다",3
97,세진침대 앤디 LED 깊은 수납 침대 SS,별점,"오피스텔에ㅈ넣았는데 수납공간도 넉넉하고 싱글용으로 적당합니다 나름 만족합니다 색깔도 튀지않고 좋아요
오피스텔에ㅈ넣았는데 수납공간도 넉넉하고 싱글용으로 적당합니다 나름 만족합니다 색깔도 튀지않고 좋아요",5
98,세진침대 앤디 LED 깊은 수납 침대 SS,별점,"배송은 느리지만 침대는 튼튼하고 좋네요냄새가 조금 있어요
배송은 느리지만 침대는 튼튼하고 좋네요
냄새가 조금 있어요",4
99,세진침대 앤디 LED 깊은 수납 침대 SS,별점,"생각했던것보다 훨신 만족이고 디자인도 매트도 너무좋아요
생각했던것보다 훨신 만족이고 디자인도 매트도 너무좋아요",5
100,세진침대 앤디 LED 깊은 수납 침대 SS,별점,"디자인은 이쁜데 매트가 딱딱해서 아이가 불편해하네요ㅠㅠ
디자인은 이쁜데 매트가 딱딱해서 아이가 불편해하네요ㅠㅠ",4
101,세진침대 앤디 LED 깊은 수납 침대 SS,별점,"색깔도 예쁘고 다용도로 쓸수있게 신경써준디자인이 좋네요
색깔도 예쁘고 다용도로 쓸수있게 신경써준
디자인이 좋네요",5
102,세진침대 앤디 LED 깊은 수납 침대 SS,별점,"서랍 등 활용성 최고 깔끔하게 아들방 업그레이드 됨짱요~^^
서랍 등 활용성 최고 깔끔하게 아들방 업그레이드 됨
짱요~^^",4
103,세진침대 앤디 LED 깊은 수납 침대 SS,별점,"배송날자 잘맞춰주셨고~ 색배합도 좋으네요냄새도 하루정도 지나니까 괜찮네요~감사해요
배송날자 잘맞춰주셨고~ 색배합도 좋으네요
냄새도 하루정도 지나니까 괜찮네요~
감사해요",4
104,세진침대 앤디 LED 깊은 수납 침대 SS,별점,"아이들이 맘에 든다고 하네요. 가성비가 생각보다 좋아염.
아이들이 맘에 든다고 하네요. 가성비가 생각보다 좋아염.",3
105,세진침대 앤디 LED 깊은 수납 침대 SS,별점,"배송 빨라요 속으로 안쓰는 물건 수납할수 있어서 좋아요
배송 빨라요 속으로 안쓰는 물건 수납할수 있어서 좋아요",4
106,세진침대 앤디 LED 깊은 수납 침대 SS,별점,"금액에 비하면 괜찮은것 같아요 매트는 딱딱한편이고요~
금액에 비하면 괜찮은것 같아요
매트는 딱딱한편이고요~",5
107,세진침대 앤디 LED 깊은 수납 침대 SS,별점,"기사님도 친절히 설치 잘해주셨고가격대비 침대 튼튼하고 수납공간도 많고 좋아요~~고민많이하고 구매했는데 만족합니다~매트리스는 좀딱딱한편이에요~난 딱딱한거 좋아하기때문에 매트리스도 만
기사님도 친절히 설치 잘해주셨고
가격대비 침대 튼튼하고 수납공간도 많고 좋아요~~고민많이하고 구매했는데 만족합니다~
매트리스는 좀딱딱한편이에요~
난 딱딱한거 좋아하기때문에 매트리스도 만족합니다~^^",5
108,세진침대 앤디 LED 깊은 수납 침대 SS,별점,"주문하고 2주후 설치,설치하는데 헤드불량. 다시, 교체는 또 1,2주 소요예상. 결국 한달정도 걸리는 배송이네요.시간이 넉넉한 분들만 주문하세요.
주문하고 2주후 설치,
설치하는데 헤드불량.
다시, 교체는 또 1,2주 소요예상. 결국 한달정도 걸리는 배송이네요.
시간이 넉넉한 분들만 주문하세요.",3
109,세진침대 앤디 LED 깊은 수납 침대 SS,별점,"수납도좋고 LED등에 핸드폰충전까지~맘에 쏙들어요~~
수납도좋고 LED등에 핸드폰충전까지~맘에 쏙들어요~~",5
110,세진침대 앤디 LED 깊은 수납 침대 SS,별점,"딸아이 방에 침대 두었는데 만족합니다배송 빠르고 친절하시고요가격대비 가성비 짱 입니다별로 흠없네요수납공간 넉넉해서 좋아요냄새는 설치하는 날 조금 나더니 괜찮아요
딸아이 방에 침대 두었는데 만족합니다
배송 빠르고 친절하시고요
가격대비 가성비 짱 입니다
별로 흠없네요
수납공간 넉넉해서 좋아요",5
111,세진침대 앤디 LED 깊은 수납 침대 SS,별점,"전체적으로 만족합니다~냄새는 어쩔수없는거니깐~^
전체적으로 만족합니다~냄새는 어쩔수없는거니깐~^",4
112,세진침대 앤디 LED 깊은 수납 침대 SS,별점,"가격대비 완전 좋아요 수납도 많고 실용적이네요
가격대비 완전 좋아요 수납도 많고 실용적이네요",4
113,세진침대 앤디 LED 깊은 수납 침대 SS,별점,"잘 받았습니다..아이가 이쁘다고 너무 좋아하네요~
잘 받았습니다..
아이가 이쁘다고 너무 좋아하네요~",5
114,세진침대 앤디 LED 깊은 수납 침대 SS,별점,"서랍 깊이와 높이가 커서 수납이 엄청 잘 되네요....
서랍 깊이와 높이가 커서 수납이 엄청 잘 되네요.

매트리스는 라텍스 독립으로 했는데 이 가격에 이 정도 매트리스는 첨 경험합니다.

가성비 킹왕짱",5
115,세진침대 앤디 LED 깊은 수납 침대 SS,별점,"매트리스가 생각보다 단단...아니 딱딱하네요..ㅠ
매트리스가 생각보다 단단...아니 딱딱하네요..ㅠ",4
116,세진침대 앤디 LED 깊은 수납 침대 SS,별점,"색상도 이쁘고수납공간도많고싸게잘구매했네요
색상도 이쁘고
수납공간도많고
싸게잘구매했네요",4
117,세진침대 앤디 LED 깊은 수납 침대 SS,별점,"가격대비 매트리스도 외관도 괜찮고 특히 수납공간이 많아 공간활용도가 최고네요^^
가격대비 매트리스도 외관도 괜찮고
특히 수납공간이 많아 공간활용도가 최고네요^^",4
118,세진침대 앤디 LED 깊은 수납 침대 SS,별점,"디자인 효율적이고 수납 공간이 매우 좋습니다.
디자인 효율적이고 수납 공간이 매우 좋습니다.",5
119,세진침대 앤디 LED 깊은 수납 침대 SS,별점,"수납장있는 침대는 처음인데 공간활용이 최고같고 침대쿠션감이 수납공간때문에 떨어질것같아 걱정했는데 괜찮은것같아 만족하고있습니다
수납장있는 침대는 처음인데 공간활용이 최고같고 침대쿠션감이 수납공간때문에 떨어질것같아 걱정했는데 괜찮은것같아 만족하고있습니다",5
120,세진침대 앤디 LED 깊은 수납 침대 SS,별점,"배송이 오래걸리긴 했지만 침대는 맘에 들어요
배송이 오래걸리긴 했지만 침대는 맘에 들어요",4
121,세진침대 앤디 LED 깊은 수납 침대 SS,별점,"가성비가 최고다배송 설치한분도 꼼꼼하시고..
가성비가 최고다
배송 설치한분도 꼼꼼하시고..",4
122,세진침대 앤디 LED 깊은 수납 침대 SS,별점,"색상도맘에들고 서랍장도튼실하고 너무좋아요
색상도맘에들고 서랍장도
튼실하고 너무좋아요",5
123,세진침대 앤디 LED 깊은 수납 침대 SS,별점,"배송 만족 스럽고 일주일이지만 사용감 좋아요
배송 만족 스럽고 일주일이지만
사용감 좋아요",5
124,세진침대 앤디 LED 깊은 수납 침대 SS,별점,"음~~~제품은 ? 배달설치 기사님도 ? 다만 그레이 오크 두개 신청했는데 헤드가 두개다 그레이로 와서 별 하나 뺐습니다. 그래도 기사님께서 미리 연락해줘서 감사합니다.
음~~~제품은 ? 배달설치 기사님도 ? 다만 그레이 오크 두개 신청했는데 헤드가 두개다 그레이로 와서 별 하나 뺐습니다. 그래도 기사님께서 미리 연락해줘서 감사합니다.",4
125,세진침대 앤디 LED 깊은 수납 침대 SS,별점,"세진침대인데 매트리스는 파로마가 맞는거죠?
세진침대인데 매트리스는 파로마가 맞는거죠?",1
126,세진침대 앤디 LED 깊은 수납 침대 SS,별점,"엄마가 너무 좋아하세요 편하게잘 주무신데요
엄마가 너무 좋아하세요 편하게잘 주무신데요",5
127,세진침대 앤디 LED 깊은 수납 침대 SS,별점,"가격대비 매트도 좋고 디자인도 맘에 들어요
가격대비 매트도 좋고 디자인도 맘에 들어요",5
128,세진침대 앤디 LED 깊은 수납 침대 SS,별점,"이사날에 맞춰서 딱 배송해주니 참 좋았어요
이사날에 맞춰서 딱 배송해주니 참 좋았어요",5
129,세진침대 앤디 LED 깊은 수납 침대 SS,별점,"수납장도깊고 메트리스도 탄탄해서좋습니다
수납장도깊고 메트리스도 탄탄해서좋습니다",5
130,세진침대 앤디 LED 깊은 수납 침대 SS,별점,"수납공간 조명 등등 좋아요80점 이상 입니다
수납공간 조명 등등 좋아요
80점 이상 입니다",5
131,세진침대 앤디 LED 깊은 수납 침대 SS,별점,"그레이색상 이뻐요 전체적으로 맘에들어요
그레이색상 이뻐요 전체적으로 맘에들어요",4
132,세진침대 앤디 LED 깊은 수납 침대 SS,별점,"고민고민하다 구매했는데 만족하네요~엘베없는3층이라 2만원 추가했어요ㅜㅜ그래도 기사님 친절하시고 설치잘해주시고 뒷마무리까지 깔끔히 해주셨어요~침대도 수납공간도많고 아주만족합니다^^
고민고민하다 구매했는데 만족하네요~
엘베없는3층이라 2만원 추가했어요ㅜㅜ
그래도 기사님 친절하시고 설치잘해주시고 뒷마무리까지 깔끔히 해주셨어요~
침대도 수납공간도많고 아주만족합니다^^",5
133,세진침대 앤디 LED 깊은 수납 침대 SS,별점,"색깔도깔끔하고 적당히푹신하고 수납도많이되어좋아요.냄새는조금나네요.
색깔도깔끔하고 적당히푹신하고 수납도많이되어좋아요.냄새는조금나네요.",5
134,세진침대 앤디 LED 깊은 수납 침대 SS,별점,"매트리스가 짱짱하니애들이 좋아합니다.
매트리스가 짱짱하니
애들이 좋아합니다.",5
135,세진침대 앤디 LED 깊은 수납 침대 SS,별점,"기사님도 친절하시고 좋은 제품 입니다.
기사님도 친절하시고 좋은 제품 입니다.",5
136,세진침대 앤디 LED 깊은 수납 침대 SS,별점,"예쁘고 좋아요 서랍도 부드럽게 열리고
예쁘고 좋아요 서랍도 부드럽게 열리고",5
137,세진침대 앤디 LED 깊은 수납 침대 SS,별점,"깔끔하고 생각보다 수납공간도 좋네요
깔끔하고 생각보다 수납공간도 좋네요",4
138,세진침대 앤디 LED 깊은 수납 침대 SS,별점,"잘받았어요 가격대비 튼튼하고 조아요
잘받았어요
가격대비 튼튼하고 조아요",5
139,세진침대 앤디 LED 깊은 수납 침대 SS,별점,"만족 스러워요잘 설치하고 가셨어요
만족 스러워요
잘 설치하고 가셨어요",4
140,세진침대 앤디 LED 깊은 수납 침대 SS,별점,"만족합니다 잘쓸께요오 며칠써봤는데 가성비 정말 좋습니다. 고급져보여요.
만족합니다 잘쓸께요오 며칠써봤는데 가성비 정말 좋습니다. 고급져보여요.",5
141,세진침대 앤디 LED 깊은 수납 침대 SS,별점,"디자인도 깔끔하고 수납공간도 넓어요새가구 냄새가 나긴하는데 환기하고 몇일 지나면 괜찮아요
디자인도 깔끔하고 수납공간도 넓어요
새가구 냄새가 나긴하는데 환기하고 몇일 지나면 괜찮아요",4
142,세진침대 앤디 LED 깊은 수납 침대 SS,별점,"아들이 사용중인데 편하다고 하네요
아들이 사용중인데 편하다고 하네요",4
143,세진침대 앤디 LED 깊은 수납 침대 SS,별점,"옷을 넣을수 있는 수납가능한 침대를 찾던중만난.. 수납공간도 넓고 아기자기한 공간활용이 좋네요
옷을 넣을수 있는 수납가능한 침대를 찾던중
만난.. 수납공간도 넓고 아기자기한 공간활용이 좋네요",5
144,세진침대 앤디 LED 깊은 수납 침대 SS,별점,"빠른 배송은 포기 하고 기다리세요.
빠른 배송은 포기 하고 기다리세요.",3
145,세진침대 앤디 LED 깊은 수납 침대 SS,별점,"튼튼하고 이쁘서 아이가 좋아해요~~
튼튼하고 이쁘서 아이가 좋아해요~~",5
146,세진침대 앤디 LED 깊은 수납 침대 SS,별점,"배송이 느려도 넘 느려서 속이 상했는데오늘 설치한것 보고 넘 좋았네요.서랍도 깊고 넓고 튼튼하네요.
배송이 느려도 넘 느려서 속이 상했는데
오늘 설치한것 보고 넘 좋았네요.
서랍도 깊고 넓고 튼튼하네요.",4
147,세진침대 앤디 LED 깊은 수납 침대 SS,별점,"저렴하게 구매했고 배송이 빨라요
저렴하게 구매했고 배송이 빨라요",4
148,세진침대 앤디 LED 깊은 수납 침대 SS,별점,"이뻐요. 수납공간 많아 서 좋아요
이뻐요. 수납공간 많아 서 좋아요",5
149,세진침대 앤디 LED 깊은 수납 침대 SS,별점,"배송이조금느리지만침대는좋아요
배송이조금느리지만침대는좋아요",3
150,세진침대 앤디 LED 깊은 수납 침대 SS,별점,"너무 좋아요 편한하고 이쁘네요
너무 좋아요 편한하고 이쁘네요",5
151,세진침대 앤디 LED 깊은 수납 침대 SS,별점,"아들이 무난하게 사용하고 있어요
아들이 무난하게 사용하고 있어요",4
152,세진침대 앤디 LED 깊은 수납 침대 SS,별점,"아들들방에한개씩놔줬더니,,넘넘좋아들하네요~~기사님도친절하시고,,넘넘잘산것같아요~~
아들들방에한개씩놔줬더니,,넘넘좋아들하네요~~기사님도친절하시고,,넘넘잘산것같아요~~",5
153,세진침대 앤디 LED 깊은 수납 침대 SS,별점,"기사님이 친절하시고 만족합니다
기사님이 친절하시고
만족합니다",5
154,세진침대 앤디 LED 깊은 수납 침대 SS,별점,"맘에들어요~기사님친절허시내요
맘에들어요~기사님친절허시내요",4
155,세진침대 앤디 LED 깊은 수납 침대 SS,별점,"서랍도 너무 얇지않아서 좋네요.
서랍도 너무 얇지않아서 좋네요.",5
156,세진침대 앤디 LED 깊은 수납 침대 SS,별점,"너무 잘 사용하고있어요 좋아요
너무 잘 사용하고있어요 좋아요",5
157,세진침대 앤디 LED 깊은 수납 침대 SS,별점,"매트리스가 넘 딱딱해 불편해요
매트리스가 넘 딱딱해 불편해요",2
158,세진침대 앤디 LED 깊은 수납 침대 SS,별점,"디자인 가격 모두 맘에 들어요.
디자인 가격 모두 맘에 들어요.",5
159,세진침대 앤디 LED 깊은 수납 침대 SS,별점,"깔끔하고 매트리스도 편합니다
깔끔하고 매트리스도 편합니다",5
160,세진침대 앤디 LED 깊은 수납 침대 SS,별점,"이사할때까지만 사용하려구요 괜찮네요기사아저씨가 미남이셨네요
이사할때까지만 사용하려구요 괜찮네요기사아저씨가 미남이셨네요",4
161,세진침대 앤디 LED 깊은 수납 침대 SS,별점,"깔끔하고 좋아요.. 가격도만족
깔끔하고 좋아요.. 가격도만족",5
162,세진침대 앤디 LED 깊은 수납 침대 SS,별점,"가성비 대비 너무 맘에들어요.
가성비 대비 너무 맘에들어요.",4
163,세진침대 앤디 LED 깊은 수납 침대 SS,별점,"지방이라고 배송비를 받네요^^
지방이라고 배송비를 받네요^^",4
164,세진침대 앤디 LED 깊은 수납 침대 SS,별점,"가격대비 가성비 최고 입니다
가격대비 가성비 최고 입니다",5
165,세진침대 앤디 LED 깊은 수납 침대 SS,별점,"저렴하고 좋아요 강추 합니다
저렴하고 좋아요 강추 합니다",5
166,세진침대 앤디 LED 깊은 수납 침대 SS,별점,"수납공간 이 넉넉해서좋아요
수납공간 이 넉넉해서좋아요",4
167,세진침대 앤디 LED 깊은 수납 침대 SS,별점,"수납서랍도 넉넉하고 좋아요
수납서랍도 넉넉하고 좋아요",5
168,세진침대 앤디 LED 깊은 수납 침대 SS,별점,"생각보다 예쁘고 탄탄하구요매트리스도 너무 좋네요...
생각보다 예쁘고 탄탄하구요

매트리스도 너무 좋네요 가성비 창이네요",5
169,세진침대 앤디 LED 깊은 수납 침대 SS,별점,"그냥별로에요. 비추입니다.
그냥별로에요. 비추입니다.",3
170,세진침대 앤디 LED 깊은 수납 침대 SS,별점,"가성비 좋네요.. 잘쓸께여
가성비 좋네요.. 잘쓸께여",4
171,세진침대 앤디 LED 깊은 수납 침대 SS,별점,"예쁘고 좋아요 수고하세요
예쁘고 좋아요 수고하세요",4
172,세진침대 앤디 LED 깊은 수납 침대 SS,별점,"서랍도 넉넉하고좋습니다.
서랍도 넉넉하고좋습니다.",5
173,세진침대 앤디 LED 깊은 수납 침대 SS,별점,"딸아이가좋다고하네요~~^^
딸아이가좋다고하네요~~^^",4
174,세진침대 앤디 LED 깊은 수납 침대 SS,별점,"수납침대로서는 괜찮아요
수납침대로서는 괜찮아요",5
175,세진침대 앤디 LED 깊은 수납 침대 SS,별점,"잘받았어요 맘에 듭니다
잘받았어요
맘에 듭니다",5
176,세진침대 앤디 LED 깊은 수납 침대 SS,별점,"아주 마음에 들어하네요
아주 마음에 들어하네요",5
177,세진침대 앤디 LED 깊은 수납 침대 SS,별점,"깔금하고,,, 좋아요,,,
깔금하고,,, 좋아요,,,",5
178,세진침대 앤디 LED 깊은 수납 침대 SS,별점,"무겁긴하지만 침대밑 수납공간 깔끔하고 좋아요독립매트리스지만 타제품에 비해 단단해요 수납공간도 많고 등도 실용적입니다저렴하고 좋아 하나더 구매했어요배송도 정말 빠르고 기사님 친절하십
무겁긴하지만 침대밑 수납공간 깔끔하고 좋아요
독립매트리스지만 타제품에 비해 단단해요
수납공간도 많고 등도 실용적입니다
저렴하고 좋아 하나더 구매했어요
배송도 정말 빠르고 기사님 친절하십니다",5
179,세진침대 앤디 LED 깊은 수납 침대 SS,별점,"가구냄새가 나지만 환기시키니 괜찮네요저렴하게 잘 구입했네요
가구냄새가 나지만 환기시키니 괜찮네요
저렴하게 잘 구입했네요",5
180,세진침대 앤디 LED 깊은 수납 침대 SS,별점,"침대틀은 흔들림도 없고 재질도 괜찮고 냄새도 나지 않았습니다. 매트리스는 잠자기에 편안하고 좋았습니다. 추천합니다.
침대틀은 흔들림도 없고 재질도 괜찮고 냄새도 나지 않았습니다. 매트리스는 잠자기에 편안하고 좋았습니다. 추천합니다.",5
181,세진침대 앤디 LED 깊은 수납 침대 SS,별점,"설치기사님 짜증을 많이내셨다네요 마무리작업도 대충다음집가야한다고 갔다네요이래가지고 사고싶은마음없겠네요가구기스도 많이있고 앞으로사고싶은마음없어요
설치기사님 짜증을 많이내셨다네요 마무리작업도 대충다음집가야한다고 갔다네요이래가지고 사고싶은마음없겠네요가구기스도 많이있고 앞으로사고싶은마음없어요",4
182,세진침대 앤디 LED 깊은 수납 침대 SS,별점,"아들에게 선물해 주웠는데 아들이 좋다그 하네요아들 방에 잘 어울리고 서랍이 있어서 수납하기도 좋으네요
아들에게 선물해 주웠는데 아들이 좋다그 하네요
아들 방에 잘 어울리고 서랍이 있어서 수납하기도 좋으네요",5
183,세진침대 앤디 LED 깊은 수납 침대 SS,별점,"가격 대비 마음에는 들지만 군데 군데 기스난 부분이 보여서 아쉽네요.
가격 대비 마음에는 들지만 군데 군데 기스난 부분이 보여서 아쉽네요.",4
184,세진침대 앤디 LED 깊은 수납 침대 SS,별점,"제품 깔끔하니 좋아요 설치 기사님 신속하고 빠른설치해주셨네요
제품 깔끔하니 좋아요 설치 기사님 신속하고 빠른설치해주셨네요",5
185,세진침대 앤디 LED 깊은 수납 침대 SS,별점,"수납력 짱입니다~
수납력 짱입니다~",4
186,세진침대 앤디 LED 깊은 수납 침대 SS,별점,"공간에 딱 맞게들어갔네요...배송도 4일만에 왔고요...무료배송이라 주문했는데 엘리베이터없는 빌라4층이라고 4만원 현금으로 달라고해서 줬네요...디자인이랑 수납공간은 좋습니다~
공간에 딱 맞게들어갔네요...배송도 4일만에 왔고요...무료배송이라 주문했는데 엘리베이터없는 빌라4층이라고 4만원 현금으로 달라고해서 줬네요...디자인이랑 수납공간은 좋습니다~",4
187,세진침대 앤디 LED 깊은 수납 침대 SS,별점,"싼티나네요. 그저 별로입니다.손잡이는 헐렁헐렁구멍은 마감도 안되어있고그저 별하나도 아깝네요
싼티나네요. 그저 별로입니다.
손잡이는 헐렁헐렁
구멍은 마감도 안되어있고
그저 별하나도 아깝네요",1
188,세진침대 앤디 LED 깊은 수납 침대 SS,별점,"너무 좋아요
너무 좋아요",4
189,세진침대 앤디 LED 깊은 수납 침대 SS,별점,"아직 받지도못했는데 배송 완료뜨더니 겨우 받고 보니엄청 찍혀있다는!!!새상품 맞는건가요?아니 배송중에 이렇게 찍혓으면 말을좀해주시지 그냥 가버리면 모르나요?교환해주시던지 고처주시던
아직 받지도못했는데 배송 완료뜨더니 겨우 받고 보니엄청 찍혀있다는!!!새상품 맞는건가요?아니 배송중에 이렇게 찍혓으면 말을좀해주시지 그냥 가버리면 모르나요?교환해주시던지 고처주시던지 해주세요",1
190,세진침대 앤디 LED 깊은 수납 침대 SS,별점,"배송은늦었지만 상품은좋아요딸아아가 굉장히좋아해요
배송은늦었지만 상품은좋아요
딸아아가 굉장히좋아해요",5
191,세진침대 앤디 LED 깊은 수납 침대 SS,별점,"늦게올줄알았는데 빨오고 집을비우는바람에기사님혼자놓고가셨네요~기사님께 감사감사~
늦게올줄알았는데 빨오고 집을비우는바람에기사님혼자놓고가셨네요~기사님께 감사감사~",5
192,세진침대 앤디 LED 깊은 수납 침대 SS,별점,"배송이 느려 좀 속상했지만 설치기사님은 친절하셨고 침대를 보더니 아이들이 너무너무 좋아해요. 매트리스는 독립형이라 6회전보다는 푹신할꺼라 생각했는데 딱딱해요. 딱딱함 배송때문에
배송이 느려 좀 속상했지만 설치기사님은 친절하셨고 침대를 보더니 아이들이 너무너무 좋아해요. 매트리스는 독립형이라 6회전보다는 푹신할꺼라 생각했는데 딱딱해요. 딱딱함 배송때문에 별 4개요.",4
193,세진침대 앤디 LED 깊은 수납 침대 SS,별점,"침대는 좋아요~ 매트리스도 괜찮은 듯 하고요, 수납도 넉넉하고요. 색상도 예뻐요~
침대는 좋아요~ 매트리스도 괜찮은 듯 하고요, 수납도 넉넉하고요. 색상도 예뻐요~",5
194,세진침대 앤디 LED 깊은 수납 침대 SS,별점,"배송 엄청빠르고 상품설명랑 완전히 같아서 감동받았습니다설치기사분도 친절하시고 모든것이 대만족입니다
배송 엄청빠르고 상품설명랑 완전히 같아서 감동받았습니다
설치기사분도 친절하시고 모든것이 대만족입니다",5
195,세진침대 앤디 LED 깊은 수납 침대 SS,별점,"생각보다 배송은 오래걸렸지만 제품은만족합니다기사분이 친절하게 조립해주고가심
생각보다 배송은 오래걸렸지만 제품은만족합니다
기사분이 친절하게 조립해주고가심",5
196,세진침대 앤디 LED 깊은 수납 침대 SS,별점,"딸아이방 만들어주려다 저렴한 가격에 구매했어요.배송기사님 친절하셨고 아이도 너무 좋아해서 다행입니다
딸아이방 만들어주려다 저렴한 가격에 구매했어요.
배송기사님 친절하셨고 아이도 너무 좋아해서 다행입니다",5
197,세진침대 앤디 LED 깊은 수납 침대 SS,별점,"상품은 좋아요 그런데 배송이넘~~느려요언제 온다는 연락도없었구 해서2번이나 문의전화를 하면 배송중 이라고만하구 넘답답 했어요중간에 업체에서 해피콜 한번 해주면 좋을듯하내요
상품은 좋아요 그런데 배송이넘~~느려요
언제 온다는 연락도없었구 해서2번이나 문의전화를 하면 배송중 이라고만하구 넘답답 했어요
중간에 업체에서 해피콜 한번 해주면 좋을듯하내요",5
198,세진침대 앤디 LED 깊은 수납 침대 SS,별점,"저렴한가격에 넘 잘샀네요 가격대비 만족합니다
저렴한가격에 넘 잘샀네요 가격대비 만족합니다",5
199,세진침대 앤디 LED 깊은 수납 침대 SS,별점,"딸.아들 다 바꿔주었습니다~~가격대비.만족합니다
딸.아들 다 바꿔주었습니다~~
가격대비.만족합니다",5
200,세진침대 앤디 LED 깊은 수납 침대 SS,별점,"예정일보다 이틀 빨리 배송이 됐어요기사님 혼자 오셔서 금방 조립해주고 가셨어요SS침대 두 개라 힘드셨을텐데 고생하셨습니다.빠른배송 고맙습니다.
예정일보다 이틀 빨리 배송이 됐어요
기사님 혼자 오셔서 금방 조립해주고 가셨어요
SS침대 두 개라 힘드셨을텐데 고생하셨습니다.
빠른배송 고맙습니다.",5
201,세진침대 앤디 LED 깊은 수납 침대 SS,별점,"2주 잡고 느긋하게 있었는데 생각지도않게 배송빠르고 설치 친절히해주시고 깔끔하게 해주셨네요너무 맘에들어요 색상도 진하지도 않고^^
2주 잡고 느긋하게 있었는데 생각지도않게 배송빠르고 설치 친절히해주시고 깔끔하게 해주셨네요너무 맘에들어요 색상도 진하지도 않고^^",5
202,세진침대 앤디 LED 깊은 수납 침대 SS,별점,"배송기사님 넘 친절하시고 침대는 쪼금 딱딱 하네요나머지는 다 좋아요
배송기사님 넘 친절하시고
침대는 쪼금 딱딱 하네요
나머지는 다 좋아요",4
203,세진침대 앤디 LED 깊은 수납 침대 SS,별점,"배송기사님 친절하고 가성비최고너무 실용적 이고 대대만족다들 이쁘다 칭찬해요만족합니다
배송기사님 친절하고 가성비최고
너무 실용적 이고 대대만족
다들 이쁘다 칭찬해요
만족합니다",5
204,세진침대 앤디 LED 깊은 수납 침대 SS,별점,"매트리스 푹신하고 좋네요 침대두 이뿌네요
매트리스 푹신하고 좋네요 침대두 이뿌네요",5
205,세진침대 앤디 LED 깊은 수납 침대 SS,별점,"깔끔하고수납넉넉하고너무조아요
깔끔하고
수납넉넉하고
너무조아요",5
206,세진침대 앤디 LED 깊은 수납 침대 SS,별점,"쿠션이 적당히 폭신하고 수납도 넉넉하고 LED조명도 예쁘네요. 만족합니다. 배송료가 50,000원이어서 좀 그랬는데 기사님 고생 많으셨습니다. 감사합니다.
쿠션이 적당히 폭신하고 수납도 넉넉하고 LED조명도 예쁘네요. 만족합니다. 배송료가 50,000원이어서 좀 그랬는데 기사님 고생 많으셨습니다. 감사합니다.",5
207,세진침대 앤디 LED 깊은 수납 침대 SS,별점,"설마하는 맘으로 기대안했는데 ㅎ수납 대박입니다 ㅋㅋ가격대비 짱!!입니다설치해주신 기사님도 친절하시고만족했습니다~^^
설마하는 맘으로 기대안했는데 ㅎ
수납 대박입니다 ㅋㅋ
가격대비 짱!!입니다
설치해주신 기사님도 친절하시고
만족했습니다~^^",5
208,세진침대 앤디 LED 깊은 수납 침대 SS,별점,"결제시 없던 배송비가 좀황당했구요.침대는 적당하네요.
결제시 없던 배송비가 좀황당했구요.
침대는 적당하네요.",3
209,세진침대 앤디 LED 깊은 수납 침대 SS,별점,"깔끔하고 아이가 좋아해요.배송해주신기사님친절하셔요.
깔끔하고 아이가 좋아해요.
배송해주신기사님친절하셔요.",5
210,세진침대 앤디 LED 깊은 수납 침대 SS,별점,"주문부터 배송까지 친절한 응대에 100점 드려요.딸아이방 침대 구매했는데 튼튼하고 좋네요.서랍이 있어서 수납도 넉넉합니다.시간 맞춰 배송해주신 기사님.이삿날짜 맞춰 주시려고 애쓰셨
주문부터 배송까지 친절한 응대에 100점 드려요.
딸아이방 침대 구매했는데 튼튼하고 좋네요.
서랍이 있어서 수납도 넉넉합니다.
시간 맞춰 배송해주신 기사님.
이삿날짜 맞춰 주시려고 애쓰셨던 상담사님.
너무너무 감사드려요.",5
211,세진침대 앤디 LED 깊은 수납 침대 SS,별점,"엄청 굿 배송도 빠르고 설치기사님도 매우 친절하심
엄청 굿 배송도 빠르고 설치기사님도 매우 친절하심",5
212,세진침대 앤디 LED 깊은 수납 침대 SS,별점,"실물이 더 이쁘네요. 빠른배송 감사합니다.
실물이 더 이쁘네요. 빠른배송 감사합니다.",5
213,세진침대 앤디 LED 깊은 수납 침대 SS,별점,"배송기사님 친절하셨고 다좋은데 수납공간 나무가 넘 ?아서 수납이 조심스럽네요
배송기사님 친절하셨고 다좋은데 수납공간 나무가 넘 ?아서 수납이 조심스럽네요",4
214,세진침대 앤디 LED 깊은 수납 침대 SS,별점,"배송 느렸지만 기사님 친절 설치 좋았어요
배송 느렸지만 기사님 친절 설치 좋았어요",5
215,세진침대 앤디 LED 깊은 수납 침대 SS,별점,"지정된날짜에 배송해 주셔서감사합니다~~딸이좋아하네요~~^^역시gs입니다!!
지정된날짜에 배송해 주셔서감사합니다~~딸이좋아하네요~~^^역시gs입니다!!",5
216,세진침대 앤디 LED 깊은 수납 침대 SS,별점,"좋습니다 배송기사님도 친절하시구
좋습니다 배송기사님도 친절하시구",5
217,세진침대 앤디 LED 깊은 수납 침대 SS,별점,"가격대비 너무너무 만족합니다.
가격대비 너무너무 만족합니다.",5
218,세진침대 앤디 LED 깊은 수납 침대 SS,별점,"별하나도아까울정도ㅜ서랍ㆍㆍ선반다~~부실하고ㅜ메트리스는더할말없고ㅡㅡ
별하나도아까울정도ㅜ
서랍ㆍㆍ선반다~~부실하고ㅜ
메트리스는더할말없고ㅡㅡ",1
219,세진침대 앤디 LED 깊은 수납 침대 SS,별점,"반품하고싶은 생각이 절로 납니다 마감처리도 엉망이고 필름 부착도 엉망이고~~~ 배송기사님은 너무 친절 하신데 상품은 정말 엉망입니다
반품하고싶은 생각이 절로 납니다 마감처리도 엉망이고 필름 부착도 엉망이고~~~ 배송기사님은 너무 친절 하신데 상품은 정말 엉망입니다",1
220,세진침대 앤디 LED 깊은 수납 침대 SS,별점,"제품도 괜찮고 배송해주시는 기사분도 친절하시고 배송일보다 빨리와도 당황했지만 상품은 맘에드네요
제품도 괜찮고 배송해주시는 기사분도 친절하시고 배송일보다 빨리와도 당황했지만 상품은 맘에드네요",5
221,세진침대 앤디 LED 깊은 수납 침대 SS,별점,"빠른 배송 감사합니다,
빠른 배송 감사합니다,",4
222,세진침대 앤디 LED 깊은 수납 침대 SS,별점,"매트리스 탄탄하고 배송예정일자 다음날 배송오고 수납공간이 넓어서 추천하고 싶어요
매트리스 탄탄하고 배송예정일자 다음날 배송오고 수납공간이 넓어서 추천하고 싶어요",5
223,세진침대 앤디 LED 깊은 수납 침대 SS,별점,"품질 기대않했는데 생각보다 넘 좋았어요 배송은 진짜 마음에 안들어서 거래 중지할려고했어요. 품질땜에 참았어요
품질 기대않했는데 생각보다 넘 좋았어요
배송은 진짜 마음에 안들어서 거래 중지할려고
했어요. 품질땜에 참았어요",5
224,세진침대 앤디 LED 깊은 수납 침대 SS,별점,"배송비가 조금 많이 나오네요. ㅠㅠ배송 이 느린고 매트리스 딱딱한거 말고는 가격격대비 좋아요 .
배송비가 조금 많이 나오네요. ㅠㅠ
배송 이 느린고 매트리스 딱딱한거 말고는 가격격대비 좋아요 .",4
225,세진침대 앤디 LED 깊은 수납 침대 SS,별점,"가격대비 튼튼해요 배송이 넘 늦어요 지방은 배송비가 별도에요
가격대비 튼튼해요 배송이 넘 늦어요 지방은 배송비가 별도에요",4
226,세진침대 앤디 LED 깊은 수납 침대 SS,별점,"침대 프레임.매트 다 좋고 수납서랍아주 유용할듯요^^배송도 친절하게 잘 해주셨구요~수고하셨어요~♡♡
침대 프레임.매트 다 좋고 수납서랍아주 유용할듯요^^배송도 친절하게 잘 해주셨구요~수고하셨어요~♡♡",5
227,세진침대 앤디 LED 깊은 수납 침대 SS,별점,"드디어 기다리던 침대 도착 전문배송이라친절하게 설치도 깔끔하게 해주시고 감사합니다 ~^^
드디어 기다리던 침대 도착 전문배송이라친절하게 설치도 깔끔하게 해주시고 감사합니다 ~^^",5
228,세진침대 앤디 LED 깊은 수납 침대 SS,별점,"가구라 배송은 늦을 줄 알았지만...매트리스가 넘 아니라 가격을 좀 올려매트리스 품질을 높이면 좋겠습니다.디자인이랑 서랍 등 참 좋습니다.전화도 친절했구요!
가구라 배송은 늦을 줄 알았지만...
매트리스가 넘 아니라 가격을 좀 올려
매트리스 품질을 높이면 좋겠습니다.
디자인이랑 서랍 등 참 좋습니다.
전화도 친절했구요!",4
229,세진침대 앤디 LED 깊은 수납 침대 SS,별점,"6월 5일 주문했는데..배송 예정일보다 늦은 25일에배송됐네요. 기사님은 친절하셨고~ 메트리스는 쿠션이 없네요.
6월 5일 주문했는데..배송 예정일보다 늦은 25일에배송됐네요. 기사님은 친절하셨고~ 메트리스는 쿠션이 없네요.",4
230,세진침대 앤디 LED 깊은 수납 침대 SS,별점,"너무마음에들어요~~색상도 너무좋고 수납도마음에들고~~친절한기사님께도감사합니다~~고민중이신분들이있다면 강추드립니다^^
너무마음에들어요~~색상도 너무좋고
수납도마음에들고~~친절한기사님께도감사합니다~~고민중이신분들이있다면 강추드립니다^^",5
231,세진침대 앤디 LED 깊은 수납 침대 SS,별점,"아주맘에 들어요~~배송기사님도 넘넘 친절하시구요^^생각보다 배송이 빨라서 더 좋았어요^^
아주맘에 들어요~~배송기사님도 넘넘 친절하시구요^^생각보다 배송이 빨라서 더 좋았어요^^",5
232,세진침대 앤디 LED 깊은 수납 침대 SS,별점,"만족스럽습니다.ㅎ123123
만족스럽습니다.ㅎ123123",5
233,세진침대 앤디 LED 깊은 수납 침대 SS,별점,"너무너무 좋아요!!
너무너무 좋아요!!",5
234,세진침대 앤디 LED 깊은 수납 침대 SS,별점,"침대 좋아요 감사드립니다친절하게 해주셔서 감사드립니다
침대 좋아요 감사드립니다
친절하게 해주셔서 감사드립니다",5
