﻿,type,category,review,star
1,슬립웰 레스트 우디 일체형 침대 SS,별점,"(독립스프링+20T+우디다리)내용물로 따져서 가성비가 ...
(독립스프링+20T+우디다리)내용물로 따져서 가성비가 좋아서 구매했어요.
실물받아보니 마감은 엉성합니다.
한쪽을 많이 당겨서 재봉질해서
침대 좌우가 다르게 한쪽이 좀 쳐져 있고
또 앞에서 보면 조금 사선으로 기울어져 있고
모서리 옆부분은 울퉁불퉁하기도 합니다.
단점들을 많이 썼는데
그래도 그런건 커버씌우면 안보이죠.
싼맛에 .
잠잘때 편한지에 대한 주관적인 평은
독립스프링 느낌은 나고
불편한건 아닌데 편하다고 말하기도 조금 애매하네요.아직 적응이 안되서 그런지도 모르겠어요.좀더 사용해봐야 알것같아요.",3
2,슬립웰 레스트 우디 일체형 침대 SS,별점,"독립스프링도 괜찮네요
배송 약속 원활하게 편리하게 해주셨고요. 다리 잘 달아주셨고요. 비닐포장도 치워 주셔서 고객입장에서 감사했구요. 아니면 분리수거날 기다렸다가 버려야 해서 번거로움도 해결해 주셨네요. 상품 전반적으로 만족합니다. 프레임 없는 싱글침대 겸 소파를 검색하다가 이 제품 핫딜로 떠서 구매했네요. 나이대 있는 분이 사용할거라 스프링 소리 없는 좀 푹신한 느낌의 침대를 골랐구요. 독립스프링이 본넬스프링 보다 조금 더 상위가격인데 나무모양 다리로 업그레이드 포함된 가격이라 구매결정했구요. 타사 배송비가 포함된 비슷한 상품이 할인 중이라 마지막 선택 놓고 고심하다 다리 모양이 뭉뚝하지 않고 날씬한 모양인 이 제품을 결정했구요. 꺼지는 부분 없이 오래 사용했으면 좋겠네요.",5
3,슬립웰 레스트 우디 일체형 침대 SS,별점,"솔직하게 말씀드리면 제품은 가격대비 가성비 좋습니다.아쉬운 점은 천의 마감처리가 좀 아쉽고 MDF제품에서 나는 본드냄새같은 게 좀 납니다 하루종일 환기시켰으나 다 빠질려면 며칠
솔직하게 말씀드리면 제품은 가격대비 가성비 좋습니다.
아쉬운 점은 천의 마감처리가 좀 아쉽고
MDF제품에서 나는 본드냄새같은 게 좀 납니다 하루종일 환기시켰으나 다 빠질려면 며칠 걸릴 것 같네요

하지만 저렴한 가격에는 잘 산 것 같아요

저희는 지방이라 배송비가 개당 35,000원씩이라 싱글,수퍼싱글 2개 시켜서 총 7만원이들었어요ㅜㅜ
집이 계단이시면 사다리차 비용도 발생하게 되는데, 이건 침대의 경우 타사 제품도 마찬가지 일 거에요
,
조금은 아쉬운? 그런 마음입니다
다리는",3
4,슬립웰 레스트 우디 일체형 침대 SS,별점,"가성비 진짜 좋아요.좀 묵직(?)하게 침대다운 푹신함은 없지만높이도 좋고 우디다리도 맘에들고제 방이 좁은데 프레임이 없어서 저 혼자 여기저기 옮기기도 좋고정말 만족하고 있습니다.5
가성비 진짜 좋아요.좀 묵직(?)하게 침대다운 푹신함은 없지만높이도 좋고 우디다리도 맘에들고제 방이 좁은데 프레임이 없어서 저 혼자 여기저기 옮기기도 좋고정말 만족하고 있습니다.5점을 주고 싶지만 2점을 뺀 이유는 배송기사님 때문입니다.무조건 본인 스케쥴에 맞추라는 식으로 강요하시고그냥 발통만 돌리면 된다고 그냥 문앞에 두고 가겠다고 하고....안된다했더니 한숨쉬고.....정말 짜증났지만참았습니다.",3
5,슬립웰 레스트 우디 일체형 침대 SS,별점,"쓸수록 가성비 갑이라는 생각이 드네요일단 저렴하지만 쿠션감은 좋아요독립스프링이라 옆사람 뒤척여두 크게 방해 안됩니다혹시 탄탄한 매트 원하시거나 허리아프신 분들에겐 너무 푹신하게 느
쓸수록 가성비 갑이라는 생각이 드네요
일단 저렴하지만 쿠션감은 좋아요
독립스프링이라 옆사람 뒤척여두 크게 방해 안됩니다
혹시 탄탄한 매트 원하시거나 허리아프신 분들에겐 너무 푹신하게 느껴질수도 있겠지만, 그런게 아니시라면 무난합니다. .
굳이 비싸게 주고 사지 않아도 될듯요
냄새는 처음에 조금 심했는데..이틀 사이에 금방 빠지더라구요~!",5
6,슬립웰 레스트 우디 일체형 침대 SS,별점,"배송은 딱 일주일 걸렸고 기대했던 것 보다 쿠션감있고 편했습니다! 토퍼올린것 처럼 말랑한? 푹신함을 원하는 분들은 아쉬울 수 있지만 저는 탄탄한 매트리스를 더 선호하기 때문에 딱
배송은 딱 일주일 걸렸고 기대했던 것 보다 쿠션감있고 편했습니다! 토퍼올린것 처럼 말랑한? 푹신함을 원하는 분들은 아쉬울 수 있지만 저는 탄탄한 매트리스를 더 선호하기 때문에 딱 좋은 정도였고 며칠 자봐도 허리아픈것도 없고 좋았어요! 우드 다리도 인테리어와 잘 어울리고 좋아요 추천합니다 :)",5
7,슬립웰 레스트 우디 일체형 침대 SS,별점,"1. 출고했어도 줄창 ‘배송준비중’으로 뜸. 진행상황을 알 수 없어 답답함. 2. 배송기사가 내 송장만 누락해서 배송 전 날 연락을 안함. 2박3일 출장가는
1. 출고했어도 줄창 ‘배송준비중’으로 뜸. 진행상황을 알 수 없어 답답함.
2. 배송기사가 내 송장만 누락해서 배송 전 날 연락을 안함. 2박3일 출장가는 첫날 도착했다고 연락옴.
3. 집 비번 알려주면 설치해 주고 가던지, 문 밖에 두고 가겠다함. 문밖에 두고 가시라했음.
4. 3일 내내 매트리스 밖에 있다가 퇴근하면서 집어넣음. ㅈㄴ 힘듦.
5. 배송전날 출장때문에 일정 조율할려고 고객센터에 전화했지만 다음주에 배송될꺼라고 함. 아직 안준다고 함. 출장간다고 또 말했지만 분명 다음주 출고라고 했음.
6. 물건은 무난하지만, 물건을 받기까지의 과정이 매우 불쾌했으며, 싸니까 참아야한다는 느낌을 몇 번 받음.
7. 재구매 또는 주변에 추천은 못하겠음. (물건 때문이 아니라 단지 배송 및 고객센터 응대 때문에!!)",4
8,슬립웰 레스트 우디 일체형 침대 SS,별점,"적당히 푹신하고 적당히 딱딱해요.시험치기 위해서 언니네 집에 가서 자게됐는데, 시험 전날임에도 불구하고 엄청 개운하게 잤어요. 침대가 쫀득쫀득하니 몸이 찰떡같이 달라붙더라고요. 마
적당히 푹신하고 적당히 딱딱해요.
시험치기 위해서 언니네 집에 가서 자게됐는데, 시험 전날임에도 불구하고 엄청 개운하게 잤어요. 침대가 쫀득쫀득하니 몸이 찰떡같이 달라붙더라고요. 마침 애인 침대가 안좋아서 바꿔주고싶었는데, 언니한테 제품명 물어서 사줬어요. 한번 가서 누워봤는데 여전히 쫀득하니 잠이 솔솔 오더라고요^^ 잘때마다 꿀잠잡니다. 애인도 만족스러워합니다. 강추b",5
9,슬립웰 레스트 우디 일체형 침대 SS,별점,"슈퍼싱글쓰다가 방이 비좁아서 과감히 싱글로 바꾸기로,,,프레임이 없어 쓰던거에서 무려 20cm를 줄였네요뭐 너무 좁을 정도는 아니고매트리스가 너무 좋아요적당한 쿠션감도 정말 맘에
슈퍼싱글쓰다가 방이 비좁아서 과감히 싱글로 바꾸기로,,,
프레임이 없어 쓰던거에서 무려 20cm를 줄였네요
뭐 너무 좁을 정도는 아니고
매트리스가 너무 좋아요
적당한 쿠션감도 정말 맘에 듭니다
배송도 5일전도로 늦지 않았습니다",5
10,슬립웰 레스트 우디 일체형 침대 SS,별점,"침대 구입하고 이렇게 화나긴 처음이에요. 한달 전부터 지정배송일 신청했는데, 신청 직전날 까지 연락도 없고, 제가 직접 해봐도 전화를 아주~~~~ 늦게 받으시더라고요. 고객센터 전
침대 구입하고 이렇게 화나긴 처음이에요. 한달 전부터 지정배송일 신청했는데, 신청 직전날 까지 연락도 없고, 제가 직접 해봐도 전화를 아주~~~~ 늦게 받으시더라고요. 고객센터 전화 일부러 늦게 받는 듯 해요. 전화 받아서 하시는 말씀이, 지정 배송일 신청한 대로 나가기 어렵다.
????????????? 2주 전에만 지정배송일 신청하면 된다 하셨는데 그걸 이제 와서 말이라고 하시나요???????????????????

결국 배송 받았지만, 상품 오배송으로 또 교환했네요.. 제대로 확인하고 보내지도 않고, 물류센터랑 소통도 잘 안되는 듯 해요. 침대 때문에 이사 스트레스만 더 많이 받고 싶으신 분들께 추천합니다.",1
11,슬립웰 레스트 우디 일체형 침대 SS,별점,"쿠션감 좋고 튼튼해요. 잠자리가 바뀌면 잘 못 자는데 잘 잤습니다-""엄청 푹신하다-!""는 아니지만 제 기준 적당하네요.배송이 빠르다는 리뷰가 많아서 주문했는데솔직
쿠션감 좋고 튼튼해요.
잠자리가 바뀌면 잘 못 자는데 잘 잤습니다-
""엄청 푹신하다-!""는 아니지만
제 기준 적당하네요.
배송이 빠르다는 리뷰가 많아서 주문했는데
솔직히 배송 빠르다는 말은 잘..ㅎ
어떤분은 추석인가 그 떄 쯤 주문해서
추석기간 빼고 5일 걸렸다고 하는데
저는 2/5(금)요일 주문해서 2/23(화)요일 받았어요.
설인 거 감안하고 배송 지연 생각하면 맞는데
일부 리뷰처럼 매우 빠르지는 않아요.
(물론 날짜와 주문량에 따라 다르겠지만
일단 저는 그랬습니다-)
아무튼 배송이 늦어져서 속상했지만
배달 와주신 기사님이 엄청 친절하게 해주셔서
감사했어요-",5
12,슬립웰 레스트 우디 일체형 침대 SS,별점,"배송문의때문에 고객센터에 잔화해도 연결이 잘 안되서 좀 걱정했는데 생각보다 상품이 빨리왔고 상품이 기대 이상으로 질이 좋아서 선물했는데 다 맘에 들어하셨어요! 쿠션감도 정말 좋았고
배송문의때문에 고객센터에 잔화해도 연결이 잘 안되서 좀 걱정했는데 생각보다 상품이 빨리왔고 상품이 기대 이상으로 질이 좋아서 선물했는데 다 맘에 들어하셨어요! 쿠션감도 정말 좋았고 일체형이라 걱정했는데 엄청 튼튼해서 좋았습니다",5
13,슬립웰 레스트 우디 일체형 침대 SS,별점,"최대 2주가 걸린다고 해서 마음 놓고 기다리고 있었는데 주말제외 이틀만에 왔어요! :):) 별로 좋지않은 날에 고생해주신 택배기사님께 감사드립니다ㅜㅜ 저는 생각보다 튼튼하고 아주
최대 2주가 걸린다고 해서 마음 놓고 기다리고 있었는데 주말제외 이틀만에 왔어요! :):) 별로 좋지않은 날에 고생해주신 택배기사님께 감사드립니다ㅜㅜ 저는 생각보다 튼튼하고 아주 좋은 것 같아요! 우드 다리가 나름 갬성도 있구 ㅋㅋ 아주 작은방이라 과연 설마 했는데 역시나 사이즈가 딱 잘 들어맞네요! 배송도 침대도 모두 맘에 듭니다! 감사합니다 :):)",5
14,슬립웰 레스트 우디 일체형 침대 SS,별점,"침대 디자인은 좋아요 독립이라서 소음없을줄 알았는데 좀 있구요 프레임이 아니라 다리라서 좀 소음이 있어요 본넬 스프링보다 모서리 코너 지지대가 많이 약합니다 배송기사분 힘드셧을텐
침대 디자인은 좋아요 독립이라서 소음없을줄 알았는데 좀 있구요 프레임이 아니라 다리라서 좀 소음이 있어요 본넬 스프링보다 모서리 코너 지지대가 많이 약합니다 배송기사분 힘드셧을텐데 모서리 지지 소음으로 한번 교체했습니다 결국 같아서 걍 쓰네요 배송기사님 친절이요 회사 서비스도 만족요 교환이 빨하서요",3
15,슬립웰 레스트 우디 일체형 침대 SS,별점,"배송기사분... 조립까지 포함해서 25000원아닌가요 제값을 못하시는데요? 배송날짜도 기사분이 정하고.. 조립혼자할수있다면서 그냥 두고가셨는데. 조립하는게 만만치않았네요^^.
배송기사분... 조립까지 포함해서 25000원아닌가요 제값을 못하시는데요? 배송날짜도 기사분이 정하고.. 조립혼자할수있다면서 그냥 두고가셨는데. 조립하는게 만만치않았네요^^. 다리가 7개인데 나무먼지날리면서 손으로 하나하나 다돌렸어요. 수평도 맞기힘들어요 혼자하면.",3
16,슬립웰 레스트 우디 일체형 침대 SS,별점,"일단..우디 다리 추가 했는데..배송 하시면서 부러졌다고 매트만 먼저 받고 택배로 다리를 받아서 우리가 조립 했습니다. 그닥 어렵지 않았지만 기간 및 지방 배송비 4만원에 설치는
일단..우디 다리 추가 했는데..배송 하시면서 부러졌다고 매트만 먼저 받고 택배로 다리를 받아서 우리가 조립 했습니다. 그닥 어렵지 않았지만 기간 및 지방 배송비 4만원에 설치는 구매자가 했으니..음.. 기분이 매우 상했네요\n그래도 매트는 좋아보여 다행입니다.",4
17,슬립웰 레스트 우디 일체형 침대 SS,별점,"좋아요
구매한지 일주일정도 후에 배송이 됐어요 메트릭스가 딱 제가 좋아하는 쿠션감이예요 너무 딱딱하지도 푹신하지도 않은정도예요. 배송해주신분도 너무 나이스하시고 설치는 5분이 안걸렸네요 사기전에 엄청 고민했는데 너무 잘샀어요",5
18,슬립웰 레스트 우디 일체형 침대 SS,별점,"배송에대한 정확한리뷰가 없네요배송은 주문한 날로부터 10일걸렸습니다.도착 2~3일전에 배송기사님이 문자로 주소물어봅니다. 010으로 시작하는 개인번호같아요 070 스팸번호는 안심하
배송에대한 정확한리뷰가 없네요
배송은 주문한 날로부터 10일걸렸습니다.
도착 2~3일전에 배송기사님이 문자로 주소물어봅니다.
010으로 시작하는 개인번호같아요 070 스팸번호는 안심하고 차단하셔도 될 것 같습니다. 배송 도착전 전화문자 한번 더 오고 배송비는 계좌이체로도받는다고하니 참고하세요.
조금 딱딱한편입니다. 몸이 묻히는 푹신한거 원하시면 비추요",5
19,슬립웰 레스트 우디 일체형 침대 SS,별점,"가성비 좋네요. 모서리 매트릭스가 지지되지 않고 꺼지는 느낌이 있는데, 모서리만 조심하면 다른 부분은 푹신푹신하고 괜찮습니다. 매우 편안해요. 배송기사님도 친절하셨습니다. 다만,
가성비 좋네요. 모서리 매트릭스가 지지되지 않고 꺼지는 느낌이 있는데, 모서리만 조심하면 다른 부분은 푹신푹신하고 괜찮습니다. 매우 편안해요. 배송기사님도 친절하셨습니다. 다만, 장마, 휴가철 겹쳐서 배송이 늦어 아쉬웠네요. 수고하세요.",5
20,슬립웰 레스트 우디 일체형 침대 SS,별점,"지방인데 배송은 딱 일주일 걸렸구요기사님 설치 잘해주고 가셨습니다~다리부분이 좀 부실한지 쾅 누우면 덜컥소리나긴하는데 대체적으로 마음에 들어요원래쓰던 SS침대커버가 좀 작은걸보니
지방인데 배송은 딱 일주일 걸렸구요기사님 설치 잘해주고 가셨습니다~다리부분이 좀 부실한지 쾅 누우면 덜컥소리나긴하는데 대체적으로 마음에 들어요원래쓰던 SS침대커버가 좀 작은걸보니 보통 사이즈보단 좀 큰거같아요",4
21,슬립웰 레스트 우디 일체형 침대 SS,별점,"옆부분이 너무 울퉁불퉁 안예뻐요ㅜㅡㅜ매트리스커버를 씌우려고해도 다리때메 안들어가고..고민이에요편안하긴한데 첨에 누울때 약간 삐그덕대고..다리를 돌려 끼우는데 튀어나와서 좀 그렇네요
옆부분이 너무 울퉁불퉁 안예뻐요ㅜㅡㅜ매트리스커버를 씌우려고해도 다리때메 안들어가고..고민이에요
편안하긴한데 첨에 누울때 약간 삐그덕대고..다리를 돌려 끼우는데 튀어나와서 좀 그렇네요",3
22,슬립웰 레스트 우디 일체형 침대 SS,별점,"가격만큼 하는 것 같아요 싼 값에 쓰기 좋네요. 가장자리 쪽에 앉으면 푹 눌러앉는 느낌 조금 있어요! 우드다리라 그런지 모르겠는데 침대가 되게 잘 밀리는 편입니다 참고하시길!
가격만큼 하는 것 같아요 싼 값에 쓰기 좋네요. 가장자리 쪽에 앉으면 푹 눌러앉는 느낌 조금 있어요! 우드다리라 그런지 모르겠는데 침대가 되게 잘 밀리는 편입니다 참고하시길!",4
23,슬립웰 레스트 우디 일체형 침대 SS,별점,"컴팩트한 사이즈 덕에 작은 방에 잘 들어가고 강화나무 다리덕에 견고한 느낌이 듭니다 메모리폼 없는 매트리스지만 적당히 푹신하고젛아요~ 온열기구 사용이 가능한 것도 너무 좋네요! ㅎ
컴팩트한 사이즈 덕에 작은 방에 잘 들어가고
강화나무 다리덕에 견고한 느낌이 듭니다
메모리폼 없는 매트리스지만 적당히 푹신하고젛아요~ 온열기구 사용이 가능한 것도 너무 좋네요! ㅎ",5
24,슬립웰 레스트 우디 일체형 침대 SS,별점,"전에 슈퍼싱글 구매해서 사용하다가 이번에 더블 사이즈 하나더 구매했네요 가격대비 침대가 너무좋아요 푹신하고 스프링도 좋고 좋은상품 만들어주셔서 감사해요 또 올께요 많이 파세요
전에 슈퍼싱글 구매해서 사용하다가 이번에 더블 사이즈 하나더 구매했네요 가격대비 침대가 너무좋아요 푹신하고 스프링도 좋고
좋은상품 만들어주셔서 감사해요 또 올께요 많이 파세요",5
25,슬립웰 레스트 우디 일체형 침대 SS,별점,"가격에 비해 퀄리티가 좋은것 같아요 많이 푹신한 느낌이고 매트리스가 금방 꺼지진않을까 조금 걱정되기는 하지만 전반적으로 만족합니다~ 푹신한거 싫어하시는 분들은 그냥 일반형?사세요~
가격에 비해 퀄리티가 좋은것 같아요 많이 푹신한 느낌이고 매트리스가 금방 꺼지진않을까 조금 걱정되기는 하지만 전반적으로 만족합니다~ 푹신한거 싫어하시는 분들은 그냥 일반형?사세요~",5
26,슬립웰 레스트 우디 일체형 침대 SS,별점,"딸아이 바닥생활 정리하고 침대생활 할려고 주문했네요~생각보다 푹신하고 튼튼해서 만족하며 잘쓰고 있어요~번창하세요~아. 지방이라 배송이 다소 늦는점은 감안하셔야해요~
딸아이 바닥생활 정리하고 침대생활 할려고 주문했네요~생각보다 푹신하고 튼튼해서 만족하며 잘쓰고 있어요~번창하세요~아. 지방이라 배송이 다소 늦는점은 감안하셔야해요~",5
27,슬립웰 레스트 우디 일체형 침대 SS,별점,"모서리쪽이 푹 꺼지는 현상이 있고 여자 40키로 중반인데 올가면 삐그덕 소리가 나여 그런거 말곤 가격대비 좋아요! 사이즈도 잘 맞구요
모서리쪽이 푹 꺼지는 현상이 있고 여자 40키로 중반인데 올가면 삐그덕 소리가 나여 그런거 말곤 가격대비 좋아요! 사이즈도 잘 맞구요",4
28,슬립웰 레스트 우디 일체형 침대 SS,별점,"저렴한 가격이라서 쿠션감이 안좋을카봐 걱정했는데 라텍스가 깔려서 적당히 푹신하고 좋습니다. 자리차지도 적어서 맘에 드네요
저렴한 가격이라서 쿠션감이 안좋을카봐 걱정했는데 라텍스가 깔려서 적당히 푹신하고 좋습니다. 자리차지도 적어서 맘에 드네요",5
29,슬립웰 레스트 우디 일체형 침대 SS,별점,"가격대비 매우만족해요 침대가 생각보다 푹신하고 좋아요 저렴한가격 생각잘안나고 돈쬐끔 들인 매트리스같아요 더운날 기사분이 오셔서 다조립해주시고 친절하게 해주셔서 기분이 좋았습니다 마
가격대비 매우만족해요 침대가 생각보다 푹신하고 좋아요 저렴한가격 생각잘안나고 돈쬐끔 들인 매트리스같아요 더운날 기사분이 오셔서 다조립해주시고 친절하게 해주셔서 기분이 좋았습니다 마니파세요",4
30,슬립웰 레스트 우디 일체형 침대 SS,별점,"배송도 빠르고사진이랑 똑 같네요.쿠션감은 조금 떨어지지만 가격대비 만족합니다.서랍장은 고정이 아니라 좀 불편해요.
배송도 빠르고
사진이랑 똑 같네요.
쿠션감은 조금 떨어지지만 가격대비 만족합니다.
서랍장은 고정이 아니라 좀 불편해요.",5
31,슬립웰 레스트 우디 일체형 침대 SS,별점,"간편하게 쓸려고 샀어요 침대가좀 가벼운편이라 밀리기도하고 소리도조금나네요 주문할때랑 지금이랑 가격변동이 계속되는게 아쉽네요
간편하게 쓸려고 샀어요 침대가좀 가벼운편이라 밀리기도하고 소리도조금나네요 주문할때랑 지금이랑 가격변동이 계속되는게 아쉽네요",3
32,슬립웰 레스트 우디 일체형 침대 SS,별점,"생각보다 배송도 빨리되고 침대 사이즈도 좋네용!해드가 없어서 허전하긴 하지만사용하는데 전혀 불편함은 없습니다.
생각보다 배송도 빨리되고 침대 사이즈도 좋네용!
해드가 없어서 허전하긴 하지만
사용하는데 전혀 불편함은 없습니다.",5
33,슬립웰 레스트 우디 일체형 침대 SS,별점,"가격대비 너무 좋아요~ 지방이라 오래걸릴줄알았는데 몇일만에 와서 넘좋네요생각보다 견고하고 보기도 깔끔합니다
가격대비 너무 좋아요~ 지방이라 오래걸릴줄알았는데 몇일만에 와서 넘좋네요생각보다 견고하고 보기도 깔끔합니다",5
34,슬립웰 레스트 우디 일체형 침대 SS,별점,"한쪽벽이 완전치 않아서 밀리기는하는데 쿠션감, 크기 모두 만족해요. 지인한테 가격 이야기했더니 깜짝 놀랐어요
한쪽벽이 완전치 않아서 밀리기는하는데 쿠션감, 크기 모두 만족해요. 지인한테 가격 이야기했더니 깜짝 놀랐어요",5
35,슬립웰 레스트 우디 일체형 침대 SS,별점,"가성비 최고의 침대가 아닐까 싶어요!^^ 많이 자보지는 않아서 모르겠지만 몇년 정도 사용하기는 딱일거 같아요
가성비 최고의 침대가 아닐까 싶어요!^^ 많이 자보지는 않아서 모르겠지만 몇년 정도 사용하기는 딱일거 같아요",4
36,슬립웰 레스트 우디 일체형 침대 SS,별점,"좋아요 저렴하고 막 호텔처럼 꿀잠잤다 이런건 아닌데 등이 아프거나 한적도 없어서 좋습니다 가성비 침대 굿
좋아요 저렴하고 막 호텔처럼 꿀잠잤다 이런건 아닌데 등이 아프거나 한적도 없어서 좋습니다 가성비 침대 굿",5
37,슬립웰 레스트 우디 일체형 침대 SS,별점,"가성비 좋아요 ! 매트리스도 생각보다 좋아서 놀랬어요 삐그덕 소리도 전혀 안나고 엄청 안정감이 있네요 이 가격에 이정도 제품이면 진짜 최고네요 !
가성비 좋아요 ! 매트리스도 생각보다 좋아서 놀랬어요 삐그덕 소리도 전혀 안나고 엄청 안정감이 있네요 이 가격에 이정도 제품이면 진짜 최고네요 !",4
38,슬립웰 레스트 우디 일체형 침대 SS,별점,"규수방 슬립웰 레스트 우디 독립 일체형 침대~ 손님방 침대로 사용하려고 구입했습니다. 나름 쿠션감도 있고, 일채형이라 공간도 많이 차지하지 않아 좋았습니다.^^
규수방 슬립웰 레스트 우디 독립 일체형 침대~ 손님방 침대로 사용하려고 구입했습니다. 나름 쿠션감도 있고, 일채형이라 공간도 많이 차지하지 않아 좋았습니다.^^",5
39,슬립웰 레스트 우디 일체형 침대 SS,별점,"처음에 소나무 향이 너무 좋았는데 점점 없어지고 있어요. 스프링 삐거덕 거리는 소리 거의 없습니다.
처음에 소나무 향이 너무 좋았는데 점점 없어지고 있어요. 스프링 삐거덕 거리는 소리 거의 없습니다.",5
40,슬립웰 레스트 우디 일체형 침대 SS,별점,"다리부분이 약할까봐 살짝 걱정되긴 했지만 나름 튼튼해서 잘 쓰고있어요!배송 전날에야 일정을 알 수가 있어서 오래기다리느라 좀 힘들었네요
다리부분이 약할까봐 살짝 걱정되긴 했지만 나름 튼튼해서 잘 쓰고있어요!배송 전날에야 일정을 알 수가 있어서 오래기다리느라 좀 힘들었네요",4
41,슬립웰 레스트 우디 일체형 침대 SS,별점,"지역은 경기도고 외곽지역도 아닌데배송은 2주정도걸렸고요 커버정리하느라 모서리에 앉앟는데 뿌직소리나면서 찢어졌네용모서리는 원래약해서그런단 소리하지마세요
지역은 경기도고 외곽지역도 아닌데배송은 2주정도걸렸고요 커버정리하느라 모서리에 앉앟는데 뿌직소리나면서 찢어졌네용
모서리는 원래약해서그런단 소리하지마세요",1
42,슬립웰 레스트 우디 일체형 침대 SS,별점,"가격만큼 해요 저렴한거 찾고있었는데 딱 좋아요 냄새는 좀심해서 당분간 환기 필요하네요
가격만큼 해요 저렴한거 찾고있었는데 딱 좋아요 냄새는 좀심해서 당분간 환기 필요하네요",4
43,슬립웰 레스트 우디 일체형 침대 SS,별점,"밑에 서랍 구매한게 너무 까져서와서 조금 당황스러웠지만...침대 자체는 푹신하고 좋아요
밑에 서랍 구매한게 너무 까져서와서 조금 당황스러웠지만...침대 자체는 푹신하고 좋아요",4
44,슬립웰 레스트 우디 일체형 침대 SS,별점,"아기 침대로 구매했는데 좋아요 한달 사용해보니 쿠션감도 괜찮고 가격대비 견고합니다
아기 침대로 구매했는데 좋아요 한달 사용해보니 쿠션감도 괜찮고 가격대비 견고합니다",5
45,슬립웰 레스트 우디 일체형 침대 SS,별점,"원룸에 들였는데 가격대비 좋아요통발도 우드무늬라 괜찮네요다른방에도 주문할게요~
원룸에 들였는데 가격대비 좋아요
통발도 우드무늬라 괜찮네요
다른방에도 주문할게요~",5
46,슬립웰 레스트 우디 일체형 침대 SS,별점,"생각보다 빨리 도착했어요 매트 편안합니다 재질도 부드럽고 좋아요 ~~ 헤드가 허전해서 쿠션 하나 살 예정입니다~~
생각보다 빨리 도착했어요 매트 편안합니다 재질도 부드럽고 좋아요 ~~ 헤드가 허전해서 쿠션 하나 살 예정입니다~~",5
47,슬립웰 레스트 우디 일체형 침대 SS,별점,"실제로 보면 더 이뻐요 발통 나무라 너무 좋구요서랍장 완전 강추해요.꼭 추가하세요
실제로 보면 더 이뻐요
발통 나무라 너무 좋구요
서랍장 완전 강추해요.꼭 추가하세요",5
48,슬립웰 레스트 우디 일체형 침대 SS,별점,"침대 프레임까지 두자니 방이 비좁아질것같아 구매했는데 생각보다 만족스럽습니다.
침대 프레임까지 두자니 방이 비좁아질것같아 구매했는데 생각보다 만족스럽습니다.",5
49,슬립웰 레스트 우디 일체형 침대 SS,별점,"좋아요
배송도 빨랐고.. 설치기사님도 친절하니 신속하게 설치해주셨어요. 아이가 있어 저렴하게 막 쓸려고 샀는데, 가격대비 너무 좋네요 슈퍼싱글 두개로 붙여 넓게 써요. 너무 푹신한거 싫은데 적당히 하드해서 맘에 듭니다",5
50,슬립웰 레스트 우디 일체형 침대 SS,별점,"편하게 잘 자고 있습니다. 다만, 모서리 부분은 지지대가 없어서 푹 꺼지는 단점이 있어요. 그렇지만 굳이 모서리에 앉을 일은 없으니 크게 상관 없습니다. 전반적으로 만족합니다.
편하게 잘 자고 있습니다. 다만, 모서리 부분은 지지대가 없어서 푹 꺼지는 단점이 있어요. 그렇지만 굳이 모서리에 앉을 일은 없으니 크게 상관 없습니다. 전반적으로 만족합니다.",5
51,슬립웰 레스트 우디 일체형 침대 SS,별점,"잘 쓰고 있어요. 다리 부분도 튼튼해서 좋아요. 다른 데꺼보다 훨씬 만족 중입니다.
잘 쓰고 있어요. 다리 부분도 튼튼해서 좋아요. 다른 데꺼보다 훨씬 만족 중입니다.",5
52,슬립웰 레스트 우디 일체형 침대 SS,별점,"작은 방에 두고 사용하기 너무 좋아요 설치할 때는 약간 걱정했는데 설치 끝내고 보니 잘 샀다는 생각 가득입니다~
작은 방에 두고 사용하기 너무 좋아요 설치할 때는 약간 걱정했는데 설치 끝내고 보니 잘 샀다는 생각 가득입니다~",5
53,슬립웰 레스트 우디 일체형 침대 SS,별점,"가격대비 좋아요~ 매트리스하나더 얹어서 사용하는데 쿠션감도 좋고 만족합니다
가격대비 좋아요~ 매트리스하나더 얹어서 사용하는데 쿠션감도 좋고 만족합니다",4
54,슬립웰 레스트 우디 일체형 침대 SS,별점,"배송빨라요쿠션감도 나쁘진않아요생각보다 고급져 보이네요우드다리가 예뻐요
배송빨라요
쿠션감도 나쁘진않아요
생각보다 고급져 보이네요
우드다리가 예뻐요",5
55,슬립웰 레스트 우디 일체형 침대 SS,별점,"아들거 구입후 괜찮은거 같아 딸것도 구입했어요워낙 저렴하니까 크게 기대안하고쓰시면 쓰실만 할거예요
아들거 구입후 괜찮은거 같아 딸것도 구입했어요
워낙 저렴하니까 크게 기대안하고쓰시면 쓰실만 할거예요",4
56,슬립웰 레스트 우디 일체형 침대 SS,별점,"생각보다 배송은 빠릅니다.다리가 생각보다 조금 약해보입니다.무게는 엄청 가벼워서 잘 밀립니다.매트리스 종류를 눈으로 확인할 수 있는 라벨이 없는 것 같아요.가격대비 괜찮습니다.
생각보다 배송은 빠릅니다.
다리가 생각보다 조금 약해보입니다.
무게는 엄청 가벼워서 잘 밀립니다.
매트리스 종류를 눈으로 확인할 수 있는 라벨이 없는 것 같아요.
가격대비 괜찮습니다.",4
57,슬립웰 레스트 우디 일체형 침대 SS,별점,"배송은 일주일이 넘게 기다리니 감안하시고 제품 구매하심이 좋을듯요. 짧은 기간 사용하려 구매했습니다.
배송은 일주일이 넘게 기다리니 감안하시고 제품 구매하심이 좋을듯요. 짧은 기간 사용하려 구매했습니다.",3
58,슬립웰 레스트 우디 일체형 침대 SS,별점,"기사님도 친절하시고 저렴한 가격에 이정도면 나쁘지 않네요! 잘산듯합니다:)
기사님도 친절하시고 저렴한 가격에 이정도면 나쁘지 않네요! 잘산듯합니다:)",5
59,슬립웰 레스트 우디 일체형 침대 SS,별점,"가성비 좋고 만족스러워요 :-)가벼운편이지만 쉽게 미끌리거나하진 않습니다!
가성비 좋고 만족스러워요 :-)
가벼운편이지만 쉽게 미끌리거나하진 않습니다!",5
60,슬립웰 레스트 우디 일체형 침대 SS,별점,"가성비 좋아요 배송은 생각보다오래 걸리지 않았어요 잘쓸게요 마니파세요
가성비 좋아요 배송은 생각보다오래 걸리지 않았어요 잘쓸게요 마니파세요",5
61,슬립웰 레스트 우디 일체형 침대 SS,별점,"가격대비해서 쿠션감이 좋으나 테두리쪽이 견고하지는 않아 약간 불안함
가격대비해서 쿠션감이 좋으나 테두리쪽이 견고하지는 않아 약간 불안함",4
62,슬립웰 레스트 우디 일체형 침대 SS,별점,"쌈 그레이라 나름 고급짐토퍼깔고자서 쿠션감은 모르겠으나 나름 푹신한듯프레임 대신 산건데 이득임
쌈
그레이라 나름 고급짐
토퍼깔고자서 쿠션감은 모르겠으나 나름 푹신한듯
프레임 대신 산건데 이득임",5
63,슬립웰 레스트 우디 일체형 침대 SS,별점,"디자인 깔끔하고 누웠을 때 편안합니다.무게감은 있는데, 조금 밀려요...
디자인 깔끔하고 누웠을 때 편안합니다.
무게감은 있는데, 조금 밀려요...",5
64,슬립웰 레스트 우디 일체형 침대 SS,별점,"추가 사양을 다 선택했는데도 저렴하고 공간 차지가 적어서 만족합니다.
추가 사양을 다 선택했는데도 저렴하고 공간 차지가 적어서 만족합니다.",5
65,슬립웰 레스트 우디 일체형 침대 SS,별점,"가격대비 좋지만 푹신한지도 딱딱한지도 모르겠고 내장재가 느껴져요.. 그리구 설치하면서 원목발통 까졋네요.. 아예 원목발통인줄 알앗는데 겉에만 디자인한건가보네요
가격대비 좋지만 푹신한지도 딱딱한지도 모르겠고 내장재가 느껴져요.. 그리구 설치하면서 원목발통 까졋네요.. 아예 원목발통인줄 알앗는데 겉에만 디자인한건가보네요",3
66,슬립웰 레스트 우디 일체형 침대 SS,별점,"가격에 비해 품질이 좋군요.적당히 폭신하고,전에쓰던 일체형 침대에 비해, 내구성도 좋은 느낌입니다.
가격에 비해 품질이 좋군요.
적당히 폭신하고,
전에쓰던 일체형 침대에 비해, 내구성도 좋은 느낌입니다.",5
67,슬립웰 레스트 우디 일체형 침대 SS,별점,"가격대비 튼튼하니 아주 좋네요.심플하게 침대생활하실분 강추입니다
가격대비 튼튼하니 아주 좋네요.
심플하게 침대생활하실분 강추입니다",5
68,슬립웰 레스트 우디 일체형 침대 SS,별점,"푹신하고 좋은데 많이 삐그덕거려요.쇼파대용으로산거라 뭐 만족합니다.좀 몸무게 나가시는분이 앉으면 많이 삐그덕대서 좀 불안하긴해요.모서리 쪽은 앉으면 많이 불안합니다. 부러질듯한 소
푹신하고 좋은데 많이 삐그덕거려요.
쇼파대용으로산거라 뭐 만족합니다.
좀 몸무게 나가시는분이 앉으면 많이 삐그덕대서 좀 불안하긴해요.
모서리 쪽은 앉으면 많이 불안합니다. 부러질듯한 소리가 나요.",4
69,슬립웰 레스트 우디 일체형 침대 SS,별점,"꿀잠자네요 폭실하구 좋아요 다리도깔끔해서 인테리어 효과도있어요
꿀잠자네요
폭실하구 좋아요 다리도깔끔해서 인테리어 효과도있어요",5
70,슬립웰 레스트 우디 일체형 침대 SS,별점,"아직 다른 불편함없이 잘 쓰고 있습니다. 많이 푹신하지 않아 좋네요
아직 다른 불편함없이 잘 쓰고 있습니다. 많이 푹신하지 않아 좋네요",4
71,슬립웰 레스트 우디 일체형 침대 SS,별점,"가격대비 좋은 상품이에요저렴한 가격이라 큰 기대는 안했는데 좁은공간에서 활용도가 최고네요!!
가격대비 좋은 상품이에요
저렴한 가격이라 큰 기대는 안했는데 좁은공간에서 활용도가 최고네요!!",5
72,슬립웰 레스트 우디 일체형 침대 SS,별점,"일체형이라 공간차지도 많이 안하고 사용하기 좋습니다~ 추천이요~
일체형이라 공간차지도 많이 안하고 사용하기 좋습니다~ 추천이요~",5
73,슬립웰 레스트 우디 일체형 침대 SS,별점,"배송이 생각 보다 빨라서 좋았고, 작은 방에 딱 들어가서 좋네요~^^
배송이 생각 보다 빨라서 좋았고, 작은 방에 딱 들어가서 좋네요~^^",5
74,슬립웰 레스트 우디 일체형 침대 SS,별점,"작은 방에 딱 맞는 사이즈로 아주 잘 쓰고있습니다 아들이 쿠션감도 있다며 좋아하고 만족해합니다
작은 방에 딱 맞는 사이즈로 아주 잘 쓰고있습니다 아들이 쿠션감도 있다며 좋아하고 만족해합니다",5
75,슬립웰 레스트 우디 일체형 침대 SS,별점,"배송도 3-4일만에 왔고 가격대비 매우 만족스럽게 사용하고있어요
배송도 3-4일만에 왔고 가격대비 매우 만족스럽게 사용하고있어요",5
76,슬립웰 레스트 우디 일체형 침대 SS,별점,"사진이나 실물이나 거의 똑같습니다. 제취향저격 저렴해보이지않고 가격대비 적당합니다.다만실용성에서 약간에 흔들림 있구요 . 약간에 삐걱거림 있습니다. 그건 가격생각해서 마음 접었습니
사진이나 실물이나 거의 똑같습니다. 제취향저격 저렴해보이지않고 가격대비 적당합니다.다만실용성에서 약간에 흔들림 있구요 . 약간에 삐걱거림 있습니다. 그건 가격생각해서 마음 접었습니다.",5
77,슬립웰 레스트 우디 일체형 침대 SS,별점,"침대에 누우면 수평이 안맞고, 한쪽으로 쏠리는 느낌이 강해요.
침대에 누우면 수평이 안맞고, 한쪽으로 쏠리는 느낌이 강해요.",2
78,슬립웰 레스트 우디 일체형 침대 SS,별점,"제품좋아요 다만 택배 늦어요 여유있게생각하시고 주문하세요.
제품좋아요 다만 택배 늦어요 여유있게생각하시고 주문하세요.",5
79,슬립웰 레스트 우디 일체형 침대 SS,별점,"가성비 좋아요 3번째 구매! 딸들거 사줬다가 괜찮아서 막내것도
가성비 좋아요 3번째 구매! 딸들거 사줬다가 괜찮아서 막내것도",4
80,슬립웰 레스트 우디 일체형 침대 SS,별점,"딸아이 사줬는데 너무 좋아하네요..좁은방에는 딱인거 같아요~
딸아이 사줬는데 너무 좋아하네요..좁은방에는 딱인거 같아요~",5
81,슬립웰 레스트 우디 일체형 침대 SS,별점,"쿠션감은 중간 정도여서 좋아요.모서리 부분이 좀 취약합니다.
쿠션감은 중간 정도여서 좋아요.모서리 부분이 좀 취약합니다.",4
82,슬립웰 레스트 우디 일체형 침대 SS,별점,"너무 딱딱하네요. 튼튼하고 삐걱대는 소리 안나는 건 좋아요.
너무 딱딱하네요. 튼튼하고 삐걱대는 소리 안나는 건 좋아요.",4
83,슬립웰 레스트 우디 일체형 침대 SS,별점,"싼가격에 좋아요. 단지 눕는 곳 재질이 생각했던것과 달라요.
싼가격에 좋아요. 단지 눕는 곳 재질이 생각했던것과 달라요.",4
84,슬립웰 레스트 우디 일체형 침대 SS,별점,"괜찮네요~ 배송도 아침일찍 와주셔서 설치도 빠르고 좋아요~
괜찮네요~ 배송도 아침일찍 와주셔서 설치도 빠르고 좋아요~",5
85,슬립웰 레스트 우디 일체형 침대 SS,별점,"독립 구매했습니다! 매트상태 너무 좋고 기사님 친절하세요!
독립 구매했습니다! 매트상태 너무 좋고 기사님 친절하세요!",5
86,슬립웰 레스트 우디 일체형 침대 SS,별점,"작은 방 사이즈에 딱입니다다만 냄새가 쉽게 빠지질 않네요
작은 방 사이즈에 딱입니다
다만 냄새가 쉽게 빠지질 않네요",5
87,슬립웰 레스트 우디 일체형 침대 SS,별점,"가성비는 확실히 좋은데생각만큼 튼튼하지는 않습니다ㅜㅠ
가성비는 확실히 좋은데
생각만큼 튼튼하지는 않습니다ㅜㅠ",3
88,슬립웰 레스트 우디 일체형 침대 SS,별점,"아들 사줬는데 좋아해요. 다리가 우드라 고급스러워 보여요
아들 사줬는데 좋아해요. 다리가 우드라 고급스러워 보여요",5
89,슬립웰 레스트 우디 일체형 침대 SS,별점,"향이 매우 좋아요. 소나무향. 그리고 조립 하니깐 좀 높은편
향이 매우 좋아요. 소나무향. 그리고 조립 하니깐 좀 높은편",5
90,슬립웰 레스트 우디 일체형 침대 SS,별점,"두분이나 오셔서 설치해주셨어요. 푹신해서 마음에 듭니다.
두분이나 오셔서 설치해주셨어요. 푹신해서 마음에 듭니다.",5
91,슬립웰 레스트 우디 일체형 침대 SS,별점,"아직도 푹신하구 좋습니다 ! 라텍스 추가하길 잘했어요 ㅎ 고민하시는분들께도 강추입니다
아직도 푹신하구 좋습니다 ! 라텍스 추가하길 잘했어요 ㅎ 고민하시는분들께도 강추입니다",5
92,슬립웰 레스트 우디 일체형 침대 SS,별점,"이가격대비 만족해요.잘쓰고있습니다.배송도 좋았어요..
이가격대비 만족해요.잘쓰고있습니다.배송도 좋았어요..",4
93,슬립웰 레스트 우디 일체형 침대 SS,별점,"가격대비 정말 만족이에요.추천 해 줬는데 칭찬받았어요
가격대비 정말 만족이에요.
추천 해 줬는데 칭찬받았어요",5
94,슬립웰 레스트 우디 일체형 침대 SS,별점,"직원숙소에 재구매해서 잘 쓰고 있습니다. 수고하세요.
직원숙소에 재구매해서 잘 쓰고 있습니다. 수고하세요.",5
95,슬립웰 레스트 우디 일체형 침대 SS,별점,"배송도빠르고 가성비 최고에요! 소음도없고 굿입니다~
배송도빠르고 가성비 최고에요! 소음도없고 굿입니다~",5
96,슬립웰 레스트 우디 일체형 침대 SS,별점,"배송도 생각보다 빨랐고 침대도 생각했던거보다는 괜찮은거 같긴한데 누운자리가 살짝 꺼지는 느낌이 드네요
배송도 생각보다 빨랐고 침대도 생각했던거보다는 괜찮은거 같긴한데 누운자리가 살짝 꺼지는 느낌이 드네요",3
97,슬립웰 레스트 우디 일체형 침대 SS,별점,"모양은 화면과 같습니다 푹신보다는 안정감 잇는 느낌
모양은 화면과 같습니다 푹신보다는 안정감 잇는 느낌",5
98,슬립웰 레스트 우디 일체형 침대 SS,별점,"물건수령하고 딱 열흘인데 매트리스가 꺼진 느낌이에요. 너무 푹신해서 저는 좀 별로에요.
물건수령하고 딱 열흘인데 매트리스가 꺼진 느낌이에요. 너무 푹신해서 저는 좀 별로에요.",4
99,슬립웰 레스트 우디 일체형 침대 SS,별점,"쇼파대용으로 샀어요~누워서 편히 영화감상하겠네요
쇼파대용으로 샀어요~
누워서 편히 영화감상하겠네요",5
100,슬립웰 레스트 우디 일체형 침대 SS,별점,"아이들이 너무좋아하네요 품질및 배송 가격까지 다좋아요 우드다리라고급스러워요
아이들이 너무좋아하네요 품질및 배송 가격까지 다좋아요 우드다리라고급스러워요",5
101,슬립웰 레스트 우디 일체형 침대 SS,별점,"생각보다 배송도 일찍오고 방에 딱 맞아서 좋네요~
생각보다 배송도 일찍오고 방에 딱 맞아서 좋네요~",5
102,슬립웰 레스트 우디 일체형 침대 SS,별점,"다 마음에 드는데 냄새는 좀 나네요 곧 빠지겠죠..
다 마음에 드는데 냄새는 좀 나네요 곧 빠지겠죠..",4
103,슬립웰 레스트 우디 일체형 침대 SS,별점,"모서리 부분을 제외하면 쿠션도 좋고 만족합니다
모서리 부분을 제외하면 쿠션도 좋고 만족합니다",4
104,슬립웰 레스트 우디 일체형 침대 SS,별점,"추천 해 줬는데 칭찬 받았어요.이쁘고.튼튼 해요
추천 해 줬는데 칭찬 받았어요.이쁘고.튼튼 해요",5
105,슬립웰 레스트 우디 일체형 침대 SS,별점,"침대 받고 바로 외출해서 냄새는 잘 모르겠는데 쿠션감은 좋습니다 배송도 좋았습니다 설치 금방 끝내셨어요
침대 받고 바로 외출해서 냄새는 잘 모르겠는데 쿠션감은 좋습니다 배송도 좋았습니다 설치 금방 끝내셨어요",4
106,슬립웰 레스트 우디 일체형 침대 SS,별점,"적당한 쿠션감 근데 이리저리 잘 밀려요~ㅋ위에 매트리스 얇은거 하나 더 올려쓰는데도...장점이기도 하고 단점이기도 하네요~^^
적당한 쿠션감 근데 이리저리 잘 밀려요~ㅋ
위에 매트리스 얇은거 하나 더 올려쓰는데도...
장점이기도 하고 단점이기도 하네요~^^",4
107,슬립웰 레스트 우디 일체형 침대 SS,별점,"바닥 생활만 하다 바꾸어 사용하니 편안하네요.
바닥 생활만 하다 바꾸어 사용하니 편안하네요.",5
108,슬립웰 레스트 우디 일체형 침대 SS,별점,"가성비 짱입니다!생각보다 배송도 빨랐어요 ㅎ
가성비 짱입니다!
생각보다 배송도 빨랐어요 ㅎ",5
109,슬립웰 레스트 우디 일체형 침대 SS,별점,"기사님 친절하셨어요 근데 침대 냄시가 심해요
기사님 친절하셨어요 근데 침대 냄시가 심해요",4
110,슬립웰 레스트 우디 일체형 침대 SS,별점,"일체형이라 허리 아플까 걱정했는데,얇은 토퍼 깔고 자는데 괜찮아요! 마음에듭니다
일체형이라 허리 아플까 걱정했는데,얇은 토퍼 깔고 자는데 괜찮아요! 마음에듭니다",5
111,슬립웰 레스트 우디 일체형 침대 SS,별점,"스프링소리도 안나고 높이도 적당하고 좋아요
스프링소리도 안나고 높이도 적당하고 좋아요",5
112,슬립웰 레스트 우디 일체형 침대 SS,별점,"제가 써보고 엄마도 사드렸어요.너무 좋아요.
제가 써보고 엄마도 사드렸어요.
너무 좋아요.",5
113,슬립웰 레스트 우디 일체형 침대 SS,별점,"배송도 빠르고 저렴한 가격에 진짜 최고네요~
배송도 빠르고 저렴한 가격에 진짜 최고네요~",5
114,슬립웰 레스트 우디 일체형 침대 SS,별점,"딱!!! 찾던 침대에요. 가격대비 만족합니다.
딱!!! 찾던 침대에요. 가격대비 만족합니다.",5
115,슬립웰 레스트 우디 일체형 침대 SS,별점,"배송은 10일정도..저렴한제품찾다가 구매함
배송은 10일정도..
저렴한제품찾다가 구매함",5
116,슬립웰 레스트 우디 일체형 침대 SS,별점,"생각했던것 보다 튼튼하고 좋은 것 같아요
생각했던것 보다 튼튼하고 좋은 것 같아요",4
117,슬립웰 레스트 우디 일체형 침대 SS,별점,"스프링 튼튼해요 좁은공간 설치 딱좋아요
스프링 튼튼해요 좁은공간 설치 딱좋아요",4
118,슬립웰 레스트 우디 일체형 침대 SS,별점,"가격대비 상당히 괜찮은 제품인듯 합니다.
가격대비 상당히 괜찮은 제품인듯 합니다.",5
119,슬립웰 레스트 우디 일체형 침대 SS,별점,"굿 스프링 소리 걱정했는데 하나도 않나요
굿 스프링 소리 걱정했는데 하나도 않나요",5
120,슬립웰 레스트 우디 일체형 침대 SS,별점,"배송부분도 만족하고 상품도 너무 좋아욥~
배송부분도 만족하고 상품도 너무 좋아욥~",5
121,슬립웰 레스트 우디 일체형 침대 SS,별점,"재구매입니나. 가성비좋아서 주문했어요.
재구매입니나. 가성비좋아서 주문했어요.",5
122,슬립웰 레스트 우디 일체형 침대 SS,별점,"쿠션감 별로지만 쓰다보니 익숙해지네요.
쿠션감 별로지만 쓰다보니 익숙해지네요.",5
123,슬립웰 레스트 우디 일체형 침대 SS,별점,"잘사용하고있어요문제없습니다 좋아요~~
잘사용하고있어요
문제없습니다 좋아요~~",5
124,슬립웰 레스트 우디 일체형 침대 SS,별점,"침대 어느정도 크고 혼자쓰기에 딱좋아요
침대 어느정도 크고 혼자쓰기에 딱좋아요",4
125,슬립웰 레스트 우디 일체형 침대 SS,별점,"상품,배송 모두 만족합니다많이 파세요^^
상품,배송 모두 만족합니다
많이 파세요^^",5
126,슬립웰 레스트 우디 일체형 침대 SS,별점,"잘산거같아요 디자인도이쁘고 감사해요
잘산거같아요 디자인도이쁘고 감사해요",5
127,슬립웰 레스트 우디 일체형 침대 SS,별점,"이 가격에 이정도면 진짜 맘에 들어요 !!
이 가격에 이정도면 진짜 맘에 들어요 !!",5
128,슬립웰 레스트 우디 일체형 침대 SS,별점,"쿠션감도 그렇고 가격대비 최고입니다.
쿠션감도 그렇고 가격대비 최고입니다.",5
129,슬립웰 레스트 우디 일체형 침대 SS,별점,"공간도 작게 차지하고 가격대비 좋아요
공간도 작게 차지하고 가격대비 좋아요",5
130,슬립웰 레스트 우디 일체형 침대 SS,별점,"배송이오래걸리는것말고는만족합니다
배송이오래걸리는것말고는만족합니다",5
131,슬립웰 레스트 우디 일체형 침대 SS,별점,"깔끔하고 이쁩니다.. 배송도 빨랐구요
깔끔하고 이쁩니다.. 배송도 빨랐구요",5
132,슬립웰 레스트 우디 일체형 침대 SS,별점,"생각보다 소음도 적고 잠도 잘오네요
생각보다 소음도 적고 잠도 잘오네요",5
133,슬립웰 레스트 우디 일체형 침대 SS,별점,"배송이 좀 느리지만 가격대비 좋아여
배송이 좀 느리지만 가격대비 좋아여",5
134,슬립웰 레스트 우디 일체형 침대 SS,별점,"저렴하게 구매했는데 가성비 좋아요
저렴하게 구매했는데 가성비 좋아요",5
135,슬립웰 레스트 우디 일체형 침대 SS,별점,"원룸에 두고 쓰기 좋은 제품이에요
원룸에 두고 쓰기 좋은 제품이에요",4
136,슬립웰 레스트 우디 일체형 침대 SS,별점,"쓰는 사람이 만족해하고 있습니다.
쓰는 사람이 만족해하고 있습니다.",5
137,슬립웰 레스트 우디 일체형 침대 SS,별점,"배송도 빨리왔고 쿠션감도 좋네요.
배송도 빨리왔고 쿠션감도 좋네요.",5
138,슬립웰 레스트 우디 일체형 침대 SS,별점,"생각한것보다 싼티 안나고 좋아요
생각한것보다 싼티 안나고 좋아요",4
139,슬립웰 레스트 우디 일체형 침대 SS,별점,"생각보다 넓구요 쿠션감 좋습니다
생각보다 넓구요 쿠션감 좋습니다",5
140,슬립웰 레스트 우디 일체형 침대 SS,별점,"전부다 좋아용 푹신하고 편하네요
전부다 좋아용 푹신하고 편하네요",5
141,슬립웰 레스트 우디 일체형 침대 SS,별점,"가성비 좋습니다. 적당한 폭신함.
가성비 좋습니다. 적당한 폭신함.",5
142,슬립웰 레스트 우디 일체형 침대 SS,별점,"디자인도 괜찮고 쓸만한거같아요
디자인도 괜찮고 쓸만한거같아요",5
143,슬립웰 레스트 우디 일체형 침대 SS,별점,"가성비 좋네요. 배송도 빨랐어요.
가성비 좋네요. 배송도 빨랐어요.",5
144,슬립웰 레스트 우디 일체형 침대 SS,별점,"생각보다 쿠션감이 있는 제품이었습니다. 그격대비 만족도 높은 편입니다~!
생각보다 쿠션감이 있는 제품이었습니다. 그격대비 만족도 높은 편입니다~!",5
145,슬립웰 레스트 우디 일체형 침대 SS,별점,"깔끔한 디자인이 마음에 듭니다
깔끔한 디자인이 마음에 듭니다",4
146,슬립웰 레스트 우디 일체형 침대 SS,별점,"가성비 최고네요 이가격에 대박
가성비 최고네요 이가격에 대박",5
147,슬립웰 레스트 우디 일체형 침대 SS,별점,"가격도 저렴하고 아주 편합니다
가격도 저렴하고 아주 편합니다",5
148,슬립웰 레스트 우디 일체형 침대 SS,별점,"한달 사용해본결과 그냥 그래요
한달 사용해본결과 그냥 그래요",1
149,슬립웰 레스트 우디 일체형 침대 SS,별점,"기사님이 설치해주고 가셨어요
기사님이 설치해주고 가셨어요",2
150,슬립웰 레스트 우디 일체형 침대 SS,별점,"보통이에요 가성비 제품입니다
보통이에요 가성비 제품입니다",5
151,슬립웰 레스트 우디 일체형 침대 SS,별점,"딱 혼자 쓰기 좋은 제품이에요
딱 혼자 쓰기 좋은 제품이에요",4
152,슬립웰 레스트 우디 일체형 침대 SS,별점,"만족합니다.
생각보다 튼튼합니다. 배송도 빨랐고, 한달째 사용중인데 만족중입니다.",5
153,슬립웰 레스트 우디 일체형 침대 SS,별점,"아들 침대로 구입한건데 생각보다 더 좋아요~~저렴하게 잘 산것같아요~^^배송은 1주일 걸린것 같습니다 ~기사분도 친절하시고 잘 설치해주세요 ~
아들 침대로 구입한건데 생각보다 더 좋아요~~
저렴하게 잘 산것같아요~^^
배송은 1주일 걸린것 같습니다 ~
기사분도 친절하시고 잘 설치해주세요 ~",5
154,슬립웰 레스트 우디 일체형 침대 SS,별점,"가격대비 너무 만족스러워요~
가격대비 너무 만족스러워요~",5
155,슬립웰 레스트 우디 일체형 침대 SS,별점,"이상없이 잘 사용하고 있어요
이상없이 잘 사용하고 있어요",4
156,슬립웰 레스트 우디 일체형 침대 SS,별점,"가성비 최고에요 추천합니다.
가성비 최고에요 추천합니다.",5
157,슬립웰 레스트 우디 일체형 침대 SS,별점,"가성비가 뛰어난것 같습니다.
가성비가 뛰어난것 같습니다.",5
158,슬립웰 레스트 우디 일체형 침대 SS,별점,"어머님이 좋다고 그러시네요!
어머님이 좋다고 그러시네요!",4
159,슬립웰 레스트 우디 일체형 침대 SS,별점,"가성비 아주 좋아요 만족해요
가성비 아주 좋아요 만족해요",5
160,슬립웰 레스트 우디 일체형 침대 SS,별점,"원룸에서 쓰기 적당한 그정도
원룸에서 쓰기 적당한 그정도",4
161,슬립웰 레스트 우디 일체형 침대 SS,별점,"이사와서 두달째 이용중입니다. 소리도 없고 꺼짐 증상도 없고 너무 좋아요
이사와서 두달째 이용중입니다. 소리도 없고 꺼짐 증상도 없고 너무 좋아요",3
162,슬립웰 레스트 우디 일체형 침대 SS,별점,"가격대비 좋습니다 만족해요
가격대비 좋습니다 만족해요",5
163,슬립웰 레스트 우디 일체형 침대 SS,별점,"가격대비 아주 만족합니다 ^^
가격대비 아주 만족합니다 ^^",5
164,슬립웰 레스트 우디 일체형 침대 SS,별점,"가격대비 상품이 넘좋습니다
가격대비 상품이 넘좋습니다",5
165,슬립웰 레스트 우디 일체형 침대 SS,별점,"빨리보내주셔서 감사합니다.
빨리보내주셔서 감사합니다.",5
166,슬립웰 레스트 우디 일체형 침대 SS,별점,"잘받았어요 ㅋ많이 파세요~~
잘받았어요 ㅋ많이 파세요~~",4
167,슬립웰 레스트 우디 일체형 침대 SS,별점,"튼튼하고 쿠셔닝이좋습니다
튼튼하고 쿠셔닝이좋습니다",5
168,슬립웰 레스트 우디 일체형 침대 SS,별점,"늦은 배송 빼고 대체로 만족
늦은 배송 빼고 대체로 만족",4
169,슬립웰 레스트 우디 일체형 침대 SS,별점,"허리가 편하고 잠이 잘 와요
허리가 편하고 잠이 잘 와요",4
170,슬립웰 레스트 우디 일체형 침대 SS,별점,"가격에 비해 상품이 좋아요
가격에 비해 상품이 좋아요",4
171,슬립웰 레스트 우디 일체형 침대 SS,별점,"적당한 쿠션감 만족합니다.
적당한 쿠션감 만족합니다.",4
172,슬립웰 레스트 우디 일체형 침대 SS,별점,"좋아요
좁은공간 사용하기 좋아요",5
173,슬립웰 레스트 우디 일체형 침대 SS,별점,"아주좋아요. 잘쓰고있어요
아주좋아요. 잘쓰고있어요",5
174,슬립웰 레스트 우디 일체형 침대 SS,별점,"아버님이 잘쓰고 계십니다
아버님이 잘쓰고 계십니다",5
175,슬립웰 레스트 우디 일체형 침대 SS,별점,"배송비가넘 비싼것같네요
배송비가넘 비싼것같네요",3
176,슬립웰 레스트 우디 일체형 침대 SS,별점,"감사합니다 잘사용할게요
감사합니다 잘사용할게요",4
177,슬립웰 레스트 우디 일체형 침대 SS,별점,"원룸에 쓰기 정말 좋네요!
원룸에 쓰기 정말 좋네요!",5
178,슬립웰 레스트 우디 일체형 침대 SS,별점,"생각보다 편하고 좋아요!
생각보다 편하고 좋아요!",5
179,슬립웰 레스트 우디 일체형 침대 SS,별점,"쿠션감은 보통입니다. 사이즈는 기본 사이즈구요, 설치기사님이랑 시간을 잘 맞추셔야 할듯..
쿠션감은 보통입니다. 사이즈는 기본 사이즈구요, 설치기사님이랑 시간을 잘 맞추셔야 할듯..",4
180,슬립웰 레스트 우디 일체형 침대 SS,별점,"저령하게 잘 구매했어요
저령하게 잘 구매했어요",5
181,슬립웰 레스트 우디 일체형 침대 SS,별점,"잘받았네요 많이파세요
잘받았네요 많이파세요",4
182,슬립웰 레스트 우디 일체형 침대 SS,별점,"기대안했는데 너무 좋네요 저희신랑이 자더니만 포근하고 좋다네요
기대안했는데 너무 좋네요 저희신랑이 자더니만 포근하고 좋다네요",5
183,슬립웰 레스트 우디 일체형 침대 SS,별점,"가성비 킹왕짱이예요~~
가성비 킹왕짱이예요~~",5
184,슬립웰 레스트 우디 일체형 침대 SS,별점,"잘 사용하고 있습니다,
잘 사용하고 있습니다,",5
185,슬립웰 레스트 우디 일체형 침대 SS,별점,"정말 완전 진짜 좋아요
정말 완전 진짜 좋아요",5
186,슬립웰 레스트 우디 일체형 침대 SS,별점,"가성비 킹왕짱 입니다
가성비 킹왕짱 입니다",5
187,슬립웰 레스트 우디 일체형 침대 SS,별점,"가격대비 너무 좋아요
가격대비 너무 좋아요",4
188,슬립웰 레스트 우디 일체형 침대 SS,별점,"너무 푹신하고 좋네요
너무 푹신하고 좋네요",5
189,슬립웰 레스트 우디 일체형 침대 SS,별점,"딱 가격만큼합니다ㅡ
딱 가격만큼합니다ㅡ",5
190,슬립웰 레스트 우디 일체형 침대 SS,별점,"딸 침대요~ 머 만족요
딸 침대요~ 머 만족요",3
191,슬립웰 레스트 우디 일체형 침대 SS,별점,"아주 잘쓰고 있어요~~
아주 잘쓰고 있어요~~",5
192,슬립웰 레스트 우디 일체형 침대 SS,별점,"좋은상품 잘샀습니다
좋은상품 잘샀습니다",5
193,슬립웰 레스트 우디 일체형 침대 SS,별점,"침대흔들림 쿠션보통
침대흔들림 쿠션보통",3
194,슬립웰 레스트 우디 일체형 침대 SS,별점,"가성비로는 최고네요
가성비로는 최고네요",4
195,슬립웰 레스트 우디 일체형 침대 SS,별점,"받침이 삐뚤홰요ㅠㅜ
받침이 삐뚤홰요ㅠㅜ",5
196,슬립웰 레스트 우디 일체형 침대 SS,별점,"원하는 날짜에 배송도 해주시고, 친절하고 깔끔하게 설치해주셔서 너무 좋았어요! 약간의 흔들거림과 테두리부분의 마감이 조금 걸리긴 하지만 가격대비 그래도 좋아요! 감사합니다!
원하는 날짜에 배송도 해주시고, 친절하고 깔끔하게 설치해주셔서 너무 좋았어요! 약간의 흔들거림과 테두리부분의 마감이 조금 걸리긴 하지만 가격대비 그래도 좋아요! 감사합니다!",4
197,슬립웰 레스트 우디 일체형 침대 SS,별점,"제품은 맘에 들어요~
제품은 맘에 들어요~",4
198,슬립웰 레스트 우디 일체형 침대 SS,별점,"아주 만족합니다 ㅎ
아주 만족합니다 ㅎ",5
199,슬립웰 레스트 우디 일체형 침대 SS,별점,"아이가 좋아합니다.
아이가 좋아합니다.",5
200,슬립웰 레스트 우디 일체형 침대 SS,별점,"가격대비 좋습니다.
가격대비 좋습니다.",5
201,슬립웰 레스트 우디 일체형 침대 SS,별점,"푹신하고 좋아요^^
푹신하고 좋아요^^",5
202,슬립웰 레스트 우디 일체형 침대 SS,별점,"편하고 좋습니다!!
편하고 좋습니다!!",5
203,슬립웰 레스트 우디 일체형 침대 SS,별점,"잘 받았습니다....
잘 받았습니다....",5
204,슬립웰 레스트 우디 일체형 침대 SS,별점,"11일에 주문해서 14일날 받았어요 배송 정말빨라요 침대는 깔끔하고 예뻐요! 다만, 침대다리가 빈 원통이고 살짝 튀어나와있어요 대만족이에요ㅎㅎ
11일에 주문해서 14일날 받았어요 배송 정말빨라요 침대는 깔끔하고 예뻐요! 다만, 침대다리가 빈 원통이고 살짝 튀어나와있어요 대만족이에요ㅎㅎ",5
205,슬립웰 레스트 우디 일체형 침대 SS,별점,"가성비 짱입니다.침대의 쿠션감은 보통입니다.프레임의 견고함이 다소 떨어지므로 좋은 침대는 찾는다면 비추합니다.
가성비 짱입니다.침대의 쿠션감은 보통입니다.프레임의 견고함이 다소 떨어지므로 좋은 침대는 찾는다면 비추합니다.",4
206,슬립웰 레스트 우디 일체형 침대 SS,별점,"좋네요 굿굿
좋네요 굿




굿",5
207,슬립웰 레스트 우디 일체형 침대 SS,별점,"급하게 손님방에 셋팅했는데...배송도빠르고..기사님도친절하시고...최소한의비용으로 너무좋았습니다.
급하게 손님방에 셋팅했는데...배송도빠르고..기사님도친절하시고...최소한의비용으로 너무좋았습니다.",5
208,슬립웰 레스트 우디 일체형 침대 SS,별점,"공간활용 좋습니다 크기도 충분아주 만족합니다. 이가격에.
공간활용 좋습니다 크기도 충분

아주 만족합니다. 이가격에.",5
209,슬립웰 레스트 우디 일체형 침대 SS,별점,"가격 대비 아주 좋습니다!! 푹신한 정도도 딱 좋은거같아요 밑에 서랍장도 이 정도면 만족스럽습니다아
가격 대비 아주 좋습니다!! 푹신한 정도도 딱 좋은거같아요 밑에 서랍장도 이 정도면 만족스럽습니다아",5
210,슬립웰 레스트 우디 일체형 침대 SS,별점,"푹신푹신 너무 좋아요 ㅎㅎ
침대겸쇼파로 사용하려고 구매했습니다. 생각보다 많이 푹신해서 쇼파 보다는 침대로 아주 좋네요.",5
211,슬립웰 레스트 우디 일체형 침대 SS,별점,"회사숙소에서 사용하는거러 저렴하게 구입했는데 높이도 좋고 튼튼합니다.잘 사용하겠습니다.
회사숙소에서 사용하는거러 저렴하게 구입했는데 높이도 좋고 튼튼합니다.
잘 사용하겠습니다.",4
212,슬립웰 레스트 우디 일체형 침대 SS,별점,"만족합니다 비록 배송은 2주걸렸지만 완전만족합니다~~ 고급스러워보이고 완전좋아요이제정리가된느낌이네요
만족합니다 비록 배송은 2주걸렸지만 완전만족합니다~~ 고급스러워보이고 완전좋아요
이제정리가된느낌이네요",5
213,슬립웰 레스트 우디 일체형 침대 SS,별점,"택배기사분이 너무 친절해서 감사했습니다!침대 크기는 생각보다 작지만 푹신하고 좋아용
택배기사분이 너무 친절해서 감사했습니다!침대 크기는 생각보다 작지만 푹신하고 좋아용",5
214,슬립웰 레스트 우디 일체형 침대 SS,별점,"일요일에 주문해서 수요일에 배송받았습니다~ 공간활용에 좋을것 같아요!
일요일에 주문해서 수요일에 배송받았습니다~ 공간활용에 좋을것 같아요!",5
215,슬립웰 레스트 우디 일체형 침대 SS,별점,"와 이 가격대 침대 중에 품질 제일 괜찮은거 같아요 진짜 괜찮아요 너무 잘 샀ㄴㅔ요
와 이 가격대 침대 중에 품질 제일 괜찮은거 같아요 진짜 괜찮아요 너무 잘 샀ㄴㅔ요",5
216,슬립웰 레스트 우디 일체형 침대 SS,별점,"푹신푹신하고 좋아요다리도 제법 튼튼합니다
푹신푹신하고 좋아요다리도 제법 튼튼합니다",5
217,슬립웰 레스트 우디 일체형 침대 SS,별점,"기대이상으로 좋습니다. 매우만족합니다.
기대이상으로 좋습니다. 매우만족합니다.",5
218,슬립웰 레스트 우디 일체형 침대 SS,별점,"잘 사용하고 있습니다.모서리 부분이 좀 더 견고했으면 좋을 것 같습니다.
잘 사용하고 있습니다.모서리 부분이 좀 더 견고했으면 좋을 것 같습니다.",4
219,슬립웰 레스트 우디 일체형 침대 SS,별점,"날씨도 덥고 코로나로 힘든데 고생하시네요.배송 감사합니다.
날씨도 덥고 코로나로 힘든데 고생하시네요.
배송 감사합니다.",5
220,슬립웰 레스트 우디 일체형 침대 SS,별점,"주문이 밀려서 배송이 생각보다 느리고 배송하시는분 아저씨가 말씀이 상당히 많으세요
주문이 밀려서 배송이 생각보다 느리고 배송하시는분 아저씨가 말씀이 상당히 많으세요",3
221,슬립웰 레스트 우디 일체형 침대 SS,별점,"가성비 정말 좋으네요~ 거품뺀거 맞네요^^
가성비 정말 좋으네요~ 거품뺀거 맞네요^^",5
222,슬립웰 레스트 우디 일체형 침대 SS,별점,"가격도 저렴하고 괜찮은거 같아요배송은 비오는날이라 걱정했는데생각보다 침대 괜찮은거 같아요!
가격도 저렴하고 괜찮은거 같아요
배송은 비오는날이라 걱정했는데
생각보다 침대 괜찮은거 같아요!",5
223,슬립웰 레스트 우디 일체형 침대 SS,별점,"아이구야/// 평이 좋아서 주문했는데 10일 정도 사용 후기입니다.쿠션감이 전혀없어요 참고하세요..자고일어나면 등이랑 허리가 완전 아픕니다. ㅠㅠ 사용해서 반품도 안되고 난감합니다
아이구야/// 평이 좋아서 주문했는데 10일 정도 사용 후기입니다.
쿠션감이 전혀없어요 참고하세요..자고일어나면 등이랑 허리가 완전 아픕니다. ㅠㅠ 사용해서 반품도 안되고 난감합니다.",1
224,슬립웰 레스트 우디 일체형 침대 SS,별점,"원룸 사시고 엘베없어 가구 배송 걱정하시는 분들께 추천합니다 3층인데 뚝딱 배송해주시고 조립도 금방 다 해주셨어요 배송료 서울지역 3만 5천원에 해결되서 넘 좋아요
원룸 사시고 엘베없어 가구 배송 걱정하시는 분들께 추천합니다
3층인데 뚝딱 배송해주시고 조립도 금방 다 해주셨어요 배송료 서울지역 3만 5천원에 해결되서 넘 좋아요",5
225,슬립웰 레스트 우디 일체형 침대 SS,별점,"배송 진짜 빨리왔는데 리뷰를 너무 늦게쓰네요🥲침대 너무너무 잘 사용하고 있어요 감사합니다
배송 진짜 빨리왔는데 리뷰를 너무 늦게쓰네요🥲
침대 너무너무 잘 사용하고 있어요 감사합니다",5
226,슬립웰 레스트 우디 일체형 침대 SS,별점,"추석감안해도 엄청빨리왔어요 ㅠㅠ짐짜감동 배송빠른거때매 품질이야 모 대박이에요 ㅠㅠ감사해요 다른데는 너무 느려서 삼주기다리다 환불했거든요 ㅠㅠ여긴 거의 평일 추석빼고 3일만에온듯
추석감안해도 엄청빨리왔어요 ㅠㅠ짐짜감동 배송빠른거때매 품질이야 모 대박이에요 ㅠㅠ감사해요 다른데는 너무 느려서 삼주기다리다 환불했거든요 ㅠㅠ여긴 거의 평일 추석빼고 3일만에온듯",5
227,슬립웰 레스트 우디 일체형 침대 SS,별점,"배송잘해주셔서 감사합니다!
배송잘해주셔서 감사합니다!",5
228,슬립웰 레스트 우디 일체형 침대 SS,별점,"규수방 슬립웰 레스트 우디 독립 일체형 침대 빠른 배송 감사합니다. 배송이 많이 걸릴줄 알았는데 의외로 빨리 받았습니다. 비가 오는 가운데서 기사님께서 친절하게 배송해 주시고, 침
규수방 슬립웰 레스트 우디 독립 일체형 침대 빠른 배송 감사합니다. 배송이 많이 걸릴줄 알았는데 의외로 빨리 받았습니다. 비가 오는 가운데서 기사님께서 친절하게 배송해 주시고, 침대도 탄탄하니 마음에 속 듭니다.^^",5
229,슬립웰 레스트 우디 일체형 침대 SS,별점,"지정일배송 날짜 맞춰서 잘 배송되었고 기사님도 친절히 잘 설치해주셨어요~ 침대도 생각보다 크고 좋아요!!
지정일배송 날짜 맞춰서 잘 배송되었고 기사님도 친절히 잘 설치해주셨어요~ 침대도 생각보다 크고 좋아요!!",5
230,슬립웰 레스트 우디 일체형 침대 SS,별점,"빠른 배송감사합니다
빠른 배송감사합니다",3
231,슬립웰 레스트 우디 일체형 침대 SS,별점,"튼튼하고 짱짱해요 추천해요
튼튼하고 짱짱해요 추천해요",4
232,슬립웰 레스트 우디 일체형 침대 SS,별점,"생각보다배송도 빨리왔어요ㅋㅋ 기사님도 빠르게 해주시고 친절하셨네요
생각보다배송도 빨리왔어요ㅋㅋ 기사님도 빠르게 해주시고 친절하셨네요",5
233,슬립웰 레스트 우디 일체형 침대 SS,별점,"침대 진짜 좋아요 비싼 침대 같은 느낌
침대 진짜 좋아요 비싼 침대 같은 느낌",5
234,슬립웰 레스트 우디 일체형 침대 SS,별점,"제품은 딱 가격정도 했고배송기사님께서 친절하셨습니다!ㅎㅎ
제품은 딱 가격정도 했고
배송기사님께서 친절하셨습니다!ㅎㅎ",4
235,슬립웰 레스트 우디 일체형 침대 SS,별점,"아주 푹신푹신하고 좋네요^^
아주 푹신푹신하고 좋네요^^",5
236,슬립웰 레스트 우디 일체형 침대 SS,별점,"침대 벌써 3개째
아이가 셋입니다. 큰애 둘째 3년전에 사주었고 막내 이번에 사주었습니다. 만족입니다.",5
237,슬립웰 레스트 우디 일체형 침대 SS,별점,"푹신푹신하니 좋네요
푹신푹신하니 좋네요",5
238,슬립웰 레스트 우디 일체형 침대 SS,별점,"2주 안에는 왔네요 저는 문자로 안오고 바로 전화 주셨더라고요지역번호나 070으로는 전화 안오고 기사님 번호로 오는데모르는 전화라고 안 받으시면 안됍니다 ㅋㅋㅋ
2주 안에는 왔네요 저는 문자로 안오고 바로 전화 주셨더라고요
지역번호나 070으로는 전화 안오고 기사님 번호로 오는데
모르는 전화라고 안 받으시면 안됍니다 ㅋㅋㅋ",5
239,슬립웰 레스트 우디 일체형 침대 SS,별점,"배송 기사님 친절하게 그리고 빠르게 잘 배송해주심
배송 기사님 친절하게 그리고 빠르게 잘 배송해주심",5
240,슬립웰 레스트 우디 일체형 침대 SS,별점,"싼맛에 씁니다 나쁘지 않아요 소리 약간 나고 엣지 앉으면 눌러 앉아요 ㅋㅋㅋㅋ 디자인은 백점 바닥색깔이랑 딱 맞춤 ㅋㅋㅋ
싼맛에 씁니다 나쁘지 않아요 소리 약간 나고 엣지 앉으면 눌러 앉아요 ㅋㅋㅋ
ㅋ 디자인은 백점 바닥색깔이랑 딱 맞춤 ㅋㅋㅋ",4
241,슬립웰 레스트 우디 일체형 침대 SS,별점,"만족합니다~ 배송도 빨라요 감사합니다
만족합니다~ 배송도 빨라요 감사합니다",4
242,슬립웰 레스트 우디 일체형 침대 SS,별점,"침대 가성비 좋네요 ㅎㅎ 아주 물렁하지도 아주 딱딱하지도 않아서 딱좋네요 ㅎㅎ
침대 가성비 좋네요 ㅎㅎ 아주 물렁하지도 아주 딱딱하지도 않아서 딱좋네요 ㅎㅎ",5
