﻿,type,category,review,star
1,아메리카나베드 알레인 투매트 침대 SS,별점,"월요일 낮에 주문해서 목요일 오후에 받았습니다.원랜 근거리에 쇼룸이 있어서 가서 직접보고 구입할까 하다가 인터넷으로 구매한거라 반신반의했는데 생각보다 빨리 온거같아요.기사님은 불친
월요일 낮에 주문해서 목요일 오후에 받았습니다.
원랜 근거리에 쇼룸이 있어서 가서 직접보고 구입할까 하다가 인터넷으로 구매한거라 반신반의했는데 생각보다 빨리 온거같아요.
기사님은 불친절까지는 아니지만 좀 수동적이신분이어서 기사님별점은 좀 빼고싶네요. 미리 오시기전에 운반비 말씀해주신거는 좋았습니다.
슈퍼싱글 사이즈 구입했구요.
웜존 쿨존으로 양면 매트리스고 웜존은 극세사느낌이더라구요.
투매트리스가 바닥붙은 제품이 많아서 망설였는데 이 제품은 사진처럼 띄어있어서 좋습니다.
일반 받침 4~5개 정도에 바퀴받침 2개 달아주시는데 바퀴받침이 다리쪽이면 좋았을텐데 원래 머리쪽에 다는건가요? 상관없다면 돌려써야겠어요.
그리고 아쉬운점 하나는 하단매트리스보다 상단매트리스가 약간 더 큽니다. 그래서 좀 디테일부분은 떨어지네요.
그래도 전체적으로 가성비 생각하면 괜찮은 제품같습니다.
잘쓸께요.",5
2,아메리카나베드 알레인 투매트 침대 SS,별점,"딱 가격만큼만 기능을하는 제품입니다배송은 결재후13일째되는날 도착 하..너무2주꽉채워오시는거 아닙니까~혹시나 더빨리오려나 했는데 ㅜㅜ높은침대 처음사용하신다면 놀랄듯 ㅎㅎ160
딱 가격만큼만 기능을하는 제품입니다
배송은 결재후13일째되는날 도착 하..너무2주꽉채워오시는거 아닙니까~혹시나 더빨리오려나 했는데 ㅜㅜ
높은침대 처음사용하신다면 놀랄듯 ㅎㅎ

160키 저희엄마 사용하시라고 주문한건데
오바조금보태서 점프해서 앉으심 ㅋㅋㅋ 발이대롱대롱~ 일주일정도 사용해보고 정불편하시면 발통과바퀴빼드릴려고요..174인 저도 높다싶더라고요~적응기간 필요함 ..높은건 알고샀으니 패스~
침대끝에앉으면 반대쪽매트리스가 들리고 침대가 잘움직이네요~매트리스가두개라 어느정도 움직임은 예상했는데 생각보다 더하네요..매트밑에 청소 이동용으로 달린바퀴도 잠금장치가없어서 고정이 약해요~발통으로 다 바꿀걸 하고 후회중 ..그렇다고 막 흔들리는건아닙니다..(누우면 사람무게때문에 움직이진않아요)
머리쪽 고정발통이 둘다 바퀴인걸보고 아차싶었음..
새거냄새?화학적인 냄새같은건 일절 없습니다~
배송비포함30만원 넘는제품에 큰기대를 하진않았으나..조금더 보완해주시면 가격대비 좋은제품으로 바뀌지않을까 하는 마음에 바퀴부분에 고정기능추가해주세요~병원침대바퀴나 유모차바퀴처럼말이죠~
매트기능에 한쪽은 여름원단 다른한쪽은겨울원단 솔직히 침대커버씌우고 사용하는 구매자가 대부분입니다 ..둘다똑같이 만드시고 바퀴브레이크나 추가해서 만들어주세요~",4
3,아메리카나베드 알레인 투매트 침대 SS,별점,"배송기사가 아침 7시에 전화해서 오늘 오전중에 배송하겠다고 했습니다. 시간을 정확히 알거나 미루기도 곤란하다고요. 어쩔 수 없이 빈집 비밀번호 알려주고 설치하고 가시라고 했고 기사
배송기사가 아침 7시에 전화해서 오늘 오전중에 배송하겠다고 했습니다. 시간을 정확히 알거나 미루기도 곤란하다고요. 어쩔 수 없이 빈집 비밀번호 알려주고 설치하고 가시라고 했고 기사님은 친절하고 말끔하게 설치하고 가셨습니다. 하지만 이런 배송 방식이 당황스럽고 불쾌했습니다. 회사 차원에서 배송 여부는 최소한 하루 전에 알려주세요.
트윈침대로 쓰려고 2개 구입했는데 방이 좁아서 배치를 이렇게 했습니다. 머리쪽 벽길이가 3.3m이니 참고하세요. 침대의 너비높이 다 예상하고 주문했음에도 실물은 더 커보이네요. 실제로는 안내된 침대 크기보다 약 1cm씩 적습니다.
침대방수커버 프로텍트인베드 슈퍼싱글 잘 맞습니다. 하단 매트리스는 다리 때문에 방수커버가 예쁘게 착 감기지는 않습니다. 침대다리가 못생겨서 고민했는데 커버가 떠서 다리를 가려주는 의외의 효과가..
헤리티지 침대는 매우 만족합니다. 단단하면서 부드러운 푹신함입니다.",5
4,아메리카나베드 알레인 투매트 침대 SS,별점,"침대는 괜찮아요. 근데 배송이 너무 엉망이라 침대를 사놓고도 기분이 별로네요. 직장 때문에 분명히 월요일만 가능하다고 그랬는데, 주문하고 2주 정도 후, 어느 금요일, 그것도 아침
침대는 괜찮아요. 근데 배송이 너무 엉망이라 침대를 사놓고도 기분이 별로네요. 직장 때문에 분명히 월요일만 가능하다고 그랬는데, 주문하고 2주 정도 후, 어느 금요일, 그것도 아침 7시에 전화오더니 다짜고짜 그날 배송하겠다고 연락이 왔네요.
너무 어이가 없어서 월요일에 받을 수 있다고 하니까, 본인은 그런거 모르겠고 자기 배송 스케줄상 당일(금요일) 밖에 시간이 안된다고 하네요.
그래서 제가 회사에 얘기하고 잠깐 집 가서 받으려고 몇시에 오냐니까 1-3시쯤 온다길래, 아침부터 정리하고 나갔는데,
오전 11시 30분쯤 전화가 오더니 차가 안 막혀서 빨리 왔다고, 그러더니 그냥 복도에 두고 가셨네요. 그래놓고 배송비만 계좌로 붙이라고 문자 한통 날라왔네요.
제가 전화해서 뭐 이렇게 마음대로냐고 따지니까 본인 배송일정이 그렇게 밖에 안 된다고, 무조건 자기한테 맞추라는 식이네요. 그리고 설치도 안해주고 저렇게 놓고 가냐니까, 자기는 배송만 할 뿐이고 설치는 필수로 해주는 거 아니라면서, 침대 구매한 곳에 따지라고 하네요.

지금와서 따진다고 한들, 여기 업체에서도 뭘 해줄 수 있겠습니까? 매크로 돌리는 답변이나 하겠죠. 무책임한 배송업체를 바꾸던지 어떨지는 뭐 여기서 알아서 하겠지만, 저는 다시는 구매할 일 없을 것 같습니다.",1
5,아메리카나베드 알레인 투매트 침대 SS,별점,"부모님방에 놔드렸어요. 어머니 몸이 안좋으셔서 혼자 넓게 쓰고 싶어하셨는데 완전 만족합니다.제가 누워보니 적당히 푹신하면서 탄탄한 느낌이고요, 하루 주무시더니 편하고 좋다고 하시네
부모님방에 놔드렸어요. 어머니 몸이 안좋으셔서 혼자 넓게 쓰고 싶어하셨는데 완전 만족합니다.제가 누워보니 적당히 푹신하면서 탄탄한 느낌이고요, 하루 주무시더니 편하고 좋다고 하시네요. 앞뒤 양면으로 쓸 수 있는점도 맘에 들구요 생각보다 견고한 느낌이에요~잘 샀습니다^^ (바빠서 리뷰쓰다 중단해서 일주일 지났습니다) 근데 자세히 보니 똑같은 침대를 샀는데 길이가 좀 차이가 나네요.원래 길이 차이가 날 수 있는건지..다 좋은데 그게 좀 거슬리네요.",4
6,아메리카나베드 알레인 투매트 침대 SS,별점,"할머니 침대가 오래되서 슈퍼싱글로 알아보던 차에 어떻게 이 침대를 알게되서 망설이다 구매했는데 만족합니다. 사실 제 침대를 온라인에서 구매했는데 너무 안 좋아서 다신 온라인에서 구
할머니 침대가 오래되서 슈퍼싱글로 알아보던 차에 어떻게 이 침대를 알게되서 망설이다 구매했는데 만족합니다. 사실 제 침대를 온라인에서 구매했는데 너무 안 좋아서 다신 온라인에서 구매 안 할려고 했는데 급하게 찾다보니 온라인에서 엄청 검색해 보고 고민한 결과 사실 정말 잘했다는 생각이 듭니다. 생각보다 사이즈도 넉넉하고 허리가 안 좋은 할머니가 사용하기에 너무 딱딱할까봐 로열스위트로 선택했는데 딱 좋았어요! 제가 생각했던 것보단 퀄리티도 좋고 푹신함도 딱 좋았어요! 물론 할머니도 정말 만족해 하셨습니다. 추천해요!!",4
7,아메리카나베드 알레인 투매트 침대 SS,별점,"몇주 사용해봤는데요~ 매트리스 너무 좋아요엄마가 무릎이 많이 안좋으셔서 바닥에서 일어나기 힘들어하셨거든요,,그래서 매트가 좀 높았으면 하는 바람에 좀 높았으면 좋겠다 싶었는데 높고
몇주 사용해봤는데요~ 매트리스 너무 좋아요
엄마가 무릎이 많이 안좋으셔서 바닥에서 일어나기 힘들어하셨거든요,,그래서 매트가 좀 높았으면 하는 바람에 좀 높았으면 좋겠다 싶었는데 높고 좋아요~~~
강아지 계단 보셔도 매트가 좀더 높죠^^
쿠션감도 좋구요~ 또 투매트리스라 맞닿는 부분이 천이라 밀리지 않아서 최고예요
그리고 무엇보다 청소가 용이해요
바퀴가 있어서 옮긴떄 정말 편해요
좋은 제품 감사해요~~~*^^*",5
8,아메리카나베드 알레인 투매트 침대 SS,별점,"워낙 가격이 싸니까 뭐 제품 이렇게 좋다고 보기는 어렵고요 그런데 배송비까지 하게 되면 어떤분의 경우에는 배송비에 더해서 추가로 조립 하는 금액까지 욕을 합니다 그렇게 되면 결국
워낙 가격이 싸니까 뭐 제품 이렇게 좋다고 보기는 어렵고요 그런데 배송비까지 하게 되면 어떤분의 경우에는 배송비에 더해서 추가로 조립 하는 금액까지 욕을 합니다 그렇게 되면 결국 싸다는 느낌은 받지 어려워요 그래서 그냥 뭐 그렇게 괜찮은 제품은 샀다 가성비가 뛰어나다 하라고 말하기는 좀 한계가 있는 거 같아요 물건 뭐 고급 제품은 아닙니다만 그래도 요즘에는 전기가 어렵지 않아요 그냥 그냥 웬만한 제품이고 좀 더 고급스럽거나 좀 좋은 제품을 원하신다면 이거는 자기가 쓸거라 너는 이제 번호 4시면 안됩니다",3
9,아메리카나베드 알레인 투매트 침대 SS,별점,"제품 마감이 좋습니다. 그리고 웜존이랑 쿨존이라는게 있는데 촉감이 완전 다릅니다. 계절에따라서 다르게 사용할 수 있을 것 같습니다. 쿠션감은 그렇게 푹신하지는 않습니다. 푹신한것을
제품 마감이 좋습니다. 그리고 웜존이랑 쿨존이라는게 있는데 촉감이 완전 다릅니다. 계절에따라서 다르게 사용할 수 있을 것 같습니다. 쿠션감은 그렇게 푹신하지는 않습니다. 푹신한것을 선호 한다면 다소 만족감이 떨어 질수도 있습니다. 사이즈는 정사이즈 입니다. 냄새가 난다고 했지만 이정도는 새제품이라면 어느정도 난다는 정도 이고 불쾌감이 느낄정도는 아니었습니다. 머 사람마다 다를 수 있으니 냄새가 아예 안난다고는 말 못합니다. 그리고 마지막으로 견고한듯 합니다.",5
10,아메리카나베드 알레인 투매트 침대 SS,별점,"가격대비 구성도 좋고 우선 침대를 조금 높게 사용하고 싶어서 구매 하였습니다저는 수납공간을 만들려고 침대 발통을 20cm 로 변경 하였는데 구매시 배송해 주시는 분께서 너무 높아서
가격대비 구성도 좋고 우선 침대를 조금 높게 사용하고 싶어서 구매 하였습니다
저는 수납공간을 만들려고 침대 발통을 20cm 로 변경 하였는데 구매시 배송해 주시는 분께서 너무 높아서 안전감이 떨어지지 않을 까 걱정 해주셨는데요 생각 보다 괜찮습니다^^
아래쪽 먼지 청소하기도 좋아요
매트리스 한쪽이 약간 꺼진 감이 있어서 고민 하였는데 사용하는데 불편한 정도는 아니라 괜찮은거 같아요",4
11,아메리카나베드 알레인 투매트 침대 SS,별점,"제가 작년에 슈싱으로 구매해서 사용중인데 여동생이 제 집에 놀러와서 잠깐 잠들었는데 너무 잠이 잘 온다고 주문해달라고 해서 약 1년만에 재주문합니다.엄마도 본가 리모델링한김에 침대
제가 작년에 슈싱으로 구매해서 사용중인데 여동생이 제 집에 놀러와서 잠깐 잠들었는데 너무 잠이 잘 온다고 주문해달라고 해서 약 1년만에 재주문합니다.
엄마도 본가 리모델링한김에 침대 바꾸신다고 하셔서 퀸사이즈로 같이 주문했는데,,침대위에 라텍스를 올리셔서는 높아져서 공중생활한다고는 하시는데 최근에 이모들이 놀러오셔서 같이 주무셨는데 좋다고 하셨대요.",5
12,아메리카나베드 알레인 투매트 침대 SS,별점,"헤리티지가 제일 푹신하다는데 딱딱하지 않고 부드럽다는 정도지 충분히 단단합니다. 너무 푹신하면 허리에 안좋아서 지금이 딱 좋습니다. 하드함을 원했던 제 배우자도 현재의 침대에 매우
헤리티지가 제일 푹신하다는데 딱딱하지 않고 부드럽다는 정도지 충분히 단단합니다. 너무 푹신하면 허리에 안좋아서 지금이 딱 좋습니다. 하드함을 원했던 제 배우자도 현재의 침대에 매우 만족한다는 말을 여러번 합니다.
그리고 확실히 프레임에 매트리스 하나 올렸을 때보다 매트리스 두개가 누웠을 때 체중분산이 더 잘 되는게 느껴집니다.
침대 구입한지 한달 좀 안됐는데 매우 만족합니다.",5
13,아메리카나베드 알레인 투매트 침대 SS,별점,"저저번주 일요일에 주문했는데 오늘, 휴일제외 6일째에 도착했습니다. 배송이 주문 몰리는데에 따라 복불복인것 같아 걱정했는데 금방 왔어요. 이사오고 토퍼만 깔고 자다가 침대 생겨서
저저번주 일요일에 주문했는데 오늘, 휴일제외 6일째에 도착했습니다. 배송이 주문 몰리는데에 따라 복불복인것 같아 걱정했는데 금방 왔어요. 이사오고 토퍼만 깔고 자다가 침대 생겨서 살 것 같습니다. 배송기사님이 전 영업일, 즉 저번주 금요일 오전에 월요일 오전 배송예정이라고 전화주셨고 오늘 오전에 바로 오셨습니다. 쿠션은 딱 적당하고 오히려 메모리폼토퍼를 올리니 너무 푹신해서 빼고 사용할 예정입니다. 프레임리스라 원룸 공간활용에 최적인 것 같아요. 헤드쿠션정도만 하나 장만하면 본가 침대 생각나지 않을 것 같습니다. 자취생들 혹은 혼자사시는 분들에게 강추합니다.",5
14,아메리카나베드 알레인 투매트 침대 SS,별점,"생개보다 크고 가격대비 만족합니다..1. 배송 시 몇층인지 엘리베이터가 있는지 없는지 미리 알려드려야할거 같아요 2층집인데 혼자오셔서 힘들어보이셨습니다ㅜㅜ 배송비만 165,000원
생개보다 크고 가격대비 만족합니다..
1. 배송 시 몇층인지 엘리베이터가 있는지 없는지 미리 알려드려야할거 같아요 2층집인데 혼자오셔서 힘들어보이셨습니다ㅜㅜ 배송비만 165,000원 들었어요.
2. 침대가 높은침대여서 많이 흔들리는 느낌..?이 좀 많이 들어요. 그리고 밑에 바퀴가 있어서 잘 움직이긴하는데 이게 단점이 될수도 있을거 같아요(살짝만 밀어도 밀려요..)
3. . 이불을 먼저 깔기보다는 그냥 그 상태로 냄새를 빼는것이 좋을듯 합니다.",4
15,아메리카나베드 알레인 투매트 침대 SS,별점,"제일 소프트하다는 헤리티지로 했는데 상상했던 엄청난 푹신함은 아니고 중간혹은 여기서 아주 약간 푹신한정도입니다 허리건강을 중요시하는 제겐 딱인거같네요 1미터x2미터로 주문 제작도
제일 소프트하다는 헤리티지로 했는데 상상했던 엄청난 푹신함은 아니고 중간혹은 여기서 아주 약간 푹신한정도입니다 허리건강을 중요시하는 제겐 딱인거같네요

1미터x2미터로 주문 제작도 되서 너무좋았습니다 부모님용으로 구입했는데 가성비가 말도안됩니다 요긴하게잘쓸거같네요",5
16,아메리카나베드 알레인 투매트 침대 SS,별점,"너무푹신하구좋습니다. 아래까지 매트인 침대는 처음써보는데요. 나무판때기있는거랑 차이가크네요 그리고 매트아래부분이 따듯해서 장판안키고잡니다 열이올라오는거같아요 구매하길잘한것 같구요
너무푹신하구좋습니다. 아래까지 매트인 침대는 처음써보는데요. 나무판때기있는거랑 차이가크네요 그리고 매트아래부분이 따듯해서 장판안키고잡니다 열이올라오는거같아요 구매하길잘한것 같구요 츠천합니다 추천강추 부모님도 사드리고싶네요 저혼자쓰려다가 ㅋㅋㅋ",5
17,아메리카나베드 알레인 투매트 침대 SS,별점,"지정일 다음날 배송해 주셨구요설치속도 빠르시고 설명, 친절도 좋았습니다^^두께감있는 전기장판을 깔아서 쿠션감은 많이 안느껴지는데 딱 좋은것 같아요냄새가 처음엔 좀 난다고 해서 환기
지정일 다음날 배송해 주셨구요
설치속도 빠르시고 설명, 친절도 좋았습니다^^
두께감있는 전기장판을 깔아서 쿠션감은 많이 안느껴지는데 딱 좋은것 같아요
냄새가 처음엔 좀 난다고 해서 환기를 필수로 시키라고 하시더라구요. 더블싱글 1인사이즈로 아주 딱입니다!!! 침대커버만 씌우면 너무 예쁘겠어요",5
18,아메리카나베드 알레인 투매트 침대 SS,별점,"푹신하고 좋아요~~~
계절에 따라 앞뒤로 바꿔가며 사용가능해서 좋구요웜존은 극세사라서 부들부들 부드러워요~~토퍼를 분리교체는 안되는게 아쉽지만누으면 푹신하니 좋아요~~푹신한걸 좋아하시는 분들은 헤리티지를~~~높이는 꽤 높아서 깜놀했어요 ㅎㅎ처음 받은 제품은 살짝 하자가 있었는데고객센터에서 교환하는 동안 쓰라고해서 바닥에 안자서 감동~~~배송기사분도 친절해서 정말로 좋았어요~~~",5
19,아메리카나베드 알레인 투매트 침대 SS,별점,"침대 바퀴때문에 밀린다는 평이 있어서 일반다리로 요청해서 달았습니다. 배송시 기사님이 친절하게 설치해 주셨습니다.비닐 개봉후 냄새가 많이 났는데 페브리즈 뿌리고 계속 환기시키니 저
침대 바퀴때문에 밀린다는 평이 있어서 일반다리로 요청해서 달았습니다. 배송시 기사님이 친절하게 설치해 주셨습니다.
비닐 개봉후 냄새가 많이 났는데 페브리즈 뿌리고 계속 환기시키니 저녁 때쯤 참을만 했습니다.
일반 매트리스로 선택해서 162정도의 키인데 발 바닥에 잘 닿고 편안합니다.
지금으로서는 중3 아들은 만족스러워 합니다.
한달 정도 더 써보고 후기 쓰겠습니다.",5
20,아메리카나베드 알레인 투매트 침대 SS,별점,"가성비 굿
6일주문 11일 지방인데 배송받았다.23일 출고라해서 한달걸릴까..심히 걱정했는데...갑작시래 일케 일찍 와뜸..조하~~딱딱하단 후기가 많아서 걱정을했는데..나한텐 좋은듯..살짝 땡글땡글하단 느낌? 옇�v 기사님도 배송잘해주셨고 생각보다 많이 일찍 받아서 더 기분도좋구 받자마자 그위에서 강쥐한 한숨잤다..^^ 잘쓸께요~~가격대비 좋습니다~",4
21,아메리카나베드 알레인 투매트 침대 SS,별점,"제일 하드한 메트리스 주문했는데 너무나 푹신하네요. 그리고 다리와 함께 바퀴가 달려있어서 재배치시 이동하기는 쉬우나 남자 둘이 힘주어 앉으면 침대가 밀립니다. 가격이 워낙 싸서
제일 하드한 메트리스 주문했는데 너무나 푹신하네요. 그리고 다리와 함께 바퀴가 달려있어서 재배치시 이동하기는 쉬우나 남자 둘이 힘주어 앉으면 침대가 밀립니다. 가격이 워낙 싸서 큰 기대 없이 주문한거라 그냥 씁니다. 배송은 딱 2주 걸려 받았어요. 기사님 친절하게 잘해주셨구요.",4
22,아메리카나베드 알레인 투매트 침대 SS,별점,"불쾌한 배송기사는 딱 질색이라 불친절리뷰때문에 일주일 넘게 고민했는데 친절했습니다. 기간을 일주일 정도 걸렸구요. 침대퀄리티는 좋아요. 기대했던바입니다. 다리는 예상대로 그저그렇구
불쾌한 배송기사는 딱 질색이라 불친절리뷰때문에 일주일 넘게 고민했는데 친절했습니다. 기간을 일주일 정도 걸렸구요.
침대퀄리티는 좋아요. 기대했던바입니다. 다리는 예상대로 그저그렇구요. 하드한거 좋아하는 편인데 생각보다 좀더 하드. 토퍼 깔고나니 적당히 호텔베딩느낌납니다.
작은방에 좋습니다. 침대들어가니 딱 맞네요. 냄새도 심하지않아서 바로 잤습니다.
2층이라 배송비 33000원내서 괜찮은데 그 이상내야한다면 글쎄요~ 고민해보시길.",4
23,아메리카나베드 알레인 투매트 침대 SS,별점,"침대요. 예전 에이스 보다 편합니다. 앞면은 쿨매트가 깔려 있고 뒷면에는 따뜻한 면이 깔려 있어서 뒤집어가며 사용도 가능 하네요. 배달기사님 생각보다 일찍 와서 놀랐네요.(5일 정
침대요. 예전 에이스 보다 편합니다. 앞면은 쿨매트가 깔려 있고 뒷면에는 따뜻한 면이 깔려 있어서 뒤집어가며 사용도 가능 하네요. 배달기사님 생각보다 일찍 와서 놀랐네요.(5일 정도)배송비 결재 두번 된줄알고 확인해 보니 착불입니다.
배송비는 배달 기사님께 바로 결재 했네요. 착오 없으시길ㅎ 침대 너무 편하고 좋습니다. 나무랄때 없네요. 에**에 광고비를 주고 사느니 합리적인 가격에 여기서 구매 강추 합니다. 2개 구매 했어요.",5
24,아메리카나베드 알레인 투매트 침대 SS,별점,"가격대비 너무 좋네요~투배드 사용하려고 구매했어요.투배드로 아이1명 어른2명 거뜬히 사용 가능합니다.생각보다 일찍 배송되어 더 기쁘네요~젤푹신한걸로 구매했는데... 생각했던것보다는
가격대비 너무 좋네요~
투배드 사용하려고 구매했어요.
투배드로 아이1명 어른2명 거뜬히 사용 가능합니다.
생각보다 일찍 배송되어 더 기쁘네요~
젤푹신한걸로 구매했는데... 생각했던것보다는 탄탄해요.
디스크있는 신랑도 불편함없이 좋데요",5
25,아메리카나베드 알레인 투매트 침대 SS,별점,"에이스 침대 못지않게 튼튼하고 잠자리도 편하고 좋음 ,그런데 사용자의 키가 180정도 인데 발이 신경써서 위로 바짝 올려눕지않으면 발이약간 침대밖으로 나갑니다 약간만 길이가 길었으
에이스 침대 못지않게 튼튼하고 잠자리도 편하고 좋음 ,그런데 사용자의 키가 180정도 인데 발이 신경써서 위로 바짝 올려눕지않으면 발이약간 침대밖으로 나갑니다 약간만 길이가 길었으면 합니다.가격에비해 가성비는 최고입니다.",4
26,아메리카나베드 알레인 투매트 침대 SS,별점,"침대가 생각했던 것 보다 좀 더
침대가 생각했던 것 보다 좀 더 높네요ㅎㅎ
덕분에 일어나기 편해서 좋아요ㅋㅋㅋ
쿠션감은 제기준 너무푹신하지도않고 너무 딱딱하지도 않은
딱 좋은 쿠션감입니다ㅎㅎ
침대프레임있는걸로 사려다가 발견해서 구매한건데
딱 ~!!
아 매트리스 앞뒤로 쿨존 웜존 나뉘어있는 것도 좋은 것 같아요ㅎㅎ

배송 최대 14일걸린다고 했는데
저는 주말빼면 5일정도 걸린 것 같네요ㅋㅋ
생각보다 빨라서 좋았어요~
배송 시간을 직접 정할 수는 없어서 그게 조금 아쉽지만
그래도 잘 설치해주시고 가셨어요!!ㅎㅎ",5
27,아메리카나베드 알레인 투매트 침대 SS,별점,"프레임이 없고 메트리스가두개 곂치다보니 끝부분억 누우면바깥으로 약간 기우는 느낌이있는대요두메트리스 상이에 약간 공간이 떠서 그런듯..그공간이있어야 습기에 견딜거같기도하고.생각했던대
프레임이 없고 메트리스가
두개 곂치다보니 끝부분억 누우면
바깥으로 약간 기우는 느낌이있는대요
두메트리스 상이에 약간 공간이 떠서 그런듯..
그공간이있어야 습기에 견딜거같기도하고.
생각했던대로 메트리스만 있어서
~~",4
28,아메리카나베드 알레인 투매트 침대 SS,별점,"주문전 빈집설치문의하고 주문했습니다 신랑이 혼자지내게되서 주문했는데 바퀴가있어 이동이 편리한점이 있겠으나 침대가 밀려나는 점도있다고하네요 바퀴에 잠금장치같은거 달아주시면 더 좋을것
주문전 빈집설치문의하고 주문했습니다
신랑이 혼자지내게되서 주문했는데 바퀴가있어 이동이 편리한점이 있겠으나 침대가 밀려나는 점도있다고하네요 바퀴에 잠금장치같은거 달아주시면 더 좋을것같네요
기사님 친절하게 전화주시고 설치후 사진도 찍어서 보내주셨다고 신랑이 저한테 보내주었네요
배송도 주말포함 6일만에왔고요
신랑이 잘쓰면좋겠네요",5
29,아메리카나베드 알레인 투매트 침대 SS,별점,"다리 20cm로 주문하여 아래 공간에 잡다한 짐들 넣었습니다. 매트리스에 스커트 씌워서 짐들 안 보이게 했더니 아주 맘에 듭니다. 매트리스 탄력은 생각한 것 보다 소프트 합니다.
다리 20cm로 주문하여 아래 공간에 잡다한 짐들 넣었습니다. 매트리스에 스커트 씌워서 짐들 안 보이게 했더니 아주 맘에 듭니다. 매트리스 탄력은 생각한 것 보다 소프트 합니다. 저는 탄탄한 걸 원해서 상대적으로 소프트한 것 같기도 합니다.",5
30,아메리카나베드 알레인 투매트 침대 SS,별점,"아이랑 같이 자다보니깐 패밀리침대를 구입할까하다가 싱글이랑 붙여서 쓰면 어떨까해서 처음엔 가격이 마음에 들어서 구입하게 되었습니다.구입후 기존 퀸사이즈 침대도 싱글2개 더 구입해서
아이랑 같이 자다보니깐 패밀리침대를 구입할까하다가 싱글이랑 붙여서 쓰면 어떨까해서 처음엔 가격이 마음에 들어서 구입하게 되었습니다.구입후 기존 퀸사이즈 침대도 싱글2개 더 구입해서 3개를 이어서 사용할까 고민중입니다. 고민하지마사구 바로 구입하세요~ 고민은 배송만 늦출뿐입니다^^",5
31,아메리카나베드 알레인 투매트 침대 SS,별점,"아이주려고 샀는데 적당히 단단하고 탄탄하네요. 좀 가벼워서 끝에 앉으니 살짝 들리네요. 매트리스가 높아서 S/S 매트커버가 빡빡하네요. 대체로 만족한데 배송이 늦습니다. 보름기다렸
아이주려고 샀는데 적당히 단단하고 탄탄하네요. 좀 가벼워서 끝에 앉으니 살짝 들리네요. 매트리스가 높아서 S/S 매트커버가 빡빡하네요. 대체로 만족한데 배송이 늦습니다. 보름기다렸는데 배송전에 안내전화나 문자라도 한통 해주시면 기다리기가 덜 힘들것 같네요. 막연히 영업일 기준 10일 기다리라니 접수는 된건지 답답했습니다. 배송은 친절하게 잘해주셨습니다. 하루전에 전화주셨는데 직장인들에겐 좀 불편하겠네요.",4
32,아메리카나베드 알레인 투매트 침대 SS,별점,"호텔식 침대 맞은듯
배송 대략 1주일 걸린것 같아요 2주걸릴줄 알았는데 빨랐어요~ 여기가 젤 저렴해서 구매했구요 배송기사분 친절하시구요 그리고 침대는 매트리스 두개라 높이도 좋고 놀러갔을때 호텔침대같아요 적당한 푹신함 근데 바퀴가 있다고 봤는데 없네요~?",4
33,아메리카나베드 알레인 투매트 침대 SS,별점,"일단 깜짝배송에 놀랫구요ㅎ기분좋게 물건잘받아서 설치완료햇는데 정말잘시켰다는생각이 듭니다 후회없는선택이였습니다ㅎ 배송기사님도 매우친절하셧고 약속시간에 정확히 와주셨습니다.!!매트리스
일단 깜짝배송에 놀랫구요ㅎ
기분좋게 물건잘받아서 설치완료햇는데 정말잘시켰다는생각이 듭니다 후회없는선택이였습니다ㅎ 배송기사님도 매우친절하셧고 약속시간에 정확히 와주셨습니다.!!매트리스는 고급지며 쿠션감도 딱좋습니다",5
34,아메리카나베드 알레인 투매트 침대 SS,별점,"더 단단한 느낌을 원해서 그런지 수페리어인데도 푹신한 느낌이예요! 그래도 어제 자봤더니 좋더라구요~ 엘리베이터 없는 3층 빌라인데 배송비 침대 두개 주문해서 4만원 더 받고 올려주
더 단단한 느낌을 원해서 그런지 수페리어인데도 푹신한 느낌이예요! 그래도 어제 자봤더니 좋더라구요~ 엘리베이터 없는 3층 빌라인데 배송비 침대 두개 주문해서 4만원 더 받고 올려주시더라구요!ㅜㅜ 하아.. 배송비 너무 비싸지만 감수해야겠죠.. 잘 쓰겠습니다!",4
35,아메리카나베드 알레인 투매트 침대 SS,별점,"설치하자마자 고양이가 달려가서 눕네요
파주매장에서 보고 마음에들어서 삿어요매장직원분들도 친절하시고 배송기사님도 친절하시네요배송기사님이 이제품 좋은거니 잘산거라고 칭찬해주시네여키우는 고양이도 항상 올라와서 놀아요 편한가봐요감사히 잘사용하겠습니다~",5
36,아메리카나베드 알레인 투매트 침대 SS,별점,"기존침대 높이에 맞춰 구입했어요헤드가없어서 길이감 차이는 있지만 만족해요쿠션감은 딱딱한편인데 원래토퍼올려써서ㅋ배송은 약 8일쯤걸린거 같고 냄새는 반나절 환기시키니 빠졌어요ㅎ
기존침대 높이에 맞춰 구입했어요
헤드가없어서 길이감 차이는 있지만 만족해요
쿠션감은 딱딱한편인데 원래토퍼올려써서ㅋ
배송은 약 8일쯤걸린거 같고 냄새는 반나절 환기시키니 빠졌어요ㅎ",5
37,아메리카나베드 알레인 투매트 침대 SS,별점,"탄탄한걸로 구매해서 토퍼올려서 쓸려고한거라 푹신하고 좋아요. 밑에 나무로 되있는거 여러번 써봤는데 자꾸 벌어지고 무너져서 얼마 못썼는데 투베드는 그럴일 없어서 안심되요.
탄탄한걸로 구매해서 토퍼올려서 쓸려고한거라 푹신하고 좋아요. 밑에 나무로 되있는거 여러번 써봤는데 자꾸 벌어지고 무너져서 얼마 못썼는데 투베드는 그럴일 없어서 안심되요.",5
38,아메리카나베드 알레인 투매트 침대 SS,별점,"살살 쓰시는분은 쓸만하구요 두개가겹쳐있으니 좀 밀리거나 침대전체가 움직일수가있어요 과격하게쓰거나덩치가크신분들은 좀그럴수도있어요 우린 안방에 두셋트 샀읍니다배송갠찬쿠요
살살 쓰시는분은 쓸만하구요 두개가겹쳐있으니 좀 밀리거나 침대전체가 움직일수가있어요 과격하게쓰거나덩치가크신분들은 좀그럴수도있어요 우린 안방에 두셋트 샀읍니다배송갠찬쿠요",5
39,아메리카나베드 알레인 투매트 침대 SS,별점,"생각보다 빨리받았습니다. 침대가 높아서 마음에 듭니다. 바퀴가 있어서 사용하면서 편리할고같습니다. 이정도 가격대에 침대는 처음이라 좋다 싫다 감상은 안적습니다. 4층 엘베무로
생각보다 빨리받았습니다. 침대가 높아서 마음에 듭니다. 바퀴가 있어서 사용하면서 편리할고같습니다. 이정도 가격대에 침대는 처음이라 좋다 싫다 감상은 안적습니다. 4층 엘베무로 추가배송료 삼만원발생했구요.",4
40,아메리카나베드 알레인 투매트 침대 SS,별점,"처음 구매시 만족도가 높아서 4번째 구입했고, 역시 좋습니다.원래 매트리스라는 것이 이정도 가격이었는지, 대폭 할인된 가격인지 모르겠으나 아메리카나베드로 인해 매트리스는 고가품이라
처음 구매시 만족도가 높아서 4번째 구입했고, 역시 좋습니다.
원래 매트리스라는 것이 이정도 가격이었는지, 대폭 할인된 가격인지 모르겠으나 아메리카나베드로 인해 매트리스는 고가품이라는 인식이 많이 불식됐습니다.",5
41,아메리카나베드 알레인 투매트 침대 SS,별점,"일단 가격대비 좋은거 같아요반지하라 일부러 높은침대를 알아보던중 구매했는데 잘산거 같습니다배송이 아침일찍와서 조금 당황한거빼고는 괜찮아요
일단 가격대비 좋은거 같아요반지하라 일부러 높은침대를 알아보던중 구매했는데 잘산거 같습니다배송이 아침일찍와서 조금 당황한거빼고는 괜찮아요",5
42,아메리카나베드 알레인 투매트 침대 SS,별점,"세개 구매하고 또 구매할려고 합니다 가성비 갑 ..높고 좋아요 근데 이번꺼는 좀 둥그런 느낌이랄까 좀 불편한 감이 있어요 우리 아이는 잘 모르겠단는데
세개 구매하고 또 구매할려고 합니다 가성비 갑 ..높고 좋아요 근데 이번꺼는 좀 둥그런 느낌이랄까 좀 불편한 감이 있어요 우리 아이는 잘 모르겠단는데",5
43,아메리카나베드 알레인 투매트 침대 SS,별점,"매트리스 꺼짐 있습니다,두군데 사진으로 확인이 잘 안되지만 실제로 잘 드러나요ㅠㅠ담에는 실제 둘러보고 사야겠다는 생각이 들어요금액을 조금만 더 보태고....실망스럽습니다
매트리스 꺼짐 있습니다,두군데 사진으로 확인이 잘 안되지만 실제로 잘 드러나요ㅠㅠ담에는 실제 둘러보고 사야겠다는 생각이 들어요금액을 조금만 더 보태고....실망스럽습니다",2
44,아메리카나베드 알레인 투매트 침대 SS,별점,"일주일만에 왔어요~ 매트위를 걸으니 바스락바스락 소...
일주일만에 왔어요~ 매트위를 걸으니 바스락바스락 소리가 나네요. 오자마자 새가구 냄새가 나서 세워서 놔뒀는데 몇일은 갈듯해요. 아. 투매트리스지만 가벼워서 밀립니다. 금액이 착해서 평타만 치면 좋겠어요~",5
45,아메리카나베드 알레인 투매트 침대 SS,별점,"좀 푹신한걸 원해서 해리티지 주문했는데 단단해요 라텍스 사서 깔아야겠어요 고객응대나 배송은 마음에 들었습니다
좀 푹신한걸 원해서 해리티지 주문했는데 단단해요 라텍스 사서 깔아야겠어요 고객응대나 배송은 마음에 들었습니다",4
46,아메리카나베드 알레인 투매트 침대 SS,별점,"매우 만족합니다. 정말 항상 꿀잠자고 있어요 ㅎㅎ 슈퍼싱글로 구매해서 작은 공간에 두고 쓰는데 참 잘 샀다고 생각이 듭니다. 추천드려요~!
매우 만족합니다. 정말 항상 꿀잠자고 있어요 ㅎㅎ 슈퍼싱글로 구매해서 작은 공간에 두고 쓰는데 참 잘 샀다고 생각이 듭니다.
추천드려요~!",5
47,아메리카나베드 알레인 투매트 침대 SS,별점,"어머니가 무릎관절이 안좋으셔서 일어나실때마다 힘들어 하셨는데 투매트리 사용하시면서 엄청 편하다고 만족하시네요^^진작에 해드릴걸 그랬네요.
어머니가 무릎관절이 안좋으셔서 일어나실때마다 힘들어 하셨는데 투매트리 사용하시면서 엄청 편하다고 만족하시네요^^진작에 해드릴걸 그랬네요.",5
48,아메리카나베드 알레인 투매트 침대 SS,별점,"일부러 높은걸로 사긴 했는데 할머니가 쓰시기엔 많이 높...
일부러 높은걸로 사긴 했는데 할머니가 쓰시기엔 많이 높긴 하네요 ^^; 그래도 상품 색상 제품 다 마음에 들어요",4
49,아메리카나베드 알레인 투매트 침대 SS,별점,"푹신하니 좋아요
특성상 배송은 기다렸어요매트도 두 종류고 바퀴도 달려 있어 이동이나 청소에 편리하고완전 저렴하니 젛아요",5
50,아메리카나베드 알레인 투매트 침대 SS,별점,"부모님 허리수술후사드렸는데 넘나좋아하세요 튼튼하구 매트리스가 적당히단단해서 가성비갑입니다요
부모님 허리수술후사드렸는데 넘나좋아하세요 튼튼하구 매트리스가 적당히단단해서 가성비갑입니다요",4
51,아메리카나베드 알레인 투매트 침대 SS,별점,"생각했던것보다 안딱딱해요 ㅠㅠ 그래도 누우면 갠찬은데 모서리에 앉으면 좀 푹신한느낌이 많네요
생각했던것보다 안딱딱해요 ㅠㅠ
그래도 누우면 갠찬은데
모서리에 앉으면 좀 푹신한느낌이 많네요",4
52,아메리카나베드 알레인 투매트 침대 SS,별점,"생각보다 사이즈크고 투매트리스라 너무 편하고 좋아요배송도 빠르게 주말오전에 바로 해주셨어요
생각보다 사이즈크고 투매트리스라 너무 편하고 좋아요
배송도 빠르게 주말오전에 바로 해주셨어요",5
53,아메리카나베드 알레인 투매트 침대 SS,별점,"가성비 최고 아래에 바퀴도 달렸구요무릎안좋으신 부모님께 선물해 드렸어요.또구매하러올거에요
가성비 최고 아래에 바퀴도 달렸구요
무릎안좋으신 부모님께 선물해 드렸어요.
또구매하러올거에요",5
54,아메리카나베드 알레인 투매트 침대 SS,별점,"우선 다리가 허접느낌남 잉글랜더는 다리도 비싸보이는데 여긴 싼느낌남딱딱하단건 알고있어서괜찮음근데 밑 하단매트리스랑 상단메트리스랑 뜨는느낌?자꾸상단이 잘움직여서 사이에 요가매트낄예정
우선 다리가 허접느낌남
잉글랜더는 다리도 비싸보이는데 여긴 싼느낌남
딱딱하단건 알고있어서괜찮음
근데 밑 하단매트리스랑 상단메트리스랑 뜨는느낌?
자꾸상단이 잘움직여서 사이에 요가매트낄예정..
가격대비 소소",3
55,아메리카나베드 알레인 투매트 침대 SS,별점,"오피스텔에 넣었는데 깔끔하고 좋아요~직접사용하지 않아서 쿠션감은 모르지만, 다른후기들을 보니 괜찮을것 같아요~
오피스텔에 넣었는데 깔끔하고 좋아요~직접사용하지 않아서 쿠션감은 모르지만, 다른후기들을 보니 괜찮을것 같아요~",5
56,아메리카나베드 알레인 투매트 침대 SS,별점,"슈퍼싱글이라서 서민혼자서도 좋아요침대 냄새가 심하여 환기를 잘 하고 사용해야 겠어요 침대 쿠션감은 무난 합니다
슈퍼싱글이라서 서민혼자서도 좋아요
침대 냄새가 심하여 환기를 잘 하고 사용해야 겠어요 침대 쿠션감은 무난 합니다",5
57,아메리카나베드 알레인 투매트 침대 SS,별점,"사이즈도 적당하고요생각보다 튼튼하네요아이들도 푹신하다고 너무 좋아해용만족합니다!!~
사이즈도 적당하고요
생각보다 튼튼하네요
아이들도 푹신하다고 너무 좋아해용
만족합니다!!~",5
58,아메리카나베드 알레인 투매트 침대 SS,별점,"좋아요.쿠션도좋고 아주 좋아요.중간에 기스처럼 튿어짐이 있었는데 신속하게 교환해 주었습니다.오래도록 꺼짐없이 사용하고 싶네요
좋아요.쿠션도좋고 아주 좋아요.중간에 기스처럼 튿어짐이 있었는데 신속하게 교환해 주었습니다.오래도록 꺼짐없이 사용하고 싶네요",4
59,아메리카나베드 알레인 투매트 침대 SS,별점,"가격대비 정말 대만족. 근데 의문점은 매트리스 두개라서 더 푹신한건 모르겠음. 너무 푹신하진않지만 딱 좋음 ㅋㅋ 그리고 높이도 높아서 좋고 대만족임
가격대비 정말 대만족. 근데 의문점은 매트리스 두개라서 더 푹신한건 모르겠음. 너무 푹신하진않지만 딱 좋음 ㅋㅋ 그리고 높이도 높아서 좋고 대만족임",5
60,아메리카나베드 알레인 투매트 침대 SS,별점,"보조 침대로 구매했는데 매트리스가 편해서좋아요. 퀸사이즈 침대옆에 놓고 굴러다니면서편하게 자고 있습니다.
보조 침대로 구매했는데 매트리스가 편해서
좋아요. 퀸사이즈 침대옆에 놓고 굴러다니면서
편하게 자고 있습니다.",5
61,아메리카나베드 알레인 투매트 침대 SS,별점,"생각한거보다 높이가 높아서 깜짝 놀랐는데 슈퍼싱글 두개 붙여넣어떠니 넓고 좋아욧
생각한거보다 높이가 높아서 깜짝 놀랐는데 슈퍼싱글 두개 붙여넣어떠니 넓고 좋아욧",4
62,아메리카나베드 알레인 투매트 침대 SS,별점,"약간의 기다림과 조금은 높은점, 딱딱함이 있으며전반적으로 사용하기는 우수하네요
약간의 기다림과 조금은 높은점, 딱딱함이 있으며
전반적으로 사용하기는 우수하네요",4
63,아메리카나베드 알레인 투매트 침대 SS,별점,"좁은 공간을 활용하기에 딱 좋은 제품입니다 고시원이나 이런 데서도 가능하겠네요
좁은 공간을 활용하기에 딱 좋은 제품입니다 고시원이나 이런 데서도 가능하겠네요",5
64,아메리카나베드 알레인 투매트 침대 SS,별점,"침대 놓을 공간이 협소해서 안들어갈수도 있겟다고 생각했는데 다행히도 딱 맞게 들어가서 좋았네요 좀더 딱딱한걸 원하긴 했는데 생각보단 말랑한 편이었구요
침대 놓을 공간이 협소해서 안들어갈수도 있겟다고 생각했는데 다행히도 딱 맞게 들어가서 좋았네요 좀더 딱딱한걸 원하긴 했는데 생각보단 말랑한 편이었구요",5
65,아메리카나베드 알레인 투매트 침대 SS,별점,"가격대비 갑인듯래요^^우리집 침대는 앞으로 아메리카나베드로 몽땅 바꿀려구요~~
가격대비 갑인듯래요^^우리집 침대는 앞으로 아메리카나베드로 몽땅 바꿀려구요~~",5
66,아메리카나베드 알레인 투매트 침대 SS,별점,"좋아요~단점은 토퍼 때문에 커버는 싸는종류는 안돼요패드 올려서 쓰고 있어오ㅡ
좋아요~단점은 토퍼 때문에 커버는 싸는종류는 안돼요
패드 올려서 쓰고 있어오ㅡ",4
67,아메리카나베드 알레인 투매트 침대 SS,별점,"가격대비 완전 좋아요.배송도 늦지 않았고요. 잘 사용하고 있습니다.많이 파세요~
가격대비 완전 좋아요.
배송도 늦지 않았고요. 잘 사용하고 있습니다.
많이 파세요~",5
68,아메리카나베드 알레인 투매트 침대 SS,별점,"주문후 제작이라 그런지 기다리느라 진땀뺏지만 상품은 좋습니다.. 많이 파세요~
주문후 제작이라 그런지 기다리느라 진땀뺏지만 상품은 좋습니다.. 많이 파세요~",5
69,아메리카나베드 알레인 투매트 침대 SS,별점,"문의에 너무 친절히 응대해 주셨고 제품도 생각보다 쿠션감도 좋고 만족합니다
문의에 너무 친절히 응대해 주셨고 제품도 생각보다 쿠션감도 좋고 만족합니다",5
70,아메리카나베드 알레인 투매트 침대 SS,별점,"프레임 필요없이 매트리스만 깔아도 높이가 높아서 만족했구요. 완전히 푹신하지는 않지만 적당히 푹신하면서 잘 때 편합니다. 이 가격에 매트리스 두개가 오니 좋은것 같습니다. 다음에
프레임 필요없이 매트리스만 깔아도 높이가 높아서 만족했구요. 완전히 푹신하지는 않지만 적당히 푹신하면서 잘 때 편합니다. 이 가격에 매트리스 두개가 오니 좋은것 같습니다. 다음에 또 필요하면 구매할 의사 있습니다.",5
71,아메리카나베드 알레인 투매트 침대 SS,별점,"친정엄마께 선물 해드렸는덕 아직까지는 크게 불편함없이 잘 사용하고 있어요
친정엄마께 선물 해드렸는덕 아직까지는 크게 불편함없이 잘 사용하고 있어요",4
72,아메리카나베드 알레인 투매트 침대 SS,별점,"아들 자취방에 필요해서 구매했는데 아주 만족합니다. 친구들이 오면 메트리스를 내려서 쓸수있어 더 만족
아들 자취방에 필요해서 구매했는데 아주 만족합니다. 친구들이 오면 메트리스를 내려서 쓸수있어 더 만족",5
73,아메리카나베드 알레인 투매트 침대 SS,별점,"상단에 바퀴가 있어 이동이 편리하고 투베드여서 누웠을때 많이 편안합니다
상단에 바퀴가 있어 이동이 편리하고 투베드여서 누웠을때 많이 편안합니다",5
74,아메리카나베드 알레인 투매트 침대 SS,별점,"가격대비 좋습니다. 다른 사람들보다 침대에 있는 시간이 더 많다보니 스프링이 꺼지는게 좀 있는데 그래도 쓰기에 편하고 좋습니다. 푹신한걸 싫어해서 그건 만족합니다
가격대비 좋습니다. 다른 사람들보다 침대에 있는 시간이 더 많다보니 스프링이 꺼지는게 좀 있는데 그래도 쓰기에 편하고 좋습니다. 푹신한걸 싫어해서 그건 만족합니다",5
75,아메리카나베드 알레인 투매트 침대 SS,별점,"탄탄한 느낌이 아주 좋네요수퍼싱글 두개 붙여놨더니 굴러다닐정도로 커요
탄탄한 느낌이 아주 좋네요수퍼싱글 두개 붙여놨더니 굴러다닐정도로 커요",5
76,아메리카나베드 알레인 투매트 침대 SS,별점,"좋아요
밑에 다리가 조금 부실해 보이지만..몇일 자본 결과..튼튼하니 괜찮네요...",5
77,아메리카나베드 알레인 투매트 침대 SS,별점,"배송은 7일정도 걸린것같아요.투매트라 고정이 안되는 점이 좀 미스네요
배송은 7일정도 걸린것같아요.
투매트라 고정이 안되는 점이 좀 미스네요",4
78,아메리카나베드 알레인 투매트 침대 SS,별점,"배송도 빠르고 높고좋네요 다리20으로할껄 그랬어요ㅠ 청소할때 걸려요
배송도 빠르고 높고좋네요 다리20으로할껄 그랬어요ㅠ 청소할때 걸려요",5
79,아메리카나베드 알레인 투매트 침대 SS,별점,"많이 딱딱할줄알앗는데 그렇지않아요 이정도로도 푹신함 충분합니다!!
많이 딱딱할줄알앗는데 그렇지않아요 이정도로도 푹신함 충분합니다!!",5
80,아메리카나베드 알레인 투매트 침대 SS,별점,"가성비 갑! 저희 이모가 보시고 좋다며 어디서 샀는지 가르쳐달래요ㅎ
가성비 갑! 저희 이모가 보시고 좋다며 어디서 샀는지 가르쳐달래요ㅎ",5
81,아메리카나베드 알레인 투매트 침대 SS,별점,"아들이 휴가나오게되서 침대를 놓아주려 구매했습니다 쿠션감 맘에 들고 설치도 빠르셔서 좋았네요 잘 사용하겠습니다
아들이 휴가나오게되서 침대를 놓아주려 구매했습니다 쿠션감 맘에 들고 설치도 빠르셔서 좋았네요 잘 사용하겠습니다",5
82,아메리카나베드 알레인 투매트 침대 SS,별점,"혼자쓰기 딱 좋아요....원룸 오피스텔 최적화내요.배송도 만족합니다.
혼자쓰기 딱 좋아요....
원룸 오피스텔 최적화내요.
배송도 만족합니다.",5
83,아메리카나베드 알레인 투매트 침대 SS,별점,"빠른배송 맘에들어요 생각보다 일찍 도착해서 그런지 너무 좋습니다
빠른배송 맘에들어요 생각보다 일찍 도착해서 그런지 너무 좋습니다",5
84,아메리카나베드 알레인 투매트 침대 SS,별점,"식구들 다 바꿔주고 싶은 침대예요. 호텔침구의 느낌 그
식구들 다 바꿔주고 싶은 침대예요. 호텔침구의 느낌 그대로입니다.",5
85,아메리카나베드 알레인 투매트 침대 SS,별점,"아빠가 자리에서 일어낫기 힘들어 구매했는데 편하시다고 하네요
아빠가 자리에서 일어낫기 힘들어 구매했는데 편하시다고 하네요",5
86,아메리카나베드 알레인 투매트 침대 SS,별점,"자리를 거의 차지하지 않습니다 좁은 곳에는 딱 맞는 제품이에요
자리를 거의 차지하지 않습니다 좁은 곳에는 딱 맞는 제품이에요",5
87,아메리카나베드 알레인 투매트 침대 SS,별점,"지금 침대가 높은편인데 그래도 얼추 넢이가 높아서 너무 좋아요
지금 침대가 높은편인데 그래도 얼추 넢이가 높아서 너무 좋아요",5
88,아메리카나베드 알레인 투매트 침대 SS,별점,"가성비 갑입니다 적당한 쿠션감이구여룸매도 구매한다고 하네요
가성비 갑입니다 적당한 쿠션감이구여
룸매도 구매한다고 하네요",5
89,아메리카나베드 알레인 투매트 침대 SS,별점,"이 가격에 이 퀄리티라니요 생각보다 잠자리가 너무나 편합니다
이 가격에 이 퀄리티라니요 생각보다 잠자리가 너무나 편합니다",5
90,아메리카나베드 알레인 투매트 침대 SS,별점,"생각보다 일찍 왔어요. 약속시간 잘 지켜서 배송해주셨습니다. 설치 잘 해주셨고 개인적으로 너무 푹신한거 싫어해서 정말 맘에 듭니다.
생각보다 일찍 왔어요. 약속시간 잘 지켜서 배송해주셨습니다. 설치 잘 해주셨고 개인적으로 너무 푹신한거 싫어해서 정말 맘에 듭니다.",5
91,아메리카나베드 알레인 투매트 침대 SS,별점,"아메리카나 베드
슈퍼싱글 2개 구입해서 사용중입니다킹사이즈보다 크고 좋아요",5
92,아메리카나베드 알레인 투매트 침대 SS,별점,"가격대비 정말좋아요.꺼지는것도없고 엄마가 너무 좋으시데요.
가격대비 정말좋아요.
꺼지는것도없고 엄마가 너무 좋으시데요.",5
93,아메리카나베드 알레인 투매트 침대 SS,별점,"기사님 친절하시고. 설치빠르고. 매트도 무척 마음에...
기사님 친절하시고. 설치빠르고. 매트도 무척 마음에듭니다",5
94,아메리카나베드 알레인 투매트 침대 SS,별점,"배송은 아침 8시 20분쯤 오셨어요.너무 이른 아침이나 저녁은 민폐이니 피해주셨으면 좋겠습니다.침대는 무난무난 마음에 들어요.
배송은 아침 8시 20분쯤 오셨어요.
너무 이른 아침이나 저녁은 민폐이니 피해주셨으면 좋겠습니다.
침대는 무난무난 마음에 들어요.",4
95,아메리카나베드 알레인 투매트 침대 SS,별점,"살짝 밑에발부분에 삐그덕 소리가 나는게 신경쓰이네요ㅠ
살짝 밑에발부분에 삐그덕 소리가 나는게 신경쓰이네요ㅠ",3
96,아메리카나베드 알레인 투매트 침대 SS,별점,"불량이와서 교환은했지만 가격대비 참괜찮은것 같아요~사이즈도 딱괜찮구요~깔끔합니다
불량이와서 교환은했지만 가격대비 참괜찮은것 같아요~
사이즈도 딱괜찮구요~깔끔합니다",3
97,아메리카나베드 알레인 투매트 침대 SS,별점,"가성비 좋고, 일단 누워보면 압니다. 얼마나 편안한지..^^
가성비 좋고, 일단 누워보면 압니다. 얼마나 편안한지..^^",5
98,아메리카나베드 알레인 투매트 침대 SS,별점,"다음에도 살 것 같아요.쿠션은 약간 딱딱한 듯 한 것 같은데 개인취향으로는 딱 좋아요♥
다음에도 살 것 같아요.
쿠션은 약간 딱딱한 듯 한 것 같은데 개인취향으로는 딱 좋아요♥",4
99,아메리카나베드 알레인 투매트 침대 SS,별점,"기존침대가 워낙높은거였나봐요높이맞추기가여전히 ㅠ
기존침대가 워낙높은거였나봐요
높이맞추기가여전히 ㅠ",3
100,아메리카나베드 알레인 투매트 침대 SS,별점,"생각보다 푹신하고 맘에듭니다 침대도 높은게 딱이에요
생각보다 푹신하고 맘에듭니다
침대도 높은게 딱이에요",4
101,아메리카나베드 알레인 투매트 침대 SS,별점,"가성비좋은제품입니다 배송기사�
가성비좋은제품입니다
배송기사님 친철하고 신속하구요",5
102,아메리카나베드 알레인 투매트 침대 SS,별점,"빠른 배송및 설치...너무 편안합니다...가성비 최고네용
빠른 배송및 설치...너무 편안합니다...가성비 최고네용",5
103,아메리카나베드 알레인 투매트 침대 SS,별점,"원하던 것보다 다소 푹신하지만 잘 사용하고 있습니다!
원하던 것보다 다소 푹신하지만 잘 사용하고 있습니다!",4
104,아메리카나베드 알레인 투매트 침대 SS,별점,"푹신한거 주문했다가 딸이 딱딱한걸 원해서 재주문합니다. 배송빠르고 다 만족스럽네요.
푹신한거 주문했다가 딸이 딱딱한걸 원해서 재주문합니다. 배송빠르고 다 만족스럽네요.",5
105,아메리카나베드 알레인 투매트 침대 SS,별점,"제품이 튼실하고 좋아요흔들림도 없고 너무 만족합니다키가 작아서 체감적으로 높아요
제품이 튼실하고 좋아요
흔들림도 없고 너무 만족합니다
키가 작아서 체감적으로 높아요",5
106,아메리카나베드 알레인 투매트 침대 SS,별점,"아버님 사드렸는데 침대가 처음이신데 좋아하시네요
아버님 사드렸는데 침대가 처음이신데 좋아하시네요",5
107,아메리카나베드 알레인 투매트 침대 SS,별점,"가성비가 좋은 너무나 훌륭한 침대에요감사합니다~!!
가성비가 좋은 너무나 훌륭한 침대에요
감사합니다~!!",5
108,아메리카나베드 알레인 투매트 침대 SS,별점,"한달정도 사용했는데 만족하면서 잘 쓰고 있습니다~
한달정도 사용했는데 만족하면서 잘 쓰고 있습니다~",5
109,아메리카나베드 알레인 투매트 침대 SS,별점,"잘자고 잘일어 납니다 수면이 포근해서컨디션이 굿
잘자고 잘일어 납니다 수면이 포근해서
컨디션이 굿",5
110,아메리카나베드 알레인 투매트 침대 SS,별점,"아메리카나베드 알레인양면 슈퍼싱글 투매트리스 호텔침대가격대비 좋은 침대네요
아메리카나베드 알레인양면 슈퍼싱글 투매트리스 호텔침대가격대비 좋은 침대네요",5
111,아메리카나베드 알레인 투매트 침대 SS,별점,"생각보다 배송은 빨랐습니다.미리 연락을 좀 주시고 오셨으면 좋았을텐데 집앞에 와서 연락을 주신게 좀 아쉽네요제품은 생각한만큼 입니다
생각보다 배송은 빨랐습니다.
미리 연락을 좀 주시고 오셨으면 좋았을텐데
집앞에 와서 연락을 주신게 좀 아쉽네요
제품은 생각한만큼 입니다",4
112,아메리카나베드 알레인 투매트 침대 SS,별점,"단단하기도하고 생각보다 가격에비해 만족합니다
단단하기도하고 생각보다 가격에비해 만족합니다",5
113,아메리카나베드 알레인 투매트 침대 SS,별점,"3번의교환에도 불구하고 바느질 정말 최악입니다
3번의교환에도 불구하고 바느질 정말 최악입니다",1
114,아메리카나베드 알레인 투매트 침대 SS,별점,"가성비 좋다고 생각합니다 그래도 잠은 잘오네요
가성비 좋다고 생각합니다 그래도 잠은 잘오네요",4
115,아메리카나베드 알레인 투매트 침대 SS,별점,"적당히 딱딱해서 아침에 허리가 조금 덜아프네요
적당히 딱딱해서 아침에 허리가 조금 덜아프네요",3
116,아메리카나베드 알레인 투매트 침대 SS,별점,"제품도 괜찮고 설치기사님도 친절하시고 좋아요
제품도 괜찮고 설치기사님도 친절하시고 좋아요",5
117,아메리카나베드 알레인 투매트 침대 SS,별점,"애들방에 설치했어요설치시간 빠르고 기사님 친절하시고적당히 푹신하고 좋아요
애들방에 설치했어요
설치시간 빠르고 기사님 친절하시고
적당히 푹신하고 좋아요",5
118,아메리카나베드 알레인 투매트 침대 SS,별점,"최고예요
가격대비 완전 만족스럽습니다. 배송도 빨라요",5
119,아메리카나베드 알레인 투매트 침대 SS,별점,"아이들이 만족하고 좋아해쇼~가격대비 고퀄~~~
아이들이 만족하고 좋아해쇼~가격대비 고퀄~~~",5
120,아메리카나베드 알레인 투매트 침대 SS,별점,"좁은방에 사이즈 괜찮네요 생각보다 푹신해요
좁은방에 사이즈 괜찮네요 생각보다 푹신해요",4
121,아메리카나베드 알레인 투매트 침대 SS,별점,"할머니께서 여전히 만족하며 사용중이십니다!
할머니께서 여전히 만족하며 사용중이십니다!",5
122,아메리카나베드 알레인 투매트 침대 SS,별점,"가격대비너무좋네요 이동도 가능하고 편해요
가격대비너무좋네요 이동도 가능하고 편해요",5
123,아메리카나베드 알레인 투매트 침대 SS,별점,"가격대비 크고 탄탄한 매트리스라 좋습니다~
가격대비 크고 탄탄한 매트리스라 좋습니다~",5
124,아메리카나베드 알레인 투매트 침대 SS,별점,"원하는 날짜 맞처서뱅ㅅ 좋아요 두개째구매
원하는 날짜 맞처서뱅ㅅ 좋아요
두개째구매",5
125,아메리카나베드 알레인 투매트 침대 SS,별점,"4인가족이 하나씩 사용중인데 너무좋습니다
4인가족이 하나씩 사용중인데 너무좋습니다",5
126,아메리카나베드 알레인 투매트 침대 SS,별점,"투매트인데 저렴하게 구입해서 만족합니다
투매트인데 저렴하게 구입해서 만족합니다",5
127,아메리카나베드 알레인 투매트 침대 SS,별점,"사진과같은데 생각보다높네요 사이즈 꼭 확인하고 구매하세요 저는 하나더 구매할까생각중이에요:)
사진과같은데 생각보다높네요 사이즈 꼭 확인하고 구매하세요 저는 하나더 구매할까생각중이에요:)",5
128,아메리카나베드 알레인 투매트 침대 SS,별점,"잠깐밖에 안누워 봤지만 마음에 듭니다. 너무 푹신한거 싫어해서 고심해서 골랐는데 적당한것 같아요. 침대가 높은것도 좋네요.기사님도 친절하게 배송해주시고 마음에 듭니다.한달후에 다시
잠깐밖에 안누워 봤지만 마음에 듭니다. 너무 푹신한거 싫어해서 고심해서 골랐는데 적당한것 같아요. 침대가 높은것도 좋네요.
기사님도 친절하게 배송해주시고 마음에 듭니다.
한달후에 다시 리뷰 쓸게요!",5
129,아메리카나베드 알레인 투매트 침대 SS,별점,"침대 붙여쓰기 좋네요좁은방에 딱이에요!
침대 붙여쓰기 좋네요
좁은방에 딱이에요!",4
130,아메리카나베드 알레인 투매트 침대 SS,별점,"매우 만족합니다
허리 안좋은 사람들은 사세요잠잘옵니다.",5
131,아메리카나베드 알레인 투매트 침대 SS,별점,"양면이라 확실히 푹신하고 높이도 좋아요
양면이라 확실히 푹신하고 높이도 좋아요",5
132,아메리카나베드 알레인 투매트 침대 SS,별점,"아이도 좋아하고 제가 쓰기에도 좋네요^^
아이도 좋아하고 제가 쓰기에도 좋네요^^",5
133,아메리카나베드 알레인 투매트 침대 SS,별점,"가격대비 훌륭합니다 아들방도 바꿔줘야할거같아요 자기 침대보다 편하다고 제 침대에서 잡니다ㅎ
가격대비 훌륭합니다 아들방도 바꿔줘야할거같아요 자기 침대보다 편하다고 제 침대에서 잡니다ㅎ",5
134,아메리카나베드 알레인 투매트 침대 SS,별점,"투매트리스너무좋네요 푹신하고좋아요
투매트리스너무좋네요 푹신하고좋아요",5
135,아메리카나베드 알레인 투매트 침대 SS,별점,"생각보다 배송도 빨랐고 상품도 좋아요
생각보다 배송도 빨랐고 상품도 좋아요",5
136,아메리카나베드 알레인 투매트 침대 SS,별점,"배송도생각보다빠르고제푸무ㅡ좋아요
배송도생각보다빠르고
제푸무ㅡ좋아요",4
137,아메리카나베드 알레인 투매트 침대 SS,별점,"가격대비 훌륭합니다 배송도빠르고.
가격대비 훌륭합니다 배송도빠르고.",5
138,아메리카나베드 알레인 투매트 침대 SS,별점,"배송전 미리 연락주셔서 좋았습니다.
배송전 미리 연락주셔서 좋았습니다.",5
139,아메리카나베드 알레인 투매트 침대 SS,별점,"맘에들어요 호텔에서자는느낌이래요
맘에들어요 호텔에서자는느낌이래요",5
140,아메리카나베드 알레인 투매트 침대 SS,별점,"생각 보다 더 높이가 높고 푹신해요~
생각 보다 더 높이가 높고 푹신해요~",5
141,아메리카나베드 알레인 투매트 침대 SS,별점,"생각보다탄탄하고 튼튼한거같아요~
생각보다탄탄하고 튼튼한거같아요~",5
142,아메리카나베드 알레인 투매트 침대 SS,별점,"현재 4개째 구매 가성비 아주 좋음
현재 4개째 구매 가성비 아주 좋음",5
143,아메리카나베드 알레인 투매트 침대 SS,별점,"이동하기 편하고 누웠을때 좋네요
이동하기 편하고 누웠을때 좋네요",5
144,아메리카나베드 알레인 투매트 침대 SS,별점,"생각보다 튼튼하고 가성비 좋아요
생각보다 튼튼하고 가성비 좋아요",4
145,아메리카나베드 알레인 투매트 침대 SS,별점,"이 가격에 이 퀄리티 완전 편해요
이 가격에 이 퀄리티 완전 편해요",5
146,아메리카나베드 알레인 투매트 침대 SS,별점,"적당히 푹신하고 편하니 좋아요
적당히 푹신하고 편하니 좋아요",4
147,아메리카나베드 알레인 투매트 침대 SS,별점,"가성비도 좋고 푹신해서 좋아요
가성비도 좋고 푹신해서 좋아요",5
148,아메리카나베드 알레인 투매트 침대 SS,별점,"다리부분 빼고는 고급스러워요~
다리부분 빼고는 고급스러워요~",4
149,아메리카나베드 알레인 투매트 침대 SS,별점,"불편함 없네요. 가성비는좋와요
불편함 없네요. 가성비는좋와요",4
150,아메리카나베드 알레인 투매트 침대 SS,별점,"배송두 오래걸리지않았어요쿠션감은 딱딱하지도푹신하지두않아요
배송두 오래걸리지않았어요
쿠션감은 딱딱하지도푹신하지두않아요",4
151,아메리카나베드 알레인 투매트 침대 SS,별점,"친절하시고 너무좋았습니다. :)
친절하시고 너무좋았습니다. :)",5
152,아메리카나베드 알레인 투매트 침대 SS,별점,"냄새가 좀 많이 나서 아쉬워요
냄새가 좀 많이 나서 아쉬워요",3
153,아메리카나베드 알레인 투매트 침대 SS,별점,"크기 높이 다 적당하고 좋아요
크기 높이 다 적당하고 좋아요",4
154,아메리카나베드 알레인 투매트 침대 SS,별점,"침대가 편하고 높아서 좋아요~
침대가 편하고 높아서 좋아요~",4
155,아메리카나베드 알레인 투매트 침대 SS,별점,"사용감이 좋네요 만족합니다.
사용감이 좋네요 만족합니다.",5
156,아메리카나베드 알레인 투매트 침대 SS,별점,"기대이상이라 맘에 쏙 들어요
기대이상이라 맘에 쏙 들어요",5
157,아메리카나베드 알레인 투매트 침대 SS,별점,"아주 만족합니다 세개째 구매
아주 만족합니다 세개째 구매",5
158,아메리카나베드 알레인 투매트 침대 SS,별점,"가성비 좋아요꿀잠예약 ㅎㅎ
가성비 좋아요
꿀잠예약 ㅎㅎ",5
159,아메리카나베드 알레인 투매트 침대 SS,별점,"저렴한가격에 잘산듯합니다.
저렴한가격에 잘산듯합니다.",5
160,아메리카나베드 알레인 투매트 침대 SS,별점,"생각한대로 짱짱해서 좋아요
생각한대로 짱짱해서 좋아요",4
161,아메리카나베드 알레인 투매트 침대 SS,별점,"편안하고 괜찮은 침대입니다
편안하고 괜찮은 침대입니다",5
162,아메리카나베드 알레인 투매트 침대 SS,별점,"가격에비해퀄리티가좋아요~
가격에비해퀄리티가좋아요~",4
163,아메리카나베드 알레인 투매트 침대 SS,별점,"굿
좋읍니다.. 성능 가격 둘다..",5
164,아메리카나베드 알레인 투매트 침대 SS,별점,"굿입니다용 사용해보세요잉
굿입니다용 사용해보세요잉",4
165,아메리카나베드 알레인 투매트 침대 SS,별점,"가성비 좋고 잘쓰고 있어요
가성비 좋고 잘쓰고 있어요",4
166,아메리카나베드 알레인 투매트 침대 SS,별점,"쿠션이좋아다시구매했어요
쿠션이좋아다시구매했어요",5
167,아메리카나베드 알레인 투매트 침대 SS,별점,"친절하시고 제품도 좋아요
친절하시고 제품도 좋아요",5
168,아메리카나베드 알레인 투매트 침대 SS,별점,"이쁘구 편안행ᆢㄷ 좋아요
이쁘구 편안행ᆢㄷ 좋아요",5
169,아메리카나베드 알레인 투매트 침대 SS,별점,"좋습니다 높이도 쿠션감도
좋습니다 높이도 쿠션감도",5
170,아메리카나베드 알레인 투매트 침대 SS,별점,"푹신해서 편하고 좋습니다
푹신해서 편하고 좋습니다",5
171,아메리카나베드 알레인 투매트 침대 SS,별점,"미끄덩거려요 1년쓸라나..
미끄덩거려요 1년쓸라나..",3
172,아메리카나베드 알레인 투매트 침대 SS,별점,"여전히 푹신하고 좋네요~~
여전히 푹신하고 좋네요~~",5
173,아메리카나베드 알레인 투매트 침대 SS,별점,"기대했던만큼 만족합니다
기대했던만큼 만족합니다",4
174,아메리카나베드 알레인 투매트 침대 SS,별점,"배송빠르고 상품좋네요^.^
배송빠르고 상품좋네요^.^",5
175,아메리카나베드 알레인 투매트 침대 SS,별점,"가격대비 쓸만합니다~~~~~
가격대비 쓸만합니다~~~~~",4
176,아메리카나베드 알레인 투매트 침대 SS,별점,"배송도빠르고괜찮습니다
배송도빠르고괜찮습니다",5
177,아메리카나베드 알레인 투매트 침대 SS,별점,"아주 잘 사용하고 있어요
아주 잘 사용하고 있어요",5
178,아메리카나베드 알레인 투매트 침대 SS,별점,"아이가 키가 커서 높은 침대를 찾앗는데 넘 만족합니다. 적당히 푹신해서 잠도 편하게 잘수 있어요. 방이 작아 프레임 없는 침대로 아주 만족합니다
아이가 키가 커서 높은 침대를 찾앗는데 넘 만족합니다. 적당히 푹신해서 잠도 편하게 잘수 있어요. 방이 작아 프레임 없는 침대로 아주 만족합니다",5
179,아메리카나베드 알레인 투매트 침대 SS,별점,"저렴하게 잘샀어요 만족
저렴하게 잘샀어요 만족",5
180,아메리카나베드 알레인 투매트 침대 SS,별점,"좋아요 ㅎㅎ 잘 쓸께요.
좋아요 ㅎㅎ 잘 쓸께요.",5
181,아메리카나베드 알레인 투매트 침대 SS,별점,"오늘 받았어요..좋겠죠?
오늘 받았어요..좋겠죠?",5
182,아메리카나베드 알레인 투매트 침대 SS,별점,"괜차나요 사용감조아요
괜차나요 사용감조아요",3
183,아메리카나베드 알레인 투매트 침대 SS,별점,"매우 만족 스럽습니다.
매우 만족 스럽습니다.",4
184,아메리카나베드 알레인 투매트 침대 SS,별점,"푹신하고 튼튼합니다.
푹신하고 튼튼합니다.",5
185,아메리카나베드 알레인 투매트 침대 SS,별점,"ㅣ굳굳 넘넘 좋아용!!
ㅣ굳굳 넘넘 좋아용!!",5
186,아메리카나베드 알레인 투매트 침대 SS,별점,"그럭저럭 괜찮습니다
그럭저럭 괜찮습니다",4
187,아메리카나베드 알레인 투매트 침대 SS,별점,"배송날짜보다 일찍와서 좋았구요~설치기사님도 친절하시고 침대가 폭신한게 좋네요~부모님방에 설치했는데 좋아하셨으면 좋겠어요~
배송날짜보다 일찍와서 좋았구요~
설치기사님도 친절하시고 침대가 폭신한게 좋네요~
부모님방에 설치했는데 좋아하셨으면 좋겠어요~",5
188,아메리카나베드 알레인 투매트 침대 SS,별점,"매트리스는 좋아요!
매트리스는 좋아요!",4
189,아메리카나베드 알레인 투매트 침대 SS,별점,"튼튼하고 좋아요~^^
튼튼하고 좋아요~^^",4
190,아메리카나베드 알레인 투매트 침대 SS,별점,"사진과 똑 같음 !!!
사진과 똑 같음 !!!",5
191,아메리카나베드 알레인 투매트 침대 SS,별점,"편안하고 좋아요
편안하고 좋아요",5
192,아메리카나베드 알레인 투매트 침대 SS,별점,"할머니 선물로 해드렸는데 너무 좋아하십니다 배송도 빠르고 만족합니다 사업번창하시길 기원합니다
할머니 선물로 해드렸는데 너무 좋아하십니다 배송도 빠르고 만족합니다 사업번창하시길 기원합니다",5
193,아메리카나베드 알레인 투매트 침대 SS,별점,"매트리스 양면이라 맘에 들어요배송비가 개비싼거 빼고는 괜찮네요허리아파서 좀 단단한거로 시켯는데 잘한거 같음주문제작이라 오래 걸릴줄 알았는데 제작 미리해두신듯 너무 빨랐음... 배송
매트리스 양면이라 맘에 들어요
배송비가 개비싼거 빼고는 괜찮네요
허리아파서 좀 단단한거로 시켯는데 잘한거 같음
주문제작이라 오래 걸릴줄 알았는데 제작 미리해두신듯 너무 빨랐음... 배송도 빨랐어요",4
194,아메리카나베드 알레인 투매트 침대 SS,별점,"호텔식 침대여서 기대햇는데 좋았어요~~ 편하게 잘 자고있어요!
호텔식 침대여서 기대햇는데 좋았어요~~ 편하게 잘 자고있어요!",5
195,아메리카나베드 알레인 투매트 침대 SS,별점,"제가 원하는 쿠션감이 너무나 만족합니다가격도 만족하구요
제가 원하는 쿠션감이 너무나 만족합니다
가격도 만족하구요",5
196,아메리카나베드 알레인 투매트 침대 SS,별점,"괜찮네요
괜찮네요",5
197,아메리카나베드 알레인 투매트 침대 SS,별점,"지난번에 하나 구입했었고 만족스러워서 하나 더 구입합니다. 폭신한매트 아니고요 약간 단단한 편이에요. 편합니다.
지난번에 하나 구입했었고 만족스러워서 하나 더 구입합니다. 폭신한매트 아니고요 약간 단단한 편이에요. 편합니다.",5
198,아메리카나베드 알레인 투매트 침대 SS,별점,"가격대비하면 너무 만족합니다. 사이즈 정사이즈입니다. 쿠션감은 저에게 딱 알맞메요. 추천드려요~
가격대비하면 너무 만족합니다. 사이즈 정사이즈입니다. 쿠션감은 저에게 딱 알맞메요. 추천드려요~",5
199,아메리카나베드 알레인 투매트 침대 SS,별점,"한달을 고민했는데너무너무 좋아요!!!일단 높아서 좋고 매트리스가 단단한 편이라 허리에도 좋아요자고나면 항상 기분좋아요^_^
한달을 고민했는데
너무너무 좋아요!!!
일단 높아서 좋고
매트리스가 단단한 편이라 허리에도 좋아요
자고나면 항상 기분좋아요^_^",5
200,아메리카나베드 알레인 투매트 침대 SS,별점,"생각보다 사이즈가 크고 좋아요. 아이들이 너무 좋아하네요.
생각보다 사이즈가 크고 좋아요. 아이들이 너무 좋아하네요.",4
201,아메리카나베드 알레인 투매트 침대 SS,별점,"원하던 침대에서 편하게 생활하니 잠자리가 편해졌습니다. 계절에 따라 양면으로 사용도 가능하니 더욱 좋습니다. 잘 쓰겠습니다~
원하던 침대에서 편하게 생활하니 잠자리가 편해졌습니다. 계절에 따라 양면으로 사용도 가능하니 더욱 좋습니다. 잘 쓰겠습니다~",5
202,아메리카나베드 알레인 투매트 침대 SS,별점,"가성비 갑입니다. 좋은 침대 잘 사용하겠습니다. 번창하세요~
가성비 갑입니다. 좋은 침대 잘 사용하겠습니다. 번창하세요~",5
203,아메리카나베드 알레인 투매트 침대 SS,별점,"적당히 푹신하고 좋아요~배송이 좀 오래 걸려서 좀 그랬는데집에 사람이없어서부탁드렸더니기사님이 친절하게 사진도 찍어보내주셔서감사합니다.
적당히 푹신하고 좋아요~
배송이 좀 오래 걸려서 좀 그랬는데
집에 사람이없어서부탁드렸더니
기사님이 친절하게 사진도 찍어보내주셔서
감사합니다.",5
204,아메리카나베드 알레인 투매트 침대 SS,별점,"빠른 배송에 완전 만족합니다~상품도 좋구요~잘 쓰겠습니다
빠른 배송에 완전 만족합니다~
상품도 좋구요~
잘 쓰겠습니다",5
205,아메리카나베드 알레인 투매트 침대 SS,별점,"아들방에 설치하니 좋아요편안하니 잠잘오겠어요
아들방에 설치하니 좋아요

편안하니 잠잘오겠어요",5
206,아메리카나베드 알레인 투매트 침대 SS,별점,"가격대비 매트리스 품질이 너무 좋은것 같아요~ 꿀잠 잘 것 같아요~~ 배송도 친절히 잘해주시고 생각보다 빨리 받았어요~ 침대 잘쓸게요!!
가격대비 매트리스 품질이 너무 좋은것 같아요~ 꿀잠 잘 것 같아요~~ 배송도 친절히 잘해주시고 생각보다 빨리 받았어요~ 침대 잘쓸게요!!",5
207,아메리카나베드 알레인 투매트 침대 SS,별점,"침대쓰고 잠자리가 좋아졌습니다. 중간에 잘 깨지도 않고 너무 무르거나 딱딱하지도 않습니다.
침대쓰고 잠자리가 좋아졌습니다. 중간에 잘 깨지도 않고 너무 무르거나 딱딱하지도 않습니다.",5
208,아메리카나베드 알레인 투매트 침대 SS,별점,"아들들 쓰나고 시켰는데저는 모르겠으나아들들은 ㅎㅎ 꿀잠 든다네요
아들들 쓰나고 시켰는데저는 모르겠으나아들들은 ㅎㅎ 꿀잠 든다네요",4
209,아메리카나베드 알레인 투매트 침대 SS,별점,"크기도 적당하고 쿠션감도 아주 딱딱하지 않아 좋아요ㆍ 배송기사님이 시간을지키지 않아 별하나 뺐습니다
크기도 적당하고 쿠션감도 아주 딱딱하지 않아 좋아요ㆍ 배송기사님이 시간을지키지 않아 별하나 뺐습니다",4
210,아메리카나베드 알레인 투매트 침대 SS,별점,"세번째 구매네요. 배송기사님도 친절하시고 제품도 훌륭합니다. 번창하세요
세번째 구매네요. 배송기사님도 친절하시고 제품도 훌륭합니다. 번창하세요",5
211,아메리카나베드 알레인 투매트 침대 SS,별점,"택배아저씨가 친절해서 좋았구요집에 사람이 없어서 기사아저씨가 자리배치해주시고 사진까지 찍어서 보내주셨네요침대 깔끔하니 마음에들어요
택배아저씨가 친절해서 좋았구요
집에 사람이 없어서 기사아저씨가 자리배치해주시고 사진까지 찍어서 보내주셨네요
침대 깔끔하니 마음에들어요",4
212,아메리카나베드 알레인 투매트 침대 SS,별점,"침대 퀄리티 좋고 푹신해요. 배송기사분도 친절하셨구요. 다른 사람들에게 적극 추천하고픈 침대네요.
침대 퀄리티 좋고 푹신해요. 배송기사분도 친절하셨구요. 다른 사람들에게 적극 추천하고픈 침대네요.",5
213,아메리카나베드 알레인 투매트 침대 SS,별점,"세번째 구입입니다 만족하고 쓰고있습니다
세번째 구입입니다 만족하고 쓰고있습니다",4
214,아메리카나베드 알레인 투매트 침대 SS,별점,"배송기사님도 친절하시고적당한 쿠션감에 색상도 깔끔합니다.원룸 옵션으로 추천하고 싶습니다.
배송기사님도 친절하시고
적당한 쿠션감에
색상도 깔끔합니다.
원룸 옵션으로 추천하고 싶습니다.",5
215,아메리카나베드 알레인 투매트 침대 SS,별점,"가격대비 고만고만하게 사용할만 합니다.
가격대비 고만고만하게 사용할만 합니다.",4
216,아메리카나베드 알레인 투매트 침대 SS,별점,"최고예요
배송이 조금 느리나 기사님이 친절하게 설치했습니다 제품은 생각보다 괜찮아요 추천합니다",5
217,아메리카나베드 알레인 투매트 침대 SS,별점,"배송 안전하게 잘 해줘서 감사합니다 푹신하고 너무 좋네요
배송 안전하게 잘 해줘서 감사합니다
푹신하고 너무 좋네요",5
218,아메리카나베드 알레인 투매트 침대 SS,별점,"배송오래걸렸는데 9일정도걸림 ㅜㅜ 혼자쓰기딱좋아요
배송오래걸렸는데 9일정도걸림 ㅜㅜ


혼자쓰기딱좋아요",4
219,아메리카나베드 알레인 투매트 침대 SS,별점,"생각보다 높긴했습니다 만족합니다
생각보다 높긴했습니다 만족합니다",4
220,아메리카나베드 알레인 투매트 침대 SS,별점,"쿠션감도 좋고 가격대비 가성비 굿입니다~~잘 쓰겠습니다. 혼자 쓰기에 딱 좋습니다~
쿠션감도 좋고 가격대비 가성비 굿입니다~~
잘 쓰겠습니다. 혼자 쓰기에 딱 좋습니다~",5
221,아메리카나베드 알레인 투매트 침대 SS,별점,"두번째 구매입니다 가성비 좋습니다
두번째 구매입니다 가성비 좋습니다",5
222,아메리카나베드 알레인 투매트 침대 SS,별점,"화면과 똑같아요 배송기사님도 친절하게 설명도 해주시고 빨리 설치해주셨네요~~
화면과 똑같아요 배송기사님도 친절하게 설명도 해주시고 빨리 설치해주셨네요~~",5
223,아메리카나베드 알레인 투매트 침대 SS,별점,"배송하시는분도 친절하고 쿠션도 괜찮네요
배송하시는분도 친절하고 쿠션도 괜찮네요",5
224,아메리카나베드 알레인 투매트 침대 SS,별점,"배송기사님도 친절하시고, 상품이 좋아요!
배송기사님도 친절하시고, 상품이 좋아요!",5
225,아메리카나베드 알레인 투매트 침대 SS,별점,"배송빠르고 기시님도 미리전화주십니다
배송빠르고 기시님도 미리전화주십니다",5
226,아메리카나베드 알레인 투매트 침대 SS,별점,"배송과 친절한설치 모두다 좋았습니다
배송과 친절한설치 모두다 좋았습니다",5
227,아메리카나베드 알레인 투매트 침대 SS,별점,"배송 빠르고 기사님 친절하셨습니다.
배송 빠르고 기사님 친절하셨습니다.",4
228,아메리카나베드 알레인 투매트 침대 SS,별점,"사이즈 배송기간 냄새 모두 제 맘에 듭니다.배송해주시는 분도 너무 잘하시고 기간도 빨랐어요
사이즈 배송기간 냄새 모두 제 맘에 듭니다.
배송해주시는 분도 너무 잘하시고 기간도 빨랐어요",5
229,아메리카나베드 알레인 투매트 침대 SS,별점,"배송 기간 정말 빠르고요 포장 정말 마음에 듭니다 건강하게 잘 살께요~~~ 설치도 친정하게 잘 해주셔서 감사합니다
배송 기간 정말 빠르고요 포장 정말 마음에 듭니다 건강하게 잘 살께요~~~ 설치도 친정하게 잘 해주셔서 감사합니다",5
230,아메리카나베드 알레인 투매트 침대 SS,별점,"도착했습니다
잘받았습니다 감사합니다",4
231,아메리카나베드 알레인 투매트 침대 SS,별점,"가격대비에는 괜찮은데 배송비랑 엘리베이터없는빌라3층부터는 추가적으로 돈을내야됩니다ㅡㅡ배송비랑,추가금액만해도6만원이상입니다
가격대비에는 괜찮은데 배송비랑 엘리베이터없는빌라3층부터는 추가적으로 돈을내야됩니다ㅡㅡ배송비랑,추가금액만해도6만원이상입니다",4
232,아메리카나베드 알레인 투매트 침대 SS,별점,"배송기사님도 너무 친절하시고 침대도 너무좋아요!!
배송기사님도 너무 친절하시고 침대도 너무좋아요!!",5
233,아메리카나베드 알레인 투매트 침대 SS,별점,"매우매우 만족합니다!
매우매우 만족합니다!",5
234,아메리카나베드 알레인 투매트 침대 SS,별점,"배송전 상담도 잘해주시고 배송도 약속한 시간에 왔고 상품도 좋아요. 푹신해요
배송전 상담도 잘해주시고 배송도 약속한 시간에 왔고 상품도 좋아요. 푹신해요",5
235,아메리카나베드 알레인 투매트 침대 SS,별점,"가격대비 만족합니다 감사합니다
가격대비 만족합니다 감사합니다",5
236,아메리카나베드 알레인 투매트 침대 SS,별점,"?택배 잘 받았습니다 맘에 들어요 아주 좋습니다 굿~^^수고하셨습니다.
?택배 잘 받았습니다 맘에 들어요 아주 좋습니다 굿~^^수고하셨습니다.",5
237,아메리카나베드 알레인 투매트 침대 SS,별점,"아주아주 좋ㅇㄱㆍ요~~^^
아주아주 좋ㅇㄱㆍ요~~^^",5
238,아메리카나베드 알레인 투매트 침대 SS,별점,"좋아요 폭신폭신 잠 잘 옴 ㅋㅋㅋ
좋아요 폭신폭신 잠 잘 옴 ㅋㅋㅋ",5
239,아메리카나베드 알레인 투매트 침대 SS,별점,"매우 매우 매우 좋습니다
매우 매우 매우 좋습니다",5
240,아메리카나베드 알레인 투매트 침대 SS,별점,"좋아좋아좋아좋아좋아좋아좋아좋아좋아좋아좋아좋아좋아좋아좋아좋아좋아좋아좋아좋아좋아좋아좋아좋아좋아좋아좋아
좋아좋아좋아좋아좋아좋아좋아좋아좋아좋아좋아좋아좋아좋아좋아좋아좋아좋아좋아좋아좋아좋아좋아좋아좋아좋아좋아",5
