﻿,type,category,review,star
1,하포스 HP 로망스 LED 침대 S,별점,"스마트스토어 이용하면서 처음으로 1점 남겨봅니다배송은 3일날 주문해서 16일 기준으로 다 도착했으니 대략 2주정도 걸렸네요, 배송 예정일보다 늦었고, 온 물건도 잘못와서 또 다시
스마트스토어 이용하면서 처음으로 1점 남겨봅니다배송은 3일날 주문해서 16일 기준으로 다 도착했으니 대략 2주정도 걸렸네요, 배송 예정일보다 늦었고, 온 물건도 잘못와서 또 다시 오고.하포스 제가 게스트하우스 운영하면서 많이 쓰던 업체였는데요이번에 컨플레인하면서 나름 담당자라는 분과 통화했는데 침대가 이렇게 지연돼서 고객이 보는 피해에 대해 어떻게 보상할거냐고 물어봤더니 ""배송은 일주일이 늦어질수도 있고, 한 달이 늦어질수도 있다, 고객의 어떠한 금전적 피해에 대해서 우리는 법적으로 책임을 져야할 의무가 없다"" 였습니다배송이 늦어지는건 아주 당연히 그럴 수 있다는 태도가 늦겨지더라구요그래서 제가 물어봤습니다그러면 만약 300개 정도 되는 규모가 들어와서 고객이 피해를 봐도 그러하냐라고 물어보니담당자 : 그러면 계약서를 썼겠죠~뭐 더 이상 할 말은 없는 것 같습니다 침대 좋아서 예전부터 쓰던 업체에 계약서 쓰고 주문안한 제 잘못인가 봅니다담당자 분이 자신감이 넘치더라구요 법적으로 업체는 책임이 없기때문에 제가 알아봐도 업체에서 책임질 일 없을거라구요네, 그렇더라구요제가 줄 수 있는건 리뷰 최하점, 스마트스토어 페널티 이 정도 있더라구요하포스 착한 가격에 이미지가 좋았는데 이번 구매를 통해서 회사에 CS 에티튜드를 느낄 수 있었습니다",1
2,하포스 HP 로망스 LED 침대 S,별점,"매트리스도 딱딱하고 조립식이여서그런지 끽끽소리도 많이나요 상판이 부서진상태로와서 한번교환까지했고요.. 그냥,,하아 너무후회스럽네용그 침대 모서리도 너무거칠거칠해서 지나갈때마다 종아
매트리스도 딱딱하고 조립식이여서그런지 끽끽소리도 많이나요 상판이 부서진상태로와서 한번교환까지했고요.. 그냥,,하아 너무후회스럽네용

그 침대 모서리도 너무거칠거칠해서 지나갈때마다 종아리 베여서 결국 모서리방지 붙였고요,
밑판 두개나눠져있는것도 기사님한테 말씀드려서 아무리맞춰도 어긋나더라고요^^ 사진첨부합니다",3
3,하포스 HP 로망스 LED 침대 S,별점,"가격대비 너무 좋아요. 매트리스도 제일 좋은 걸로 추가해서 사서 만족해요근데 모서리쪽 마감이 거칠거칠해서 오르내릴때 다리 몇 번 긁혔네요 그리고 침대에 등을 기댈 곳이 없어서 벽에
가격대비 너무 좋아요. 매트리스도 제일 좋은 걸로 추가해서 사서 만족해요
근데 모서리쪽 마감이 거칠거칠해서 오르내릴때 다리 몇 번 긁혔네요 그리고 침대에 등을 기댈 곳이 없어서 벽에 기대고나면 침대 밑에 프레임이 바깥쪽으로 밀려있어서 좀 ㅠㅠㅠ 그래도 이부분 정도는 괜찮습니다~",5
4,하포스 HP 로망스 LED 침대 S,별점,"각진 모서리 부분이 그리 매끄럽지 못하네요.그외에 부분은 대체적으로 괜찮네요.배송은 배송기사가 '빠르면9~12시 늦으면 13~18시에 갑니다 못받으면 할수없구요' 침대 받기 위해서
각진 모서리 부분이 그리 매끄럽지 못하네요.그외에 부분은 대체적으로 괜찮네요.배송은 배송기사가 '빠르면9~12시 늦으면 13~18시에 갑니다 못받으면 할수없구요' 침대 받기 위해서 무조건 하루의시간을 하염없이 기다리거나 하루를 미리 비워 놓아야 한다고 이야기 할꺼면 미리 이야기해주면 주문안했을텐데...3번정도 회사로 전화했을때는 친절하더니 결제후에는 회사직원이라는 배송기사들이 갑질에...배송전날 저녁10시경에 문자받고 다음날 저녁까지 6시까지 꼼짝없이 잡혀있었네요. 침대는 괜찮은거 같으니 할일이 없어 집에만 계신분들이나 몸이 안좋아 집에만 계신분들이 쓰기는 좋은 제품같네요. 단 결제후 말이 바뀌지 않는다면...",3
5,하포스 HP 로망스 LED 침대 S,별점,"이번에 방이 새로 생겨서 엄청 고민하다가 구매했는데 넘 예뿌네요 *^_____^* 예상했던것보다 커서 놀라긴 했지만 지금 일주일 째 너무 잘쓰고 있어요 배송은 3일 걸리고 기사님께
이번에 방이 새로 생겨서 엄청 고민하다가 구매했는데 넘 예뿌네요 *^_____^* 예상했던것보다 커서 놀라긴 했지만 지금 일주일 째 너무 잘쓰고 있어요 배송은 3일 걸리고 기사님께서도 오셔서 10분만에 뚝딱 설치 해주시더라구요. 배송료도 다른곳에 비해 저렴한 편이라 만족! 토퍼류도 다양하게 판매하시면 넘 좋을 것 같아요~",5
6,하포스 HP 로망스 LED 침대 S,별점,"후기원래 귀찮아서 잘안쓰는데
후기원래 귀찮아서 잘안쓰는데
받자마자 기사님생각에 바로 써요
배송기사님 정말 너무 좋으세요~
선함이 그대로 느껴지는분이였습니다
엘베없는 3층이라 추가요금있었지만
비싸다 생각안들정도로 배려깊으셨어요
침대는 특유의 새거 나무냄새는 어쩔수없나봐요
금방 빠지기를 바라며..
기존 침대도 바꿀때됐는데 여기서 사야겠어요
헤드에 이건좀 의외ㅋㅋ",4
7,하포스 HP 로망스 LED 침대 S,별점,"싱글은 작을까봐 슈퍼싱글 샀는데 싱글 사도 될뻔했네요! 매트는 9존 독립으로 했는데 생각보단 딱딱했어요. 다 좋지만 단점이라면 led등이 쨍할정도로 밝고 설치한 이후로 일주일 정도
싱글은 작을까봐 슈퍼싱글 샀는데 싱글 사도 될뻔했네요! 매트는 9존 독립으로 했는데 생각보단 딱딱했어요. 다 좋지만 단점이라면 led등이 쨍할정도로 밝고 설치한 이후로 일주일 정도 원목냄새가 매우 강하게 납니다. 그래도 냄새는 금방 빠지고 가성비는 최고에요!!",5
8,하포스 HP 로망스 LED 침대 S,별점,"구매한지 한달사용후 남깁니다.
구매한지 한달사용후 남깁니다.
배송도 생각보다 엄청 빠르게왔고 (일주일 넘을줄알았으나 4일만에 도착함)
빈집설치였는데 설치기사님도 엄청 친절히 잘 설치해주고 가셨습니다!

처음엔 침대 하단에 있는 쇠로 된 고리?라 해야하나, 매트리스 밀리지않게 막아주는 쇠 부분이 너무 거슬려서 살까말까 고민했으나 막상 보이지도 않고 신경쓰이지도않고 있는지 까먹네요.
침대도 상처없이 배송되었습니다~
많이 파세용!",5
9,하포스 HP 로망스 LED 침대 S,별점,"주문 후 이틀만에 기사님이 설치해주시고 가셨어요. 친절하게 해주셨고 침대 프레임도 닦아주시고 빠르게 해주셔서 좋았습니다.침대 프레임 디자인이 맘에들어요. 다만 며칠 새가구 냄새는
주문 후 이틀만에 기사님이 설치해주시고 가셨어요. 친절하게 해주셨고 침대 프레임도 닦아주시고 빠르게 해주셔서 좋았습니다.
침대 프레임 디자인이 맘에들어요. 다만 며칠 새가구 냄새는 나고 한쪽에 무게가 치우치면 소리가나요.
매트리스는 적당히 푹신해서 좋아요.",4
10,하포스 HP 로망스 LED 침대 S,별점,"리베라 9존독립 구매했어요.
리베라 9존독립 구매했어요.
프레임은 이쁘고 맘에 드는데 LED 밝기조절 안돼서 좀 밝아요.
매트리스는 너무 별로입니다 ㅜㅜ 스프링 삐그덕 거리는 소리 들리고 너무 딱딱해요... 그나마 중간이라고해서 고른건데... 비추에요 ㅠㅠ",3
11,하포스 HP 로망스 LED 침대 S,별점,"배송 빨라서 좋았구요 아저씨도 친절하셨어요~~^^ 제품도 가격대비 너무 좋구요 자보니 매트리스도 편하고 좋네요^^ 다만 제가 사이즈를 조금 잘못 선택한것 같아요 좀더 큰 싱글로 할
배송 빨라서 좋았구요 아저씨도 친절하셨어요~~^^ 제품도 가격대비 너무 좋구요 자보니 매트리스도 편하고 좋네요^^ 다만 제가 사이즈를 조금 잘못 선택한것 같아요 좀더 큰 싱글로 할걸 싶어요 제품은 너무 만족합니다 이불 깔고 써보니 더 예쁘구요 조명도 아주 훌륭합니다 싸보이지 않고 조명도 은은하고 잘때 바로 끌수 있어 편하고 좋아요~~!!^^",4
12,하포스 HP 로망스 LED 침대 S,별점,"집에 못있어서 배송기사한테 비번알려주고 설치시켰는데 매트리스 비닐도 안뜯고 집이 아주엉망 침대에 연결된 콘센트도 꼽아놓고 설치해달라했는데 안꼽고 설치해서 침대옮겨서 콘센트꼽고 제자
집에 못있어서 배송기사한테 비번알려주고 설치시켰는데 매트리스 비닐도 안뜯고 집이 아주엉망
침대에 연결된 콘센트도 꼽아놓고 설치해달라했는데 안꼽고 설치해서 침대옮겨서 콘센트꼽고 제자리로 해놨는데 침대프레임 다틀어짐
배송기사 진짜 생각이 있는건지 없는건지
설치비3만원이 아니라 배송료3만원이라는 생각이듬",3
13,하포스 HP 로망스 LED 침대 S,별점,"하포스두번째근요 퀸보단확실히 좀삐걱거림이잇네요 이번거는라텍스추가안햇더니딱딱해요프레임은보기보다튼튼하고 조명도스위치가달려편합니다가격대비만족.초딩아이위해삿어요
하포스두번째근요 퀸보단확실히 좀삐걱거림이잇네요
이번거는라텍스추가안햇더니딱딱해요
프레임은보기보다튼튼하고 조명도스위치가달려편합니다
가격대비만족.초딩아이위해삿어요",4
14,하포스 HP 로망스 LED 침대 S,별점,"포장 뜯자마자 냄새가 심해요.며칠 방문을열어 놓고 환기시켰어요. 가격대비 드자인은 괜찮은데 베개를기대면 전등과 콘센트 공간에 베개가 낀다고 해야하나 베개 뒤에 기대고 앉아있는게 편
포장 뜯자마자 냄새가 심해요.며칠 방문을열어 놓고 환기시켰어요. 가격대비 드자인은 괜찮은데 베개를기대면 전등과 콘센트 공간에 베개가 낀다고 해야하나
베개 뒤에 기대고 앉아있는게 편한데 이 침대에서는 불편해요.^^",5
15,하포스 HP 로망스 LED 침대 S,별점,"한달사용해봤는데요. 우선 기본매트를 사용해서 그런지 쿠션감은 많이 좋지는 않습니다. 그리고 프레임에서도 삐그덕 소리가 좀 나네요. 근데 가격이 저렴한만큼 잠깐쓰기는 괜찮은거같아요
한달사용해봤는데요. 우선 기본매트를 사용해서 그런지 쿠션감은 많이 좋지는 않습니다. 그리고 프레임에서도 삐그덕 소리가 좀 나네요. 근데 가격이 저렴한만큼 잠깐쓰기는 괜찮은거같아요",5
16,하포스 HP 로망스 LED 침대 S,별점,"가격대비 너무 만족스러워요두개 구매해서 애들 방에 설치해줬는데 미등 기능이있어서 따로 등 킬 필요없어서 일석이조입니다 매트가 푹신한 느낌은 아니지만 너무 쑥 꺼지는 느낌보다 저는
가격대비 너무 만족스러워요
두개 구매해서 애들 방에 설치해줬는데
미등 기능이있어서 따로 등 킬 필요없어서
일석이조입니다 매트가 푹신한 느낌은 아니지만
너무 쑥 꺼지는 느낌보다 저는 좋았어요",5
17,하포스 HP 로망스 LED 침대 S,별점,"생각했던 사이즈 예요 가격대비 만족해요그런데 아기 있는집인데 설치기사님이 마스크 착용을 하지 않고 와서 엄청 신경쓰이고 불편했습니다.
생각했던 사이즈 예요 가격대비 만족해요
그런데 아기 있는집인데 설치기사님이 마스크 착용을 하지 않고 와서 엄청 신경쓰이고 불편했습니다.",5
18,하포스 HP 로망스 LED 침대 S,별점,"한달동안 불편함없이 꿀잠 잣습니다~! 다만 모서리 마감질이 조금 아쉬워서 피부 약하신 분들은 잘 긁힐거같애요 !! 그거빼고는 다 만족합니당
한달동안 불편함없이 꿀잠 잣습니다~! 다만 모서리 마감질이 조금 아쉬워서 피부 약하신 분들은 잘 긁힐거같애요 !! 그거빼고는 다 만족합니당",4
19,하포스 HP 로망스 LED 침대 S,별점,"4일이상 걸릴줄 알았는데 3일째에 받았어요매트리스도 너무 푹신하지않고 괜찮네요나무 냄새가 많이 나서 바로 사용은 어려울꺼같아요
4일이상 걸릴줄 알았는데 3일째에 받았어요
매트리스도 너무 푹신하지않고 괜찮네요
나무 냄새가 많이 나서 바로 사용은 어려울꺼같아요",4
20,하포스 HP 로망스 LED 침대 S,별점,"머리 쪽에 불 들어오고 선반도 있어서 잠 자기 전에 책 읽기 좋아요 매트리스는 생각보다 덜 푹신했지만 그래도 만족입니다ㅎㅎ
머리 쪽에 불 들어오고 선반도 있어서 잠 자기 전에 책 읽기 좋아요 매트리스는 생각보다 덜 푹신했지만 그래도 만족입니다ㅎㅎ",5
21,하포스 HP 로망스 LED 침대 S,별점,"정해진 시간에 오셔서 설치 잘해주셨어요새제품이라 약간의 냄새가 나긴 하는데 몇일 환기시키면 없어질꺼같긴 해요 잘 쓸께요
정해진 시간에 오셔서 설치 잘해주셨어요
새제품이라 약간의 냄새가 나긴 하는데 몇일 환기
시키면 없어질꺼같긴 해요 잘 쓸께요",5
22,하포스 HP 로망스 LED 침대 S,별점,"주문한지 일주일 만에 왔는데요..여기 저기 기스가 있어서 맘같아서 교환하고 싶은데 딸아이가 그냥 쓰겠다고 해서요 주문하고 설치다하면 여기저기 꼼꼼히 보세요 기사님 떠나고 나서 여기
주문한지 일주일 만에 왔는데요..여기 저기 기스가 있어서 맘같아서 교환하고 싶은데 딸아이가 그냥 쓰겠다고 해서요 주문하고 설치다하면 여기저기 꼼꼼히 보세요 기사님 떠나고 나서 여기저기 보니 저지경임..속상합니다.",3
23,하포스 HP 로망스 LED 침대 S,별점,"중학교 입학 예정인 울아들의 첫 침대로.. 구매했어요.첫날 익숙하지 않아.. 자다 떨어지기도 했어요.더블싱글로 구매할껄하는 후회를 했지만지금은 아주 잘 적응했답니다. ㅎㅎ
중학교 입학 예정인 울아들의 첫 침대로.. 구매했어요.
첫날 익숙하지 않아.. 자다 떨어지기도 했어요.
더블싱글로 구매할껄하는 후회를 했지만
지금은 아주 잘 적응했답니다. ㅎㅎ",5
24,하포스 HP 로망스 LED 침대 S,별점,"프레임 보단매트리스가 좋은 것 같아요 엄청나게 푹신하진 않지만 딱 편할 정도에요 저렴한 가격에 아주 잘 샀습니당
프레임 보단
매트리스가 좋은 것 같아요
엄청나게 푹신하진 않지만 딱 편할 정도에요
저렴한 가격에 아주 잘 샀습니당",5
25,하포스 HP 로망스 LED 침대 S,별점,"예뻐요 분위기도좋고 사용하기 편하데요 단지 수납장 기능이 빠져서 그게조금 아쉽다고 지인분이 말씀해주시네요
예뻐요 분위기도좋고 사용하기 편하데요 단지 수납장 기능이 빠져서 그게조금 아쉽다고 지인분이 말씀해주시네요",4
26,하포스 HP 로망스 LED 침대 S,별점,"싱글사이즈 침대를 찾기 힘들었는데 마침 좋은 제품을 찾게 되었습니다. 작은방에 안성맞춤 입니다. 스텐드도 유용하게 잘 쓰고 있어요
싱글사이즈 침대를 찾기 힘들었는데 마침 좋은 제품을 찾게 되었습니다. 작은방에 안성맞춤 입니다. 스텐드도 유용하게 잘 쓰고 있어요",5
27,하포스 HP 로망스 LED 침대 S,별점,"생각보다 튼튼해보이고 매트리스가 약간 딱딱한감이 없지않아 있는데 그래도 프레임이뻐서 봐줄만합니다ㅎㅎ
생각보다 튼튼해보이고 매트리스가 약간 딱딱한감이 없지않아 있는데 그래도 프레임이뻐서 봐줄만합니다ㅎㅎ",5
28,하포스 HP 로망스 LED 침대 S,별점,"설치는 깔끔하게 해주셔서 감사합니다.메트리스는 쿠션 좋아요.침대는 마감이 아쉽고 들뜬데도 있어요.
설치는 깔끔하게 해주셔서 감사합니다.
메트리스는 쿠션 좋아요.
침대는 마감이 아쉽고 들뜬데도 있어요.",3
29,하포스 HP 로망스 LED 침대 S,별점,"받침부분이 두개로 나뉘어진지 몰랐네요 바닥이 평평하지 않아 어긋나게 된다고 기사님께서 말씀해주시긴 했는데 좀 그렇네요
받침부분이 두개로 나뉘어진지 몰랐네요 바닥이 평평하지 않아 어긋나게 된다고 기사님께서 말씀해주시긴 했는데 좀 그렇네요",3
30,하포스 HP 로망스 LED 침대 S,별점,"튼튼하고. 예뻐요.누웟을때 매트의 쿠션도 딱 좋습니다기사님 친절하게 설치해 주고 가셧어요
튼튼하고. 예뻐요.
누웟을때 매트의 쿠션도 딱 좋습니다
기사님 친절하게 설치해 주고 가셧어요",5
31,하포스 HP 로망스 LED 침대 S,별점,"좀삐그덕 거리긴 한데 잘쓰고있습니다
좀삐그덕 거리긴 한데 잘쓰고있습니다
전원콘센트 쪽 고장이낫는데 수리는어떻게 해야될지",5
32,하포스 HP 로망스 LED 침대 S,별점,"상판이 덜컥거려서 교환요청했었는데 오셔서 제대로 맞춰주셨어요친철하시고 감사합니다
상판이 덜컥거려서 교환요청했었는데 오셔서 제대로 맞춰주셨어요
친철하시고 감사합니다",5
33,하포스 HP 로망스 LED 침대 S,별점,"배송도 빠르고 아들침대로 구매했는데 너무 좋아서 이사가는 언니 조카방에도 화이트로 구매할려구요~너무 맘에 들어요~아들녀석도 핸드폰 충전까지 된다고 너무 좋아하네요^^
배송도 빠르고 아들침대로 구매했는데 너무 좋아서 이사가는 언니 조카방에도 화이트로 구매할려구요~
너무 맘에 들어요~
아들녀석도 핸드폰 충전까지 된다고 너무 좋아하네요^^",5
34,하포스 HP 로망스 LED 침대 S,별점,"프레임이 별로예요 튼튼한거같지도 않고 흔들리고 매트리스는 생각보다 너무 딱딱하네요
프레임이 별로예요 튼튼한거같지도 않고 흔들리고 매트리스는 생각보다 너무 딱딱하네요",2
35,하포스 HP 로망스 LED 침대 S,별점,"매트리스를 처음거랑 다른거로 구매했는데 좋애요.설치 기사님도 매우 친절하시고요
매트리스를 처음거랑 다른거로 구매했는데 좋애요.설치 기사님도 매우 친절하시고요",5
36,하포스 HP 로망스 LED 침대 S,별점,"화이트라 이쁘고 깔끔해요. LED등까지 있어 여러명이 쓰는 방에는 더 좋을 것 같아요~
화이트라 이쁘고 깔끔해요. LED등까지 있어 여러명이 쓰는 방에는 더 좋을 것 같아요~",5
37,하포스 HP 로망스 LED 침대 S,별점,"아침일찍 기사님와서설치해주시구 갔네요
아침일찍 기사님와서설치해주시구 갔네요
부산이라 45000원나왔어요
조금딱딱한데 디자인이나 가성비 굿입니다
추천합니다",5
38,하포스 HP 로망스 LED 침대 S,별점,"오크 노란빛이 날줄 알았는데 사알짝 회색빛이 감도네요~매트리스 하단은 매트리스고정시켜주는게 있어서 움직이지 않은데 상단은 고정이 안돼서 매트리스가 살짝 움직여요~그거 빼고는 사용하
오크 노란빛이 날줄 알았는데 사알짝 회색빛이 감도네요~
매트리스 하단은 매트리스고정시켜주는게 있어서 움직이지 않은데 상단은 고정이 안돼서 매트리스가 살짝 움직여요~그거 빼고는 사용하는 아이가 젤 좋아합니다~",4
39,하포스 HP 로망스 LED 침대 S,별점,"생각보다 배송은 빨랐습니다.매트리스는 상위모델을 선택하여 좋았지만, 프레임은 표면마감, 견고함등이 많이 실망스럽습니다.
생각보다 배송은 빨랐습니다.
매트리스는 상위모델을 선택하여 좋았지만, 프레임은 표면마감, 견고함등이 많이 실망스럽습니다.",3
40,하포스 HP 로망스 LED 침대 S,별점,"크기도 딱이고 깔끔하니 이뻐요~~~ 코드있는게 젤 좋음!ㅋㅋ 저희집이 엘리베이터없는 4층이라 배송기사님들이 너무 고생하셨는데 죄송스러웠어요ㅜ 감사히 잘쓰겠습니당^^
크기도 딱이고 깔끔하니 이뻐요~~~ 코드있는게 젤 좋음!ㅋㅋ 저희집이 엘리베이터없는 4층이라 배송기사님들이 너무 고생하셨는데 죄송스러웠어요ㅜ 감사히 잘쓰겠습니당^^",5
41,하포스 HP 로망스 LED 침대 S,별점,"생각보다 좋은데요. 급하다고했더니 기사님이 저녁8시에 설치해주셔서 감사했어요
생각보다 좋은데요. 급하다고했더니 기사님이 저녁8시에 설치해주셔서 감사했어요",5
42,하포스 HP 로망스 LED 침대 S,별점,"매트리스는 만족 침대 프레임은 그냥 보통?? 뭐 가격대가 있으니 가성비 좋습니다.
매트리스는 만족 침대 프레임은 그냥 보통?? 뭐 가격대가 있으니 가성비 좋습니다.",4
43,하포스 HP 로망스 LED 침대 S,별점,"가격이 저렴해서 샀는데 품질 엉망 이네요싼거 샀으니 그냥 쓰다가 버려야 겠어요
가격이 저렴해서 샀는데 품질 엉망 이네요
싼거 샀으니 그냥 쓰다가 버려야 겠어요",2
44,하포스 HP 로망스 LED 침대 S,별점,"쓰레기는 제기 버리라고 한점전화업이 바로 온점 빼고는 제품은 만족스럽습니다.
쓰레기는 제기 버리라고 한점

전화업이 바로 온점 빼고는

제품은 만족스럽습니다.",3
45,하포스 HP 로망스 LED 침대 S,별점,"사용에 불편함 없고 매트리스도 짱짱해요헤드부분에 콘센트 있어서 좋습니다
사용에 불편함 없고 매트리스도 짱짱해요
헤드부분에 콘센트 있어서 좋습니다",5
46,하포스 HP 로망스 LED 침대 S,별점,"가격이 착하고 제 니즈에 거의 부합하는 침대입니다 매트리스는 짱짱하고 좋습니다. 기존에 있는 퀸사이즈침대랑 병렬해서 사용중인데 만족합니다
가격이 착하고 제 니즈에 거의 부합하는 침대입니다 매트리스는 짱짱하고 좋습니다. 기존에 있는 퀸사이즈침대랑 병렬해서 사용중인데 만족합니다",4
47,하포스 HP 로망스 LED 침대 S,별점,"배송이조금늦어아쉽지만 재품은 아들이 맘에들어하네요 잘쓰겠습니다~
배송이조금늦어아쉽지만 재품은 아들이 맘에들어하네요 잘쓰겠습니다~",4
48,하포스 HP 로망스 LED 침대 S,별점,"같이 온 매트리스가 쪼끔 딱딱하긴 한데 글두 괜찮은거같아요 잘쓸게여
같이 온 매트리스가 쪼끔 딱딱하긴 한데 글두 괜찮은거같아요 잘쓸게여",5
49,하포스 HP 로망스 LED 침대 S,별점,"설치도잘해주시고넘좋아요~^^나무냄새는좀나요~지나면괜찮아지겠죠~^^
설치도잘해주시고넘좋아요~^^나무냄새는좀나요~지나면괜찮아지겠죠~^^",5
50,하포스 HP 로망스 LED 침대 S,별점,"서랍식은 튼튼하지 않아서이 상품만 쭉 찾아다녔습니다가성비 좋아요
서랍식은 튼튼하지 않아서
이 상품만 쭉 찾아다녔습니다
가성비 좋아요",5
51,하포스 HP 로망스 LED 침대 S,별점,"침대 마음에 쏙 들어요~^ ^기사님도 웃는 얼굴로 설치하고 가셨습니다.
침대 마음에 쏙 들어요~^ ^
기사님도 웃는 얼굴로 설치하고 가셨습니다.",5
52,하포스 HP 로망스 LED 침대 S,별점,"배송 오래걸릴까봐 미리 시켰는데 서울 강남기준으로 1주일정도 걸려서 잘 받았습니다. 매트리스도 짱짱하고 좋습니다.
배송 오래걸릴까봐 미리 시켰는데 서울 강남기준으로 1주일정도 걸려서 잘 받았습니다. 매트리스도 짱짱하고 좋습니다.",5
53,하포스 HP 로망스 LED 침대 S,별점,"매트리스가 좀 딱딱하네요아이방이 너무 작다보니ㅜ 싱글주문했어요
매트리스가 좀 딱딱하네요
아이방이 너무 작다보니ㅜ 싱글주문했어요",5
54,하포스 HP 로망스 LED 침대 S,별점,"튼튼하고요 기사님도친절하셧어요. 저상형은 아니지만 일반침대보다 낮은듯 해서 마음에들어요
튼튼하고요 기사님도친절하셧어요. 저상형은 아니지만 일반침대보다 낮은듯 해서 마음에들어요",5
55,하포스 HP 로망스 LED 침대 S,별점,"설치기사분이 잘설치해주셨는데 헤드부분에 스위치가 고장이에요. 용인으로 들어오실때 수리해주시던 헤드교체해주시던 한다고 하는데 믿고 배송비드렸으니 꼭 수리던 교체던 해주세요. 감사히
설치기사분이 잘설치해주셨는데 헤드부분에 스위치가 고장이에요. 용인으로 들어오실때 수리해주시던 헤드교체해주시던 한다고 하는데 믿고 배송비드렸으니 꼭 수리던 교체던 해주세요. 감사히 잘 쓸게요",4
56,하포스 HP 로망스 LED 침대 S,별점,"처은에는 매트에서 냄새가 너무 심해서 아 잘못샀구나 했는데 지금 냄새 빠지고 나니 잘쓰고 있어요.
처은에는 매트에서 냄새가 너무 심해서 아 잘못샀구나 했는데 지금 냄새 빠지고 나니 잘쓰고 있어요.",5
57,하포스 HP 로망스 LED 침대 S,별점,"프레임이약간퀄이떨어지지만 깔끔하고이쁘네요 가격대비 좋인요
프레임이약간퀄이떨어지지만 깔끔하고이쁘네요 가격대비 좋인요",4
58,하포스 HP 로망스 LED 침대 S,별점,"냄새가 오래동안 안빠져서 고생 좀 했는데 그거 말고는 다 좋아용
냄새가 오래동안 안빠져서 고생 좀 했는데 그거 말고는 다 좋아용",4
59,하포스 HP 로망스 LED 침대 S,별점,"부재줌인데 기사님이 설치해주고 사진 보내주셨네요.감사합니다.
부재줌인데 기사님이 설치해주고 사진 보내주셨네요.
감사합니다.",5
60,하포스 HP 로망스 LED 침대 S,별점,"푹신한게 좋은데 다만 하단판이 두개가 자꾸 밀려서 어긋나네요
푹신한게 좋은데 다만 하단판이 두개가 자꾸 밀려서 어긋나네요",5
61,하포스 HP 로망스 LED 침대 S,별점,"매트리스가 좋아요 사용기간이 짧아 내구성은 아직 뮤르겟어요
매트리스가 좋아요 사용기간이 짧아 내구성은 아직 뮤르겟어요",5
62,하포스 HP 로망스 LED 침대 S,별점,"배송시간이 너무 늦어서 걱정하긴 했지만 가격대비 만족합니다
배송시간이 너무 늦어서 걱정하긴 했지만 가격대비 만족합니다",4
63,하포스 HP 로망스 LED 침대 S,별점,"학생용 침대로 사용할려고 구매했어요. 가격대비 만족합니다.
학생용 침대로 사용할려고 구매했어요. 가격대비 만족합니다.",5
64,하포스 HP 로망스 LED 침대 S,별점,"배송은 일주일 설치는 잘해주셨습니다 침대 폭신하고 이뻐요
배송은 일주일 설치는 잘해주셨습니다 침대 폭신하고 이뻐요",5
65,하포스 HP 로망스 LED 침대 S,별점,"부모님 시켜드렸는데 만족해하십니다배송전 연락주셔서 잘설치했습니다잘사용할께요
부모님 시켜드렸는데 만족해하십니다
배송전 연락주셔서 잘설치했습니다
잘사용할께요",5
66,하포스 HP 로망스 LED 침대 S,별점,"싱글이라 폭이 쫌 좁은데 이젠 적응이 어느정도 되었네요
싱글이라 폭이 쫌 좁은데 이젠 적응이 어느정도 되었네요",5
67,하포스 HP 로망스 LED 침대 S,별점,"친언니 자취 선물로 사줬는데 너무 좋아해요예쁘고 꿀잠~프레임 충전기 코드는 발열이 너무 심해서 못쓸듯해요ㅠ
친언니 자취 선물로 사줬는데 너무 좋아해요
예쁘고 꿀잠~
프레임 충전기 코드는 발열이 너무 심해서 못쓸듯해요ㅠ",5
68,하포스 HP 로망스 LED 침대 S,별점,"사진과 같이 동일하며 빠른 배송과 조립에 만족합니다.~~
사진과 같이 동일하며 빠른 배송과 조립에 만족합니다.~~",5
69,하포스 HP 로망스 LED 침대 S,별점,"설치하신거까지는 좋은데 박스는 그대로 두고 가셨나요?
설치하신거까지는 좋은데 박스는 그대로 두고 가셨나요?",3
70,하포스 HP 로망스 LED 침대 S,별점,"잘 사용하고있읍니다.프레임 스크레치 검수 잘해주세요.
잘 사용하고있읍니다.프레임 스크레치 검수 잘해주세요.",4
71,하포스 HP 로망스 LED 침대 S,별점,"마감질이 조금 어설프긴해도 싼가격에 잘 쓰고 있어요 !!
마감질이 조금 어설프긴해도 싼가격에 잘 쓰고 있어요 !!",4
72,하포스 HP 로망스 LED 침대 S,별점,"색상도 기능도 쿠션도 맘에 들어요. 냄새는 많이 납니다
색상도 기능도 쿠션도 맘에 들어요. 냄새는 많이 납니다",5
73,하포스 HP 로망스 LED 침대 S,별점,"깔끔하고 사이즈가 딱 좋아요..핸드폰 충전도 거뜬해요.
깔끔하고 사이즈가 딱 좋아요..핸드폰 충전도 거뜬해요.",5
74,하포스 HP 로망스 LED 침대 S,별점,"배송기간이약10일걸렸네요.제품은 가격대비 괜찮아여
배송기간이약10일걸렸네요.
제품은 가격대비 괜찮아여",4
75,하포스 HP 로망스 LED 침대 S,별점,"냄새도 안나고 너무 좋은데요? 싼값에 잘 샀어요ㅎㅎ
냄새도 안나고 너무 좋은데요? 싼값에 잘 샀어요ㅎㅎ",5
76,하포스 HP 로망스 LED 침대 S,별점,".침대가 페인트가 벗겨져서 왔네요.그냥 쓰고있어요.
.침대가 페인트가 벗겨져서 왔네요.그냥 쓰고있어요.",3
77,하포스 HP 로망스 LED 침대 S,별점,"가격대비 괜찮은거 같아요~~원룸에 쓰는데 좋네요~~
가격대비 괜찮은거 같아요~~
원룸에 쓰는데 좋네요~~",5
78,하포스 HP 로망스 LED 침대 S,별점,"매트리스는 조금 딱딱한데 타퍼올리면 멋지네요 ㅎ
매트리스는 조금 딱딱한데 타퍼올리면 멋지네요 ㅎ",5
79,하포스 HP 로망스 LED 침대 S,별점,"너무 만족해요 크기도크고 매트리스도 좋아요 강추
너무 만족해요 크기도크고 매트리스도 좋아요 강추",5
80,하포스 HP 로망스 LED 침대 S,별점,"가성비 좋은제품입니다 만족하며 사용하고 있어요
가성비 좋은제품입니다 만족하며 사용하고 있어요",5
81,하포스 HP 로망스 LED 침대 S,별점,"냄새는 조금나는데 하루이틀 지나니 좋아졌네요. 디자인도 기능도 좋습니다. 무엇보다 아이가 좋아하네요
냄새는 조금나는데 하루이틀 지나니 좋아졌네요. 디자인도 기능도 좋습니다. 무엇보다 아이가 좋아하네요",5
82,하포스 HP 로망스 LED 침대 S,별점,"가성비가 좋습니다 기대보다는 만족도가 높아요.
가성비가 좋습니다
기대보다는 만족도가 높아요.",5
83,하포스 HP 로망스 LED 침대 S,별점,"동생이 쓴다고 주문햇는대 높이도 갠찬고 이뻐요
동생이 쓴다고 주문햇는대 높이도 갠찬고 이뻐요",4
84,하포스 HP 로망스 LED 침대 S,별점,"우리딸아이가많이좋아하네요또주문하겠습니다
우리딸아이가많이좋아하네요
또주문하겠습니다",5
85,하포스 HP 로망스 LED 침대 S,별점,"딱 금액 만큼 하는거 같아요.마감이 별로인듯.
딱 금액 만큼 하는거 같아요.
마감이 별로인듯.",5
86,하포스 HP 로망스 LED 침대 S,별점,"친형과 같이 샀는데 가성비좋네요 만족합니다
친형과 같이 샀는데 가성비좋네요 만족합니다",5
87,하포스 HP 로망스 LED 침대 S,별점,"메트릭스 돈 추가해서 그런지 괜찮습니다.다만 램프밝기가 좀 약하지만 만족합니다
메트릭스 돈 추가해서 그런지 괜찮습니다.
다만 램프밝기가 좀 약하지만 만족합니다",5
88,하포스 HP 로망스 LED 침대 S,별점,"꼼꼼히 설치해 주시고 가성비 좋은 듯 합니다
꼼꼼히 설치해 주시고 가성비 좋은 듯 합니다",5
89,하포스 HP 로망스 LED 침대 S,별점,"주문 후 제품 도착까지 5일이 소요되었습니다
주문 후 제품 도착까지 5일이 소요되었습니다",3
90,하포스 HP 로망스 LED 침대 S,별점,"생각한 그대로예요~~ 배송은 맘에 안들어요
생각한 그대로예요~~ 배송은 맘에 안들어요",3
91,하포스 HP 로망스 LED 침대 S,별점,"배송은 느려서 좀 아쉬웠지만 만족합니다~
배송은 느려서 좀 아쉬웠지만 만족합니다~",5
92,하포스 HP 로망스 LED 침대 S,별점,"정상적인 배송과 설치를 잘해주셨습니다..
정상적인 배송과 설치를 잘해주셨습니다..",4
93,하포스 HP 로망스 LED 침대 S,별점,"좋아요.
좋아요.
깔끔하게 설치해주고 가셨습니다.",5
94,하포스 HP 로망스 LED 침대 S,별점,"저렴한 가격에 구매할 수 있어 좋았어요.
저렴한 가격에 구매할 수 있어 좋았어요.",5
95,하포스 HP 로망스 LED 침대 S,별점,"가성비가 맘에 들어요. 디자인 이쁘네요.
가성비가 맘에 들어요. 디자인 이쁘네요.",5
96,하포스 HP 로망스 LED 침대 S,별점,"가격대비 좋네요우선 아이가 좋아합니다
가격대비 좋네요
우선 아이가 좋아합니다",5
97,하포스 HP 로망스 LED 침대 S,별점,"기사님이 친절하게 설명을 잘 해주시고 가셨는데 제품자체가 약한거 같아여. 딱 그냥 그 가격인거 같아여
기사님이 친절하게 설명을 잘 해주시고 가셨는데 제품자체가 약한거 같아여. 딱 그냥 그 가격인거 같아여",4
98,하포스 HP 로망스 LED 침대 S,별점,"가격이 저렴해서기대안했는데 좋아요ㅎ
가격이 저렴해서
기대안했는데 좋아요ㅎ",5
99,하포스 HP 로망스 LED 침대 S,별점,"침대헤드의 수납공간을 잘 쓰고 있어요
침대헤드의 수납공간을 잘 쓰고 있어요",4
100,하포스 HP 로망스 LED 침대 S,별점,"일단 디자인이 세련되고led너무 이뻐용
일단 디자인이 세련되고led너무 이뻐용",5
101,하포스 HP 로망스 LED 침대 S,별점,"아버님 사드렸는데 넘 좋아하시네요!!
아버님 사드렸는데 넘 좋아하시네요!!",5
102,하포스 HP 로망스 LED 침대 S,별점,"가격생각하면 적절한 물건같습니다요
가격생각하면 적절한 물건같습니다요",4
103,하포스 HP 로망스 LED 침대 S,별점,"사이즈도 적당하고 누웠을때편안해요
사이즈도 적당하고 누웠을때편안해요",5
104,하포스 HP 로망스 LED 침대 S,별점,"바닥이랑 색깔도 잘 맞고 조아요ㅎㅎ
바닥이랑 색깔도 잘 맞고 조아요ㅎㅎ",5
105,하포스 HP 로망스 LED 침대 S,별점,"침대 넘 잘 산것 같아요 맘에 들어요~
침대 넘 잘 산것 같아요 맘에 들어요~",5
106,하포스 HP 로망스 LED 침대 S,별점,"침대도 이쁘고 친절하시고 좋습니다
침대도 이쁘고 친절하시고 좋습니다",5
107,하포스 HP 로망스 LED 침대 S,별점,"바닥조림이 쫌 어설프지만 괜찮네여
바닥조림이 쫌 어설프지만 괜찮네여",4
108,하포스 HP 로망스 LED 침대 S,별점,"디자인도 예쁘고 기성비 갑이네요 ^^
디자인도 예쁘고 기성비 갑이네요 ^^",5
109,하포스 HP 로망스 LED 침대 S,별점,"아이들 침대로 쓰고 있어요 애들이 일단 많이 편안해 하고요. 키도 크고 덩치가 좀 있는 아들이 쓰기에도 직다라는 느낌없이 잘쓰고 있어요
아이들 침대로 쓰고 있어요 애들이 일단 많이 편안해 하고요. 키도 크고 덩치가 좀 있는 아들이 쓰기에도 직다라는 느낌없이 잘쓰고 있어요",5
110,하포스 HP 로망스 LED 침대 S,별점,"재구매한 침대라서 침대는 가격대비 괜찮습니다.다만 배송이 많이 늦었네여,,
재구매한 침대라서 침대는 가격대비 괜찮습니다.
다만 배송이 많이 늦었네여,,",4
111,하포스 HP 로망스 LED 침대 S,별점,"가성비 좋은 제품. 디자인 이쁨. 끝.
가성비 좋은 제품. 디자인 이쁨. 끝.",5
112,하포스 HP 로망스 LED 침대 S,별점,"좋아요 설치기사님도 친절하셨어요
좋아요 설치기사님도 친절하셨어요",5
113,하포스 HP 로망스 LED 침대 S,별점,"매트리스 적당히 푹신하고 좋아요
매트리스 적당히 푹신하고 좋아요",3
114,하포스 HP 로망스 LED 침대 S,별점,"가성비 좋은 제품이라 항상 주문함
가성비 좋은 제품이라 항상 주문함",5
115,하포스 HP 로망스 LED 침대 S,별점,"괜찮네요. 아이들용 침대로 구입요
괜찮네요. 아이들용 침대로 구입요",5
116,하포스 HP 로망스 LED 침대 S,별점,"몇군데 흠이있어 점수 만이 못줘요
몇군데 흠이있어 점수 만이 못줘요",3
117,하포스 HP 로망스 LED 침대 S,별점,"ㄱㅏ성비 좋은 제품이라 항상 애용
ㄱㅏ성비 좋은 제품이라 항상 애용",5
118,하포스 HP 로망스 LED 침대 S,별점,"배송도 빠르고 제품도 만족합니다
배송도 빠르고 제품도 만족합니다",4
119,하포스 HP 로망스 LED 침대 S,별점,"배송이 생각보다 빠라서 좋았어요
배송이 생각보다 빠라서 좋았어요",4
120,하포스 HP 로망스 LED 침대 S,별점,"동생사줫어여.만족한다고합니다.
동생사줫어여.만족한다고합니다.",5
121,하포스 HP 로망스 LED 침대 S,별점,"배송은 예상보다 빨리 도착해서 좋았지만, 배송일정 상 하루전날에 연락받다보니 집에 안계시는 분들은 미리 확인하면 좋을 것 같아용ㅜㅜ! 제품은 생각보다 더 만족으럽습니다! 저렴한 가
배송은 예상보다 빨리 도착해서 좋았지만, 배송일정 상 하루전날에 연락받다보니 집에 안계시는 분들은 미리 확인하면 좋을 것 같아용ㅜㅜ! 제품은 생각보다 더 만족으럽습니다! 저렴한 가격에 깔끔하고 쓸만 합니다! ^^",5
122,하포스 HP 로망스 LED 침대 S,별점,"판매자와 소통이 안되서 불편함.
판매자와 소통이 안되서 불편함.",3
123,하포스 HP 로망스 LED 침대 S,별점,"만족할만합니다. 분위기좋아요.
만족할만합니다. 분위기좋아요.",5
124,하포스 HP 로망스 LED 침대 S,별점,"빠른 응대친철하고 감사합니다.
빠른 응대
친철하고 감사합니다.",4
125,하포스 HP 로망스 LED 침대 S,별점,"배송기사님 친철하시고 종아요
배송기사님 친철하시고 종아요",5
126,하포스 HP 로망스 LED 침대 S,별점,"생각했던것보다 이쁘고 좋네요
생각했던것보다 이쁘고 좋네요",4
127,하포스 HP 로망스 LED 침대 S,별점,"가성비 좋네요.. 마음에 들어오
가성비 좋네요.. 마음에 들어오",4
128,하포스 HP 로망스 LED 침대 S,별점,"사이즈나 그런건 좋은데 조명쪽 마감처리는 좀 별로예요 너덜너덜했어요
사이즈나 그런건 좋은데 조명쪽 마감처리는 좀 별로예요 너덜너덜했어요",3
129,하포스 HP 로망스 LED 침대 S,별점,"2개 주문해서 잘쓰고 있읍니다만,침대 상판에 스크래치가 2번째 모두 심했읍니다.완벽검수 부탁.
2개 주문해서 잘쓰고 있읍니다만,침대 상판에 스크래치가 2번째 모두 심했읍니다.완벽검수 부탁.",4
130,하포스 HP 로망스 LED 침대 S,별점,"좋으네요
좋으네요
부모님이 좋아하셔요",5
131,하포스 HP 로망스 LED 침대 S,별점,"rkrur가교ㅕㄱ대비 아주 좋아여
rkrur가교ㅕㄱ대비 아주 좋아여",5
132,하포스 HP 로망스 LED 침대 S,별점,"푹신하고 엄청 편해요 좋아요!
푹신하고 엄청 편해요 좋아요!",5
133,하포스 HP 로망스 LED 침대 S,별점,"방이 좁아서 조명을 놓기도 불편했는데 자기 전 안경 수납도 좋고 , 조명도 있어서 좋아요! ㅎㅎ 설치도 너무 친절하게 해주시구요! 매트리스도 푹신하구 조아용 후기가 늦었지만 감사합
방이 좁아서 조명을 놓기도 불편했는데 자기 전 안경 수납도 좋고 , 조명도 있어서 좋아요! ㅎㅎ 설치도 너무 친절하게 해주시구요! 매트리스도 푹신하구 조아용 후기가 늦었지만 감사합니다!",5
134,하포스 HP 로망스 LED 침대 S,별점,"그냥 그래요~냄새가 많이나요
그냥 그래요~냄새가 많이나요",3
135,하포스 HP 로망스 LED 침대 S,별점,"가격대비 괜찮아요. 튼튼해요
가격대비 괜찮아요. 튼튼해요",5
136,하포스 HP 로망스 LED 침대 S,별점,"아주좋습니다배송도빠르고요
아주좋습니다배송도빠르고요",5
137,하포스 HP 로망스 LED 침대 S,별점,"아니들이 사용하기 딱 좋아요
아니들이 사용하기 딱 좋아요",5
138,하포스 HP 로망스 LED 침대 S,별점,"불들어오고 가성비 좋습니다~
불들어오고 가성비 좋습니다~",4
139,하포스 HP 로망스 LED 침대 S,별점,"괜찮아요 근데 약해보이네요
괜찮아요 근데 약해보이네요",5
140,하포스 HP 로망스 LED 침대 S,별점,"매트리스도 편일하고 예뻐요
매트리스도 편일하고 예뻐요",5
141,하포스 HP 로망스 LED 침대 S,별점,"저렴하고 디자인이 이쁘네요
저렴하고 디자인이 이쁘네요",5
142,하포스 HP 로망스 LED 침대 S,별점,"사이즈도 적당하고 좋아요^^!
사이즈도 적당하고 좋아요^^!",5
143,하포스 HP 로망스 LED 침대 S,별점,"가격대비 매우 만족 합니다.
가격대비 매우 만족 합니다.",5
144,하포스 HP 로망스 LED 침대 S,별점,"제품 배송 모두 만족합니다.
제품 배송 모두 만족합니다.",5
145,하포스 HP 로망스 LED 침대 S,별점,"가성비좋은제품인거같아요
가성비좋은제품인거같아요",5
146,하포스 HP 로망스 LED 침대 S,별점,"너무 좋아요 잘 쓰겠습니다
너무 좋아요 잘 쓰겠습니다",5
147,하포스 HP 로망스 LED 침대 S,별점,"아이방에 쓰기 넘 좋아요~~
아이방에 쓰기 넘 좋아요~~",5
148,하포스 HP 로망스 LED 침대 S,별점,"지금까지 잘쓰고 있읍니다.
지금까지 잘쓰고 있읍니다.",4
149,하포스 HP 로망스 LED 침대 S,별점,"예쁘게 잘 사용하겠습니다.
예쁘게 잘 사용하겠습니다.",5
150,하포스 HP 로망스 LED 침대 S,별점,"상세설명 그대로인 상품임
상세설명 그대로인 상품임",4
151,하포스 HP 로망스 LED 침대 S,별점,"좋아요 깔끔해요 빠른배송
좋아요 깔끔해요 빠른배송",5
152,하포스 HP 로망스 LED 침대 S,별점,"쓸만합니다 잘 사용할게요
쓸만합니다 잘 사용할게요",5
153,하포스 HP 로망스 LED 침대 S,별점,"너무 이쁘고 좋아요! 만족
너무 이쁘고 좋아요! 만족",5
154,하포스 HP 로망스 LED 침대 S,별점,"가성비 좋고, 디자인 좋음
가성비 좋고, 디자인 좋음",4
155,하포스 HP 로망스 LED 침대 S,별점,"나쁜게 딱히 없어보여요!
나쁜게 딱히 없어보여요!",4
156,하포스 HP 로망스 LED 침대 S,별점,"아버님이 잘쓰고 있어요
아버님이 잘쓰고 있어요",4
157,하포스 HP 로망스 LED 침대 S,별점,"가격대비아주만족합니다
가격대비아주만족합니다",5
158,하포스 HP 로망스 LED 침대 S,별점,"배송도 빠르고 좋았어요.
배송도 빠르고 좋았어요.",4
159,하포스 HP 로망스 LED 침대 S,별점,"가성비 좋은 제품입니다
가성비 좋은 제품입니다",4
160,하포스 HP 로망스 LED 침대 S,별점,"배송도 빨라서 좋습니다
배송도 빨라서 좋습니다",4
161,하포스 HP 로망스 LED 침대 S,별점,"빠른배송 편해요 좋아요
빠른배송 편해요 좋아요",5
162,하포스 HP 로망스 LED 침대 S,별점,"침대가 편안하고 좋아요
침대가 편안하고 좋아요",5
163,하포스 HP 로망스 LED 침대 S,별점,"가격대비 쓰기 좋아요%~
가격대비 쓰기 좋아요%~",5
164,하포스 HP 로망스 LED 침대 S,별점,"좋습니다. 많이 파세요~
좋습니다. 많이 파세요~",5
165,하포스 HP 로망스 LED 침대 S,별점,"진짜 잘쓰고 있습니다!!
진짜 잘쓰고 있습니다!!",5
166,하포스 HP 로망스 LED 침대 S,별점,"재구매의사 100%입니다~
재구매의사 100%입니다~",5
167,하포스 HP 로망스 LED 침대 S,별점,"제품 깔끔하고 좋아요
제품 깔끔하고 좋아요",4
168,하포스 HP 로망스 LED 침대 S,별점,"제품 배송 만족합니다
제품 배송 만족합니다",5
169,하포스 HP 로망스 LED 침대 S,별점,"배송도 빠르고 좋네요
배송도 빠르고 좋네요",4
170,하포스 HP 로망스 LED 침대 S,별점,"이쁘고 가성비 좋아요
이쁘고 가성비 좋아요",5
171,하포스 HP 로망스 LED 침대 S,별점,"가성비 좋은 침대에요
가성비 좋은 침대에요",4
172,하포스 HP 로망스 LED 침대 S,별점,"편하게 잘쓰고 있네요
편하게 잘쓰고 있네요",5
173,하포스 HP 로망스 LED 침대 S,별점,"좋아요 잘쓰고 있어요
좋아요 잘쓰고 있어요",5
174,하포스 HP 로망스 LED 침대 S,별점,"잘 사용하겠습니다 ~~~
잘 사용하겠습니다 ~~~",3
175,하포스 HP 로망스 LED 침대 S,별점,"푹신하고 정말좋네요써보니 정말 좋더라고요사이즈도 맘에들고요담에 또 주문할께요
푹신하고 정말좋네요
써보니 정말 좋더라고요
사이즈도 맘에들고요
담에 또 주문할께요",5
176,하포스 HP 로망스 LED 침대 S,별점,"만족합니다,아이보리
만족합니다,아이보리",5
177,하포스 HP 로망스 LED 침대 S,별점,"아주조아요,아이보리
아주조아요,아이보리",5
178,하포스 HP 로망스 LED 침대 S,별점,"가성비최고에요 인정
가성비최고에요 인정",5
179,하포스 HP 로망스 LED 침대 S,별점,"굿입니다. 굿이에요.
굿입니다. 굿이에요.",5
180,하포스 HP 로망스 LED 침대 S,별점,"디자인이 이쁩니다.
디자인이 이쁩니다.",5
181,하포스 HP 로망스 LED 침대 S,별점,"20년은 쓸거같애요.
20년은 쓸거같애요.",5
182,하포스 HP 로망스 LED 침대 S,별점,"괜 찮 아요
괜 찮 아요",3
183,하포스 HP 로망스 LED 침대 S,별점,"새벽도착 했네요~~
새벽도착 했네요~~",4
184,하포스 HP 로망스 LED 침대 S,별점,"아주 좋습니다.....
아주 좋습니다.....",5
185,하포스 HP 로망스 LED 침대 S,별점,"초2 아들이 맘에들어 합니다.설치 빠르게 잘해줍니다.조명등 좋네요.상판 찍힘 하나있어서 별하나 뺏습니다.
초2 아들이 맘에들어 합니다.설치 빠르게 잘해줍니다.조명등 좋네요.상판 찍힘 하나있어서 별하나 뺏습니다.",4
186,하포스 HP 로망스 LED 침대 S,별점,"화면상 보여지는 것보다 좋았고요. 가격대비 가성비 짱이예요. 그리고 친절 배송 조립 너무 감사했어요
화면상 보여지는 것보다 좋았고요. 가격대비 가성비 짱이예요. 그리고 친절 배송 조립 너무 감사했어요",5
187,하포스 HP 로망스 LED 침대 S,별점,"너무 이뻐요!!디자인도 이쁘고 매트리스 또한 너무 좋아요~!
너무 이뻐요!!디자인도 이쁘고 매트리스 또한 너무 좋아요~!",5
188,하포스 HP 로망스 LED 침대 S,별점,"선물해줬는데 만족하네요~~가성비로는 만족합니다~
선물해줬는데 만족하네요~~가성비로는 만족합니다~",5
189,하포스 HP 로망스 LED 침대 S,별점,"배송도 빠르고 침대도 가격 대비 좋습니다 ㅎㅎ 냄새는 이틀정도 창문 열어두니 빠졌어요
배송도 빠르고 침대도 가격 대비 좋습니다 ㅎㅎ 냄새는 이틀정도 창문 열어두니 빠졌어요",5
190,하포스 HP 로망스 LED 침대 S,별점,"배송오기 전에 날짜, 시간 꼼꼼하게 체크하시고 신속하게 설치해 주셨어요 누웠는데 편하고 좋아요 감사합니다
배송오기 전에 날짜, 시간 꼼꼼하게 체크하시고 신속하게 설치해 주셨어요 누웠는데 편하고 좋아요 감사합니다",5
191,하포스 HP 로망스 LED 침대 S,별점,"사진이랑 똑 같습니다. 매트리스가 아주 맘에 듭니다
사진이랑 똑 같습니다. 매트리스가 아주 맘에 듭니다",4
192,하포스 HP 로망스 LED 침대 S,별점,"배송해주신분들도 너무친절하시고 기분좋게 좋은제품잘받았습니다.잘쓸께요
배송해주신분들도 너무친절하시고 기분좋게 좋은제품잘받았습니다.잘쓸께요",5
193,하포스 HP 로망스 LED 침대 S,별점,"깔끔하고 사진하고 똑같아요매트리스는 좀 딱딱해요그래도 조아요
깔끔하고 사진하고 똑같아요
매트리스는 좀 딱딱해요
그래도 조아요",5
194,하포스 HP 로망스 LED 침대 S,별점,"고객센타와 전화통화가 안되서 답답한거 빼고는 저렴하게 산것같네요.
고객센타와 전화통화가 안되서 답답한거 빼고는 저렴하게 산것같네요.",3
195,하포스 HP 로망스 LED 침대 S,별점,"가격대비 아주 좋네요 메트리스도 아주 좋아요
가격대비 아주 좋네요 메트리스도 아주 좋아요",4
196,하포스 HP 로망스 LED 침대 S,별점,"새가구냄새가 이제야좀 안나는듯하네요.
새가구냄새가 이제야좀 안나는듯하네요.",5
197,하포스 HP 로망스 LED 침대 S,별점,"애기침대로구입했는데 그냥 그냥 입니다
애기침대로구입했는데 그냥 그냥 입니다",4
198,하포스 HP 로망스 LED 침대 S,별점,"가성비 만족합니다배송기사님두 친절하시네요마니파세요~
가성비 만족합니다
배송기사님두 친절하시네요
마니파세요~",5
199,하포스 HP 로망스 LED 침대 S,별점,"배송기사님 너무친절하셔서 조앗어요침대도 좋습니다
배송기사님 너무친절하셔서 조앗어요
침대도 좋습니다",5
200,하포스 HP 로망스 LED 침대 S,별점,"배송두 빠르고
배송두 빠르고
뱅송기사님 친절해요
침대도 아주좋아요",5
201,하포스 HP 로망스 LED 침대 S,별점,"밝은나무색에 이어 어두운 색 재구매했습니다. 잘 쓰겠습니다
밝은나무색에 이어 어두운 색 재구매했습니다. 잘 쓰겠습니다",5
202,하포스 HP 로망스 LED 침대 S,별점,"배송도 빠르고 기사님이 친절하셔서 좋았습니다
배송도 빠르고 기사님이 친절하셔서 좋았습니다",5
203,하포스 HP 로망스 LED 침대 S,별점,"가격대비 잘산듯하구요배송기시남이친절하셔요
가격대비 잘산듯하구요
배송기시남이친절하셔요",3
204,하포스 HP 로망스 LED 침대 S,별점,"좋아요~~ 배송 기사님도 착하시고 좋슴다 ㅎ ㅎ
좋아요~~ 배송 기사님도 착하시고 좋슴다 ㅎ ㅎ",5
205,하포스 HP 로망스 LED 침대 S,별점,"배송빠르고 편안하고 기사님도 친절하십니다
배송빠르고 편안하고 기사님도 친절하십니다",5
206,하포스 HP 로망스 LED 침대 S,별점,"침대 부분부분 나무 까임이 너무 많네요..
침대 부분부분 나무 까임이 너무 많네요..",3
207,하포스 HP 로망스 LED 침대 S,별점,"배송기사님들이 잘 설치해주고 갔습ㄴ디ㅏ
배송기사님들이 잘 설치해주고 갔습ㄴ디ㅏ",5
208,하포스 HP 로망스 LED 침대 S,별점,"생각보다 더 튼튼하고 좋습니다.머리맡에 있는 등이 더할 나위없이 좋습니다
생각보다 더 튼튼하고 좋습니다.
머리맡에 있는 등이 더할 나위없이 좋습니다",5
209,하포스 HP 로망스 LED 침대 S,별점,"제품 좋고 배송기사님 친절하시네요
제품 좋고 배송기사님 친절하시네요",5
210,하포스 HP 로망스 LED 침대 S,별점,"그냥그냥 이가격에 만족합니다 ....
그냥그냥 이가격에 만족합니다 ....",5
211,하포스 HP 로망스 LED 침대 S,별점,"배송빨랐어요기사님 친절하셨구요전체적으로 맘에들어요가격대비 완전최고매트리스가 좀 움직이긴해요ㅎㅎ
배송빨랐어요
기사님 친절하셨구요
전체적으로 맘에들어요
가격대비 완전최고
매트리스가 좀 움직이긴해요ㅎㅎ",4
212,하포스 HP 로망스 LED 침대 S,별점,"이쁘네요 딸이 맘에들어하네요
이쁘네요 딸이 맘에들어하네요",5
213,하포스 HP 로망스 LED 침대 S,별점,"배송이 친절하고 빨랐습니다
배송이 친절하고 빨랐습니다",5
214,하포스 HP 로망스 LED 침대 S,별점,"배송기사님이 친절하시네요
배송기사님이 친절하시네요",4
215,하포스 HP 로망스 LED 침대 S,별점,"배송이 친절하고 빨랐어요
배송이 친절하고 빨랐어요",5
216,하포스 HP 로망스 LED 침대 S,별점,"기사님 친절..빠른배송..
기사님 친절..빠른배송..",5
217,하포스 HP 로망스 LED 침대 S,별점,"화면과 같습니다. 쓸만합니다
화면과 같습니다. 쓸만합니다",5
218,하포스 HP 로망스 LED 침대 S,별점,"원하던 사이즈며, 배송 해주신 분이 친절하게 잘 설치해주셨습니다.
원하던 사이즈며, 배송 해주신 분이 친절하게 잘 설치해주셨습니다.",4
219,하포스 HP 로망스 LED 침대 S,별점,"설치 기사들이 친절하게 설치해줬고견고하게 설치되어 감사
설치 기사들이 친절하게 설치해줬고
견고하게 설치되어 감사",5
220,하포스 HP 로망스 LED 침대 S,별점,"디자인도 이쁘고 튼튼해요.배송기사님이 친절하고 설치도 잘해주셨어요.배송은 일주일맘에 들어요.
디자인도 이쁘고 튼튼해요.배송기사님이 친절하고 설치도 잘해주셨어요.배송은 일주일맘에 들어요.",5
221,하포스 HP 로망스 LED 침대 S,별점,"물건도 좋았지만, 배송이 친절하고 좋았습니다.
물건도 좋았지만, 배송이 친절하고 좋았습니다.",5
222,하포스 HP 로망스 LED 침대 S,별점,"배송도 제품도 아주 만족합니다~ 조만간 동생 침대도 이 제품으로 바꿀거에요 감사합니다
배송도 제품도 아주 만족합니다~ 조만간 동생 침대도 이 제품으로 바꿀거에요 감사합니다",5
223,하포스 HP 로망스 LED 침대 S,별점,"잘받았습니다 배송기사님 친절하시고 설치잘해주셨습니다
잘받았습니다 배송기사님 친절하시고 설치잘해주셨습니다",5
224,하포스 HP 로망스 LED 침대 S,별점,"빠른배송에 배송기사님께서 친절히 조립해주고 가셨어요.
빠른배송에 배송기사님께서 친절히 조립해주고 가셨어요.",5
225,하포스 HP 로망스 LED 침대 S,별점,"배송 전 문의 드렸을때 답변도 친절히 해주시고 설치 기사님께서도 미리 연락 주시고 빠르고 세심하게 잘 설치 해주시고 친절하셨어요!! 정말 감사합니다.^^ 상품도 사진과 같고 만족
배송 전 문의 드렸을때 답변도 친절히 해주시고 설치 기사님께서도 미리 연락 주시고 빠르고 세심하게 잘 설치 해주시고 친절하셨어요!! 정말 감사합니다.^^ 상품도 사진과 같고 만족 스러워요~!",5
226,하포스 HP 로망스 LED 침대 S,별점,"배송기사님 넘 친절하시고 배송 빨라서 좋아요
배송기사님 넘 친절하시고 배송 빨라서 좋아요",5
227,하포스 HP 로망스 LED 침대 S,별점,"생각외로 빠른배송 감사합니다깔끔한게 이쁘네요매트리스는 한단계 높일걸 하는 생각이 듭니다 감사합니다
생각외로 빠른배송 감사합니다
깔끔한게 이쁘네요
매트리스는 한단계 높일걸 하는 생각이 듭니다 감사합니다",5
228,하포스 HP 로망스 LED 침대 S,별점,"배송기사님이 친절하시고 좋으시네요.. 제품보단 배송기사님땜에 별점추가
배송기사님이 친절하시고 좋으시네요.. 제품보단 배송기사님땜에 별점추가",5
229,하포스 HP 로망스 LED 침대 S,별점,"너무좋아요 신세계♡♡♡♡
너무좋아요 신세계♡♡♡♡",5
230,하포스 HP 로망스 LED 침대 S,별점,"좋아요좋어요좋아요좋
좋아요좋어요좋아요좋",5
231,하포스 HP 로망스 LED 침대 S,별점,"좋아요좋아요좋아요좋아요
좋아요좋아요좋아요좋아요",5
