﻿,type,category,review,star
1,한샘 그루 데이베드 원목 침대 SS,별점,"후기 사진이 한 장 이상 안올라가네요 (아쉽)약속된
후기 사진이 한 장 이상 안올라가네요 (아쉽)약속된 날짜에 예상보다 살짝 일찍 도착해주셨어요. 아기가 있어 걱정했는데 두 기사님 마스크 쓰고 재빠른 설치 후 침대 위치도 꼼꼼히 묻고 쓰레기도 깨끗이 수거해가주셨어요~원래 범퍼침대 썼는데 아기 들어올렸다 내렸다, 아주 허리랑 도가니가 절단날 것 같아서 ㅋㅋ 사실 범퍼침대가 더 저렴한 것도 아닌데, 그거 살 돈이면 처음부터 좀 더 주고 아기침대 사라고 예비맘들에게 널리 알리고 싶네요!!여튼 곧 300일을 앞둔 아기 침대로 몇날몇일 검색과 고민을 거듭하다 한샘 그루 데이베드로 결정했어요. 세일 마감이 얼마 안남았다고 떠서 급히 주문했는데 다른 몰이 좀 더 저렴해서 마상ㅠㅠ 매트리스 냄새는 일주일 넘게 빼도 살짝 남았지만 엄빠의 뼈관절 건강에 넘 만족해요",5
2,한샘 그루 데이베드 원목 침대 SS,별점,"이제 세 살 된 아이 침대용으로 구입
이제 세 살 된 아이 침대용으로 구입했어요. 유아침대 전용으로 나온 것들은 디자인이 귀엽긴 하지만 오래 쓰기는 좀 어려울 것 같아서 제일 무난하게 오래 쓸 수 있고 원목으로 나온 걸 선택했습니다. 가격도 원목 침대 프레임인 것을 고려하면 꽤 저렴한 편이고, 매트리스를 고를 수 있구요. 슈퍼싱글 사이즈라서 어른 한명, 아이 한명 누워도 충분히 괜찮고 아이들 미취학일 땐 두 명 같이 재울 수 있는 사이즈에요. 어른 침대가 기존에 원목 퀸 사이즈라 옆에 붙였는데 잘 어울리네요.",5
3,한샘 그루 데이베드 원목 침대 SS,별점,"침대프레임은 아주 맘에 들어요크기는 생각보단 컸지만 그래도 적당하고 넉넉해서 아이 클 때까지 쓸 수 있을 것 같아요가격에 비해 프레임도 견고하고 디자인도 심플해서 너무 이쁘네요근데
침대프레임은 아주 맘에 들어요
크기는 생각보단 컸지만 그래도 적당하고 넉넉해서 아이 클 때까지 쓸 수 있을 것 같아요
가격에 비해 프레임도 견고하고 디자인도 심플해서 너무 이쁘네요
근데 기본으로 포함된 매트리스는 싸서 그런지 역시 좀 딱딱해요 스프링소리도 많이 나구요
그치만 못잘 정도로 불편한건 아니예요
좀 쓰다가 다음에 걸로 바꿔주려구요",4
4,한샘 그루 데이베드 원목 침대 SS,별점,"일단 옆으로 안떨어지게 막는 용도에서 구매했는데 매
일단 옆으로 안떨어지게 막는 용도에서 구매했는데 매트리스가 더 맘에 드는 제품..너무 푹신하지않으면서 탄탄한? 확실히 잠이 잘와요~ 그리고 제 코가 둔한건지 다른분들 후기처럼 냄새 나는지 모르겠더라구요배송시간 딱맞춰 오신 시공기사님도 더운데 설치하느라 감사했습니다~",5
5,한샘 그루 데이베드 원목 침대 SS,별점,"좋아요
생각보다크네요.소파대신깔끔하게거실에놓으려고화이트로구매했어요.근데침대연결하는큰나사도막을수있었으면좋았을것같아요.살짝눈에거슬리네요.먼지도낄것같구요.그리고침대중앙에다리두개가있어지지해주고,기본매트리스라좀딱딱하긴하지만,생각보다는괜찮아요.원하는날에배송이되는건좋았고,냄새가심하지않아바로사용했어요",4
6,한샘 그루 데이베드 원목 침대 SS,별점,"아이가 너무 좋아하네요~ 초등학교 입학선물로 사주기
아이가 너무 좋아하네요~ 초등학교 입학선물로 사주기로 한건데 조금 늦어지긴했지만,,,ss사이즈라 오랫동안 쓸 수 있을 것 같아요~ 디자인도 깔끔하니 예뻐요~~ 다만 조금 약해보여 걱정이긴한데,,, 한샘이니까 믿고 쓰는거죠^^ 약속한 시간에 딱 맞춰 시공해주셔서 편하게 잘 받았네요^^",5
7,한샘 그루 데이베드 원목 침대 SS,별점,"데이베드 3년전 구입하고 또 구입했어요무난하게 잘씁니다 다만 매트리스가 많이 흔들리고 딱딱해요 아이들에겐 약간 하드한게 좋다고하니 좀 쓰다 교체해줄 생각입니다프레임자체가 찍힘잘생기
데이베드 3년전 구입하고 또 구입했어요
무난하게 잘씁니다 다만 매트리스가 많이 흔들리고 딱딱해요 아이들에겐 약간 하드한게 좋다고하니 좀 쓰다 교체해줄 생각입니다
프레임자체가 찍힘잘생기거나 흔들림이 있는편입니다 모서리부분이 둥글둥글한게 맘에 들고요
설치후 새 가구 냄새가 좀 났어요
설치해주신 기사분도 정말친절하셨고요",5
8,한샘 그루 데이베드 원목 침대 SS,별점,"아기가 바닥에있는 범퍼침대에서 안자려고해서 침대
아기가 바닥에있는 범퍼침대에서 안자려고해서 침대 샀어요 ! 커서도 쓸수있게 화이트색상으로 해서 골랐는데 넘 이뻐요 ! 같이 주문한 범퍼가드랑 방수패드, 롱쿠션은 여태 안오고 있네요...ㅠㅠ 그래서 이전에 쓰던 범퍼침대에 있는 가드로 막아놓고 있어요. 지금은 침대위치가 바뀌긴 했지만, 얼른 나머지들도 왔으면 좋겠네요ㅠ 어쨌든 넘 맘에 들어요~!",5
9,한샘 그루 데이베드 원목 침대 SS,별점,"너무만족해요
부부침대랑 같이 붙여서 쓰고싶고
아이가 같
너무만족해요
부부침대랑 같이 붙여서 쓰고싶고
아이가 같이 누워있길 원하기로 할것 같아서
다른 브랜드껀 하중도 낮고 빗살인데
이건 150키로까지견디고 통으로 되어서
매우좋은것 같아요
백프로

기존 쓰던 토퍼를 가드겸 침대사이 공간을 붙이는 용도로쓰니 알맞네오",5
10,한샘 그루 데이베드 원목 침대 SS,별점,"패밀리침대처럼 딱 붙여서 사용하려고 고민엄청했어요
패밀리침대처럼 딱 붙여서 사용하려고 고민엄청했어요. 매트리스가 프레임안쪽으로 들어갈거 계산해서 퀸이랑 똑같은높이 맞추려 매트리스까지 똑같은걸로 했는데..사이즈표를 제가 잘못이해했나봐요. 계산한것보다 3센치정도 높아요..^^; 그래도 아주 만족해요. 아이도 너무 좋아하고요.",5
11,한샘 그루 데이베드 원목 침대 SS,별점,"그 동안 왜 고민했는지 모르겠네요. 심플한 디자인에 소파와 베드 두가지로 사용할 수 있을거 같아요. 딸아...
그 동안 왜 고민했는지 모르겠네요.심플한 디자인에 소파와 베드 두가지로 사용할 수 있을거 같아요.딸아이가 매우 좋아합니다. 냄새도 전혀 안나고요. 설치 기사분들도 친절하게 설치해주시고 가셨습니다. 단 화이트라기 보다는 연베이지색 같아요. 참고하세요.",5
12,한샘 그루 데이베드 원목 침대 SS,별점,"부부침대와 같이 붙여 사용중인데 넘 만족합니다.가드
부부침대와 같이 붙여 사용중인데 넘 만족합니다.가드가 낮아 범퍼 주문했는데 설치하면 더 이쁠 것 같아요30개월인데 난간을 넘거나 하진않아요첨엔 불안했지만 엄마가 가드쪽에서 자고 아기를 안쪽에서 재우니 잘 자네요안전위해 바닥매트리스 생활하다 구매했는데 아기도 좋아하고 구매하길 잘 한것같아요",4
13,한샘 그루 데이베드 원목 침대 SS,별점,"백만원대의고가제품과 고민하다가 딸아이의 선택으로 결정된 한샘 받아보니왜고민했나 싶을만큼 괜찮네요~ 다만 인스타용감성사진찍기엔 부족함이 있지만 상품의 품질면과 설치기사님의친절함 무엇
백만원대의고가제품과 고민하다가 딸아이의 선택으로 결정된 한샘 받아보니왜고민했나 싶을만큼 괜찮네요~ 다만 인스타용감성사진찍기엔 부족함이 있지만 상품의 품질면과 설치기사님의친절함 무엇보다 한샘이라는 브랜드를 믿게되네요",5
14,한샘 그루 데이베드 원목 침대 SS,별점,"프레임 도장 상태가 깔끔하고 나무색이 대체적으로 밝아서 좋습니다. 가드 높이가 적당해서 어린 자녀들이 침대 아래로 떨어지는 일은 없습니다. 초등저학년 첫 침대로 구입했는데 고등학생
프레임 도장 상태가 깔끔하고 나무색이 대체적으로 밝아서 좋습니다. 가드 높이가 적당해서 어린 자녀들이 침대 아래로 떨어지는 일은 없습니다. 초등저학년 첫 침대로 구입했는데 고등학생이 될 때까지 쓸 수 있을 것 같습니다. 친절한 설치기사님 덕분에 만족도가 더 좋았습니다.",5
15,한샘 그루 데이베드 원목 침대 SS,별점,"심플하고 통깔판이 마음에 들어요
기사님 시간배정도 잘맞
심플하고 통깔판이 마음에 들어요
기사님 시간배정도 잘맞춰주시고
개인적으로 토퍼를 깔았더니 좀 높은감은 있네요
그당시 그냥 토퍼말고 침대를 살것을...ㅜㅜ
아이만족도 높아요
침대이불도 사야하는데 미처구입을 못했네요 ㅋ",5
16,한샘 그루 데이베드 원목 침대 SS,별점,"최고예요
첫애 쓰고 있었고, 만족해서 둘째도 같은 것으로 주문했어요다른 스타일로도 고민 많이했으나 결론은 한샘으로^^배송 지정 날짜에 시간 맞추셔서 잘 오셨고, 기사분 최고도 친절하십니다매트리스 올리기전에 싹 프래임 다 닦아주시고 올려주셨네요.예전에 쓰던것도 프레임 나사 말씀도 안드렸는데 꽉 쪼아 주시고 가셨어요",5
17,한샘 그루 데이베드 원목 침대 SS,별점,"다른 브랜드와 고민하다가 구매했어요. 비오는 날 배송이
다른 브랜드와 고민하다가 구매했어요. 비오는 날 배송이 되어 걱정을 했는데요 잘 배송되었어요. 설치 기사님 설치공간이 타이트해서 힘드셨을텐데 잘 설치해주셨고요. 다리부분 미끄럼 방지 스티커 붙여주시고, 가드부분 안쪽 나사 조이는곳 고무 패킹으로 막아주셨어요. 하중은 150kg까지이나 성인이 올라가면 삐끄덕 소리가 나긴하네요ㅜㅜ 초등학교 졸업때까지 탈없이 잘쓰고싶네요",3
18,한샘 그루 데이베드 원목 침대 SS,별점,"아이가 어린데 함께 잘려고 주문했어요
아이가 어린데 함께 잘려고 주문했어요 매트리스는 아이가 크면서 바꿔줄려고 적당한걸로 했더니 좀 불편하네요 좋은걸로 사서 케어 받으며 오래 쓰는것도 좋을꺼 같아요 그리고 함께주문한 범퍼는 좋은데 롱쿠션은 길이가 좀 짧아서 그 사이에 다른걸 또 맞춰야 해요 길이가 침대 길이만큼 이였으면 좋았을꺼 같아요",4
19,한샘 그루 데이베드 원목 침대 SS,별점,"설치하고 냄새가 심하긴 했지만, 삼일정도 지나니 어느 정도 빠지더라고요~ 침대 예쁘고 노뜨 매트리스도 탄탄하여 편안합니다. 푹신하면 허리가 아픈데 이 매트리스는 탄탄하면서도 쿠션감
설치하고 냄새가 심하긴 했지만, 삼일정도 지나니 어느 정도 빠지더라고요~ 침대 예쁘고 노뜨 매트리스도 탄탄하여 편안합니다. 푹신하면 허리가 아픈데 이 매트리스는 탄탄하면서도 쿠션감이 있다고 해야할지.. 지지를 잘해주는 것 같아요. 만족하며 쓰고 있습니다.",4
20,한샘 그루 데이베드 원목 침대 SS,별점,"슈퍼싱글이라 딸래미랑 둘이 눕기엔 좁을것같아 맘을 비우
슈퍼싱글이라 딸래미랑 둘이 눕기엔 좁을것같아 맘을 비우고있었는데 웬일~
생각보다 넓~어요 그래서 둘이 어제 설치하고 하루잤어요~ 깔끔하고 높이도 생각보다 높은편이에요
사진만 보고 고민하시는분들 애랑 둘이 충분히 누울수있어요~",5
21,한샘 그루 데이베드 원목 침대 SS,별점,"배송기간이너무뒤라서 애기낳고 받았어요 ㅋㅋ 잠시조리원에서 탈출해서봤는데 설치하시는분이 친절하고 좋으셨어요 고무패킹같은거 처리해서 요새 라지킹침대에 등받이처럼해서 앉아있는데안밀려요
배송기간이너무뒤라서 애기낳고 받았어요 ㅋㅋ 잠시조리원에서 탈출해서봤는데 설치하시는분이 친절하고 좋으셨어요 고무패킹같은거 처리해서 요새 라지킹침대에 등받이처럼해서 앉아있는데안밀려요 막깨지고이런글있던데ㅡ전다르네요 만족이요",5
22,한샘 그루 데이베드 원목 침대 SS,별점,"배송 기사님도 친절하시고 화이트 워시 색상 구매했는...
배송 기사님도 친절하시고 화이트 워시 색상 구매했는데

사진속 색상 보다 흐려요.

화이트 워시 색상은 상품평에 호불호가 있는것 같아 솔직히 배송 오기전까지 취소해야하나 많이 망설였는데 받아보니 괜찮아요.

근데 화이트 색상이 진하진 않아요~

구매하실분들 색상 참고하시라고 사진 올려요.

구매하실때 참고하세요!

그래도 ^^",5
23,한샘 그루 데이베드 원목 침대 SS,별점,"시몬스침대옆에 데이베드 설치했어요설치기사님도 친절하시고 침대도 튼튼하니 좋아요.냄새가 좀나서 며칠 환기는 시켜야할거같아요/시몬스 부부침대랑 데이베드사이에 틈이 좀있지만 방수커버랑
시몬스침대옆에 데이베드 설치했어요
설치기사님도 친절하시고 침대도 튼튼하니 좋아요.
냄새가 좀나서 며칠 환기는 시켜야할거같아요/
시몬스 부부침대랑 데이베드사이에 틈이 좀있지만 방수커버랑 매트커버 씌우믄 좀나을거같네요.",5
24,한샘 그루 데이베드 원목 침대 SS,별점,"아기랑 같이자는데 제가 편히 자려고 미리 샀어요~생각보다 튼튼한것같고아기 뒤집기시작하거나하면 범퍼가드는 둘러야할꺼같아요-!킹사이즈옆에 둔거고 아이가 클때까지 쓰기좋겠어요~
아기랑 같이자는데 제가 편히 자려고 미리 샀어요~
생각보다 튼튼한것같고
아기 뒤집기시작하거나하면 범퍼가드는 둘러야할꺼같아요-!
킹사이즈옆에 둔거고 아이가 클때까지 쓰기좋겠어요~",5
25,한샘 그루 데이베드 원목 침대 SS,별점,"원하는 날짜 조정해서 잘 맞춰주셨고친구 출산 선물로 보내줬는데 원래 갖고 싶던거라 그런지 엄청 만족 하네요 ! 아기들한테는 노뜨 컴포트가 좋대요
원하는 날짜 조정해서 잘 맞춰주셨고
친구 출산 선물로 보내줬는데 원래 갖고 싶던거라 그런지 엄청 만족 하네요 ! 아기들한테는 노뜨 컴포트가 좋대요",5
26,한샘 그루 데이베드 원목 침대 SS,별점,"곧 태어날 아가를 위해 미리 큰 침대로 장만했어요 프레...
곧 태어날 아가를 위해 미리 큰 침대로 장만했어요
프레임 나무 상태는 좋은 것 같고 매트리스는 적당하게 하드해요
화이트워시 색상으로 했는데 개인적으로 더 화이트 색상이였음 하는 아쉬움은 남네요 ㅎ",5
27,한샘 그루 데이베드 원목 침대 SS,별점,"패밀리침대처럼쓰려고 샀는데 만족스럽네
패밀리침대처럼쓰려고 샀는데 만족스럽네요. 매트리스가 하드한편인데 아이가 어려서 더 좋은것같습니다. 허리아픈 저도 오히려 잠을 아기침대에서더 잘잤네요.",5
28,한샘 그루 데이베드 원목 침대 SS,별점,"원하는 날짜에 잘 맞춰서 받았습니다.기존 침대와 약간의 공간이 생기긴 하지만 높이가 잘 맞고 아이들이 매우 좋아하네요
원하는 날짜에 잘 맞춰서 받았습니다.
기존 침대와 약간의 공간이 생기긴 하지만 높이가 잘 맞고 아이들이 매우 좋아하네요",5
29,한샘 그루 데이베드 원목 침대 SS,별점,"만족하고 사용합니다, 삐그덕 소리가 난다는 후기가 많아서 걱정했는데, 배송기사분이 잘 설치해주셨는지 그런거 없어요.
만족하고 사용합니다, 삐그덕 소리가 난다는 후기가 많아서 걱정했는데, 배송기사분이 잘 설치해주셨는지 그런거 없어요.",5
30,한샘 그루 데이베드 원목 침대 SS,별점,"2016년에 큰 아이(5살) 침대로 구매했었는데 올해 하
2016년에 큰 아이(5살) 침대로 구매했었는데 올해 하나 더 구매해서 남매 침실로 꾸며주었습니다. 둘이 잘 자고 있어요. 아이들 가구를 한샘으로 다 맞추게 되네요.",5
31,한샘 그루 데이베드 원목 침대 SS,별점,"시공기사님이 친절하게 잘 설치해주셨고출산준비로 선
시공기사님이 친절하게 잘 설치해주셨고출산준비로 선택한 아기침대인데 정말 마음에 드네요저희 침대랑 높이도 맞아서 딱 좋아요아기가 꿀잠 자주길요~^^",5
32,한샘 그루 데이베드 원목 침대 SS,별점,"작년에 사용했던제품이라 믿고 구매했는데 매트리스에서 냄새가 너무 나서 지금 엄청 실망중이네요.ㅜ비추입니다.
작년에 사용했던제품이라 믿고 구매했는데 매트리스에서 냄새가 너무 나서 지금 엄청 실망중이네요.ㅜ
비추입니다.",1
33,한샘 그루 데이베드 원목 침대 SS,별점,"원하는 날짜와 시간에 맞춰서 친절하게 설치해주셨어요.생각보다 옮기기도 쉬워서 아기가 좀 크면 아기방으로 잘 옮길 수 있을 것 같아요~!
원하는 날짜와 시간에 맞춰서 친절하게 설치해주셨어요.
생각보다 옮기기도 쉬워서 아기가 좀 크면 아기방으로 잘 옮길 수 있을 것 같아요~!",5
34,한샘 그루 데이베드 원목 침대 SS,별점,"튼튼하니 사진보다 더 이뻐요가구 냄새도 많이 안나고
튼튼하니 사진보다 더 이뻐요가구 냄새도 많이 안나고 아들이 너무 좋아하네요설치도 잘해주시고 감사합니다",5
35,한샘 그루 데이베드 원목 침대 SS,별점,"아기침대로 쓰려고 구매했어요. 부부침대 매트리스랑 비교하면 푹 들어가는 편이지만 나름 탄탄해요. 저렴히 쓰기 좋은거같아요
아기침대로 쓰려고 구매했어요. 부부침대 매트리스랑 비교하면 푹 들어가는 편이지만 나름 탄탄해요. 저렴히 쓰기 좋은거같아요",4
36,한샘 그루 데이베드 원목 침대 SS,별점,"가드가 울렁울렁해요..흠..무탈하게 잘사용해야할텐데..매트리스도..흠..스프링소리가나요..그리고 매트리스가작은건지..놓이는공간이 일부러여유있게나오는건지 딱안맞아요 공간이남아요 그사
가드가 울렁울렁해요..흠..무탈하게 잘사용해야할텐데..매트리스도..흠..스프링소리가나요..그리고 매트리스가작은건지..놓이는공간이 일부러여유있게나오는건지 딱안맞아요 공간이남아요 그사이먼지가..",3
37,한샘 그루 데이베드 원목 침대 SS,별점,"후기보고주문했는데만족합니다~냄새도안나
후기보고주문했는데만족합니다~냄새도안나고디자인깔끔해요.설치기사님들도친절하시고30분내로설치잘해주시고가셨어요.잘사용하겠습니다~~^^",5
38,한샘 그루 데이베드 원목 침대 SS,별점,"가격대비 만족해요... 고민고민 하다
가격대비 만족해요... 고민고민 하다 후기 보고 구매 했는데... 잘 한거 같아요... 배송기사님 두 분이 오셨는데.. 생각보다 빨리 끝났어요.. 뒷정리도 잘 해주셨어요...",4
39,한샘 그루 데이베드 원목 침대 SS,별점,"큰아이가 6년째 이제품을 사용중인데 맘에 들어서 둘째도 같은 침대로 구매했어요. 싸고 튼튼해요~
큰아이가 6년째 이제품을 사용중인데 맘에 들어서 둘째도 같은 침대로 구매했어요. 싸고 튼튼해요~",5
40,한샘 그루 데이베드 원목 침대 SS,별점,"생각보다 큰느낌이라 놀랐어요~^^기사
생각보다 큰느낌이라 놀랐어요~^^기사님 너무 친절하시고 마무리도 깔끔하게 해주셔서 너무좋았답니다~아이들이 너무좋아하네요~둘째 침대도 그루로 해줘야겠어요^^",5
41,한샘 그루 데이베드 원목 침대 SS,별점,"이거 튼튼하다고 후기쓴사람 뭔가요?약합니다..손으로밀면 흔들흔들 합니다..게다가 중간깔판이 원목이아닌 mdf네요..한샘에서 이렇게 허접한걸 팔다니~
이거 튼튼하다고 후기쓴사람 뭔가요?
약합니다..손으로밀면 흔들흔들 합니다..
게다가 중간깔판이 원목이아닌 mdf네요..
한샘에서 이렇게 허접한걸 팔다니~",1
42,한샘 그루 데이베드 원목 침대 SS,별점,"날짜지정도 쉽게 할 수 있어서 편리했어요 설치 기사님도 친절하고 방 분위기랑 잘 어울리네요
날짜지정도 쉽게 할 수 있어서 편리했어요 설치 기사님도 친절하고 방 분위기랑 잘 어울리네요",5
43,한샘 그루 데이베드 원목 침대 SS,별점,"4세 여아랑 엄마가 같이잘수잇어요~~ 부서지지않는다...
4세 여아랑 엄마가 같이잘수잇어요~~ 부서지지않는다면 성인될때까지도 쓸수있는 크기입니다",5
44,한샘 그루 데이베드 원목 침대 SS,별점,"아직 저학년이라 저렴한 침대로 구맹
아직 저학년이라 저렴한 침대로 구맹
아이 혼자 자기 좋네요. 매트리스도 그럭저럭 괜찮아요.",4
45,한샘 그루 데이베드 원목 침대 SS,별점,"예쁘고 튼튼해요. 나무향도 은은하게퍼지고, 매트리스도 너무 푹신하지도,단단하지도 않고,적당한 탄력감으로 편하네요. 맘에들어요.~~
예쁘고 튼튼해요. 나무향도 은은하게
퍼지고, 매트리스도 너무 푹신하지도,
단단하지도 않고,적당한 탄력감으로
편하네요. 맘에들어요.~~",5
46,한샘 그루 데이베드 원목 침대 SS,별점,"원하는 날짜에 배송 설치는 아주 만족 합니다.하지만
원하는 날짜에 배송 설치는 아주 만족 합니다.하지만 시간은 아쉬운 부분이 있습니다.협의가 아닌 일방적인 시간을 잡는거에 대해 아쉽네요",5
47,한샘 그루 데이베드 원목 침대 SS,별점,"사실 색상이 더 하얬으면 좋았겠지만 나무다보니 최선
사실 색상이 더 하얬으면 좋았겠지만 나무다보니 최선인 것 같아요 아이는 매우 좋아합니다",5
48,한샘 그루 데이베드 원목 침대 SS,별점,"아기가 크면서 침대구입했는데 나무 냄새도 안나고 매트리스도 적당히 단단한 느낌이에요.
아기가 크면서 침대구입했는데 나무 냄새도 안나고 매트리스도 적당히 단단한 느낌이에요.",5
49,한샘 그루 데이베드 원목 침대 SS,별점,"그냥저냥 잘 쓰고있어요ㅋ예전구매한거랑 완전 같은 색은 아니지만괜찮게 사용중이랍니다
그냥저냥 잘 쓰고있어요ㅋ
예전구매한거랑 완전 같은 색은 아니지만
괜찮게 사용중이랍니다",5
50,한샘 그루 데이베드 원목 침대 SS,별점,"이사하면서 7살아들 첫 침대로 �
이사하면서 7살아들 첫 침대로 구입했어요~색깔도 사용감도 좋고..무엇보다 아들이 마음에들어해요~슈퍼싱글사이즈라 아들과 둘이 누워도 충분해요",5
51,한샘 그루 데이베드 원목 침대 SS,별점,"전체적으로 만족스럽습니당^^딸아이쓸거라매트리...
전체적으로 만족스럽습니당^^

딸아이쓸거라

매트리스도 단단하고

냄새는 좀 났지만~",5
52,한샘 그루 데이베드 원목 침대 SS,별점,"기사님 두분이 오셔서 후딱 해주셨어요친절하시고 제품도 맘에들어요거실쇼파없애거 침대 들이니 너무 좋으네요
기사님 두분이 오셔서 후딱 해주셨어요
친절하시고 제품도 맘에들어요
거실쇼파없애거 침대 들이니 너무 좋으네요",5
53,한샘 그루 데이베드 원목 침대 SS,별점,"배송 잘왔고 설치도 설치 잘해주셨어요. 제품도 괜찮아보였어요. 매트리스도 싼거지만 나쁘지 않네요. 찍힘자국이 하나 있어서 그건 교환해주신다고 하네요~ 제품은 만족해요
배송 잘왔고 설치도 설치 잘해주셨어요. 제품도 괜찮아보였어요. 매트리스도 싼거지만 나쁘지 않네요. 찍힘자국이 하나 있어서 그건 교환해주신다고 하네요~ 제품은 만족해요",5
54,한샘 그루 데이베드 원목 침대 SS,별점,"설치 잘해주시고 가셨어요 가성비 괜찮긴 한데 약하긴 하네요 딱 가격만큼이에여 ㅎㅎ
설치 잘해주시고 가셨어요 가성비 괜찮긴 한데 약하긴 하네요 딱 가격만큼이에여 ㅎㅎ",4
55,한샘 그루 데이베드 원목 침대 SS,별점,"이가격에 이정도 퀄리티면 거저죠~틀이 흔들린다던 리뷰를 봤는데, 조립 튼튼하게 해주셨어요. 손으로 잡고 흔들었는데 튼튼하다는 느낌이었어요. 잘쓸게요 아이가 좋아하겠어용~
이가격에 이정도 퀄리티면 거저죠~
틀이 흔들린다던 리뷰를 봤는데, 조립 튼튼하게 해주셨어요. 손으로 잡고 흔들었는데 튼튼하다는 느낌이었어요. 잘쓸게요 아이가 좋아하겠어용~",5
56,한샘 그루 데이베드 원목 침대 SS,별점,"가성비 좋은 제품인거 같아요 좀더 빨리 살걸 후회되네요~^^만족하며 쓰고 있습니다.
가성비 좋은 제품인거 같아요 좀더 빨리 살걸 후회되네요~^^만족하며 쓰고 있습니다.",4
57,한샘 그루 데이베드 원목 침대 SS,별점,"이 가격에 이렇게 구성 된걸 구입할
이 가격에 이렇게 구성 된걸 구입할 수 있어서 이xx 보다 훨 좋네요. 설치도 공짜 배송도 공짜. 한샘에 푹 빠졌습니다.",5
58,한샘 그루 데이베드 원목 침대 SS,별점,"배송도 빠르고 이쁘네요 ㅎ생각보다 높이가 높았지만 잘 사용할께요 ㅎ연희데코 범퍼랑 같이 사용할꺼라 ...아기가 써도 안심되요^^
배송도 빠르고 이쁘네요 ㅎ

생각보다 높이가 높았지만 잘 사용할께요 ㅎ

연희데코 범퍼랑 같이 사용할꺼라 ...

아기가 써도 안심되요^^",5
59,한샘 그루 데이베드 원목 침대 SS,별점,"원하는 토요일에 배송설치잘받았어요.침대도깨끗하고...
원하는 토요일에 배송설치잘받았어요.

침대도깨끗하고 마음에 들어요.

다만 매트릭스는 냄새가 심해서 다른방에 몇일 환기시켰어요. 침대틀은 괜찮았어요~",5
60,한샘 그루 데이베드 원목 침대 SS,별점,"침대가 이쁘고 편안합니다. 구매한 한샘 옷장과 잘 어울려요. 한샘 기사님도 너무 친절하게 조립 잘 해 주셨어요.
침대가 이쁘고 편안합니다. 구매한 한샘 옷장과 잘 어울려요. 한샘 기사님도 너무 친절하게 조립 잘 해 주셨어요.",5
61,한샘 그루 데이베드 원목 침대 SS,별점,"가격대비 괜찮은 제품 같아요~~ 삐그덕대는 소리때문에 as 불렀는데 시간 지나면 또 그럴것 같긴해요^^신경 쓰기 싫으면 비싼 제품 사야할것 같아요~~
가격대비 괜찮은 제품 같아요~~ 삐그덕대는 소리때문에 as 불렀는데 시간 지나면 또 그럴것 같긴해요^^신경 쓰기 싫으면 비싼 제품 사야할것 같아요~~",3
62,한샘 그루 데이베드 원목 침대 SS,별점,"초등학교 들어가게 된 아들을 위해 구매했습니다~아기때부터 쓰던 그루가 있어 동일한 제품으로 재구매 했어요! 맘에 듬니다☺️
초등학교 들어가게 된 아들을 위해 구매했습니다~
아기때부터 쓰던 그루가 있어 동일한 제품으로 재구매 했어요! 맘에 듬니다☺️",5
63,한샘 그루 데이베드 원목 침대 SS,별점,"이사가면서애들침대로구입한건데맘에들어하네요가격도
이사가면서애들침대로구입한건데맘에들어하네요가격도좋고품질도만족합니다",5
64,한샘 그루 데이베드 원목 침대 SS,별점,"아이들이 매우 만족해하고 있습니다. 매트리스는 보통~약간 딱딱한 느낌이네요
아이들이 매우 만족해하고 있습니다. 매트리스는 보통~약간 딱딱한 느낌이네요",5
65,한샘 그루 데이베드 원목 침대 SS,별점,"프레임이 여기저기 찍힌 자국이 있어서 부분 교체부탁드렸는데해주셨어요. 쿠션감은 생각보다 괜찮았는데 프레임나무는 쉽게 잘찍히는 편이고 잘 휘어요
프레임이 여기저기 찍힌 자국이 있어서 부분 교체부탁드렸는데
해주셨어요. 쿠션감은 생각보다 괜찮았는데 프레임나무는 쉽게 잘찍히는 편이고 잘 휘어요",5
66,한샘 그루 데이베드 원목 침대 SS,별점,"디자인도 이쁘고 기사님도 약속시간에 맞춰 오셔서 침대조립 잘해주셨습니다.
디자인도 이쁘고 기사님도 약속시간에 맞춰 오셔서 침대조립 잘해주셨습니다.",5
67,한샘 그루 데이베드 원목 침대 SS,별점,"설치기사님 너무 친절하게 잘 설치해주셨고, 받아보니 집에도 딱 맞아 좋습니다. 아기가 잠 잘자서 좋아요~
설치기사님 너무 친절하게 잘 설치해주셨고, 받아보니 집에도 딱 맞아 좋습니다. 아기가 잠 잘자서 좋아요~",5
68,한샘 그루 데이베드 원목 침대 SS,별점,"너무 마음에 들어요! 추천합니다. 아기가 너무 편히자고 침대에 냄새가 안나서 너무 좋아요~ 디자인도 이...
너무 마음에 들어요! 추천합니다.아기가 너무 편히자고 침대에 냄새가 안나서 너무 좋아요~디자인도 이쁘고 오래 쓸 수 있을 것 같아서 가성비 진짜 좋은 것 같아요^^",5
69,한샘 그루 데이베드 원목 침대 SS,별점,"침대가드 설치해서 아기 잘 재우고 있어요. 삐걱거리지 않아서 만족해요~
침대가드 설치해서 아기 잘 재우고 있어요. 삐걱거리지 않아서 만족해요~",5
70,한샘 그루 데이베드 원목 침대 SS,별점,"이뻐여 깔끔해요 그런데 작아서 애기랑 둘이는 못자요 ㅎ 혼자 쓸만해영
이뻐여 깔끔해요 그런데 작아서 애기랑 둘이는 못자요 ㅎ 혼자 쓸만해영",5
71,한샘 그루 데이베드 원목 침대 SS,별점,"아기가 쓰기에 적당히 딱딱하고 클때까지 쭉 쓸 수 있다는 점 젤 좋아요~
아기가 쓰기에 적당히 딱딱하고 클때까지 쭉 쓸 수 있다는 점 젤 좋아요~",5
72,한샘 그루 데이베드 원목 침대 SS,별점,"싸게 잘 샀음~ 아들이 너무 좋다함~ 근데 자다 발로 차서 부러졌음~~ 몇
싸게 잘 샀음~ 아들이 너무 좋다함~ 근데 자다 발로 차서 부러졌음~~ 몇",5
73,한샘 그루 데이베드 원목 침대 SS,별점,"쇼파대신 침대놨는데 여기서 떨어지질않아요불편함없이 사용중이에요
쇼파대신 침대놨는데 여기서 떨어지질않아요
불편함없이 사용중이에요",5
74,한샘 그루 데이베드 원목 침대 SS,별점,"예상했던 것 보다 훨씬 튼튼하고 견고합니다. 매트리
예상했던 것 보다 훨씬 튼튼하고 견고합니다. 매트리스는 노뜨매트로 했는데 하드한 편을 좋아하는 아이에게 딱 맞습니다.",5
75,한샘 그루 데이베드 원목 침대 SS,별점,"직접배송으로 깔끔하게 설치해주시고기존 침대 이동도 해주셨어요나무도 부드럽고 마감이 좋네요
직접배송으로 깔끔하게 설치해주시고
기존 침대 이동도 해주셨어요
나무도 부드럽고 마감이 좋네요",5
76,한샘 그루 데이베드 원목 침대 SS,별점,"가성비 좋아요 매트리스도 다른 평들처럼 스프링 소리 전혀 안나고 아이가 사용하기엔 좋아요 좀 더 크면 아이방으로 옮기고 좋은 매트리스로 교체해주면 될 것 같아요초등학생 아이가 자는
가성비 좋아요 매트리스도 다른 평들처럼 스프링 소리 전혀 안나고 아이가 사용하기엔 좋아요 좀 더 크면 아이방으로 옮기고 좋은 매트리스로 교체해주면 될 것 같아요
초등학생 아이가 자는데 넘넘 만족해요",5
77,한샘 그루 데이베드 원목 침대 SS,별점,"침대프레임보다 매트리스가 너무 내 스타일 입니다 단단한
침대프레임보다 매트리스가 너무 내 스타일 입니다 단단한 스타일 좋아하시면 마음에 드실 듯~ 사실 프레임은 재질이 물러서 청소기 부딪힘 자국이... ㅠㅠ",5
78,한샘 그루 데이베드 원목 침대 SS,별점,"배송기사 최악 미리 연락도 없고 와서 설치도 자기 편한대로 하고 감
배송기사 최악 미리 연락도 없고 와서 설치도 자기 편한대로 하고 감",1
79,한샘 그루 데이베드 원목 침대 SS,별점,"아기 독립하기 위해서 주문했는데 생각보다 좋네요~메트리스도 단단해서 허리에도 편한거 같아요^^
아기 독립하기 위해서 주문했는데 생각보다 좋네요~
메트리스도 단단해서 허리에도 편한거 같아요^^",5
80,한샘 그루 데이베드 원목 침대 SS,별점,"아이들 침대로 맞춤이네요!!친정한 기사님 덕분에 설치 잘 받았어요
아이들 침대로 맞춤이네요!!친정한 기사님 덕분에 설치 잘 받았어요",5
81,한샘 그루 데이베드 원목 침대 SS,별점,"냄새는 하루정도 환기시키니 다 빠지네요~ 가격대비 만족스러워요~
냄새는 하루정도 환기시키니 다 빠지네요~ 가격대비 만족스러워요~",4
82,한샘 그루 데이베드 원목 침대 SS,별점,"깔끔하니 괜찮아요 첫째꺼 샀다가 둘째것도 같은걸로 주문
깔끔하니 괜찮아요 첫째꺼 샀다가 둘째것도 같은걸로 주문했어요",5
83,한샘 그루 데이베드 원목 침대 SS,별점,"생각했던 사이즈이고~ 둘째 초등학교 까지는 충분히 쓸것 같아요~
생각했던 사이즈이고~ 둘째 초등학교 까지는 충분히 쓸것 같아요~",5
84,한샘 그루 데이베드 원목 침대 SS,별점,"너무 마음에 들어요! 추천합니다. 다시 또.구매하려고 왔어요. 매트리스도 탄탄하니 아주 마음에 들어하세...
너무 마음에 들어요! 추천합니다.다시 또.구매하려고 왔어요.매트리스도 탄탄하니 아주 마음에 들어하세요.몸이불편한 부모님 잡고 일어서기좋아요",5
85,한샘 그루 데이베드 원목 침대 SS,별점,"매트리스가 쫌더 견고했음하는 맘인데 토퍼 올리면 될것 같아요
매트리스가 쫌더 견고했음하는 맘인데 토퍼 올리면 될것 같아요",5
86,한샘 그루 데이베드 원목 침대 SS,별점,"보통이에요
기사님이 잘 설치해주시고 가셨는데..두군데 갈라짐현상있네요",3
87,한샘 그루 데이베드 원목 침대 SS,별점,"이사온기념으로아기침대사줬어요에이스침대랑 높이차
이사온기념으로아기침대사줬어요에이스침대랑 높이차이는 나지만크게 불편감 없어요5살이라 침대범퍼없어도 잘자요튼튼하고 좋아요",5
88,한샘 그루 데이베드 원목 침대 SS,별점,"부부침대가 높이가 높아서 고민되어 리바트랑 고민하다가 한샘 제품으로 갯했어요.아이도 좋아해서 잘 쓰고 있어요.
부부침대가 높이가 높아서 고민되어 리바트랑 고민하다가 한샘 제품으로 갯했어요.
아이도 좋아해서 잘 쓰고 있어요.",4
89,한샘 그루 데이베드 원목 침대 SS,별점,"좋아요
어제 처음 아가가 잤는데 잘 자는 것 같아요~^^ ㅎ 만족합니다.",4
90,한샘 그루 데이베드 원목 침대 SS,별점,"좋네요 생각했던 푹신함에 크기도 적당하고 가성기 좋습니다
좋네요 생각했던 푹신함에 크기도 적당하고 가성기 좋습니다",5
91,한샘 그루 데이베드 원목 침대 SS,별점,"매트스프링에서약간씩소리가나네요~아이가쓰기엔괜찮아요~
매트스프링에서약간씩소리가나네요~
아이가쓰기엔괜찮아요~",4
92,한샘 그루 데이베드 원목 침대 SS,별점,"시어머님께 보내드렸는데마음에드신다고하네요감사합니다
시어머님께 보내드렸는데
마음에드신다고하네요
감사합니다",5
93,한샘 그루 데이베드 원목 침대 SS,별점,"너무 잘 쓰고 있어요 맞춤범퍼가드까지 함께 했더니 좋아요
너무 잘 쓰고 있어요 맞춤범퍼가드까지 함께 했더니 좋아요",5
94,한샘 그루 데이베드 원목 침대 SS,별점,"생각보다 큰사이즈로 성인이 누워도 충분해요 매트리스도 높고 가성비 최고입니다.배송기사님도 굉장히 친절하시고 시간맞게 와주셨어요 잘쓸께요^^
생각보다 큰사이즈로 성인이 누워도 충분해요 매트리스도 높고 가성비 최고입니다.배송기사님도 굉장히 친절하시고 시간맞게 와주셨어요 잘쓸께요^^",5
95,한샘 그루 데이베드 원목 침대 SS,별점,"엄마몸에 붙어자는 5살아이 혼자재우려고 샀어요~...
엄마몸에 붙어자는 5살아이 혼자재우려고 샀어요~

너무 좋아하네요~진작에 사줄껄 그랬어요~",5
96,한샘 그루 데이베드 원목 침대 SS,별점,"아기가좋아해요 갓성비~~~이쁘고 적당하고 아이침대
아기가좋아해요 갓성비~~~이쁘고 적당하고 아이침대로굿~~",5
97,한샘 그루 데이베드 원목 침대 SS,별점,"아이첫침대로만족합니다. 배송비설치비따
아이첫침대로만족합니다. 배송비설치비따로없어서좋아요.",4
98,한샘 그루 데이베드 원목 침대 SS,별점,"푹푹꺼지믄 매트리스를 선호하지않는데 허리안아픈 매트리스라 좋아요 태어날아기침대로 사용할려고 샀는데 미리 남편이 사용중이예요 좋다하네요!
푹푹꺼지믄 매트리스를 선호하지않는데 허리안아픈 매트리스라 좋아요 태어날아기침대로 사용할려고 샀는데 미리 남편이 사용중이예요 좋다하네요!",5
99,한샘 그루 데이베드 원목 침대 SS,별점,"패밀리침대로 사용하려고 샀어요~~ 곧 아가가 태어나
패밀리침대로 사용하려고 샀어요~~ 곧 아가가 태어나는데 신생아용침대보다는 넓게 가족침대처럼 사용하기 좋을것 같아서 주문했는데 너무 만족합니다",5
100,한샘 그루 데이베드 원목 침대 SS,별점,"상품주문량이 많아 배송이 좀 늦은거 빼고는 만족합니다.
상품주문량이 많아 배송이 좀 늦은거 빼고는 만족합니다.",5
101,한샘 그루 데이베드 원목 침대 SS,별점,"좋은 가격에 잘 구매했습니다. 제가 쓰고 싶을 정도에요~
좋은 가격에 잘 구매했습니다. 제가 쓰고 싶을 정도에요~",5
102,한샘 그루 데이베드 원목 침대 SS,별점,"부모님이 필요하다고 하셔서 사드렸는데 만족하시네요.
부모님이 필요하다고 하셔서 사드렸는데 만족하시네요.",4
103,한샘 그루 데이베드 원목 침대 SS,별점,"두번째 구입이라 믿고 샀어요. 아이가 너무 좋아합니다
두번째 구입이라 믿고 샀어요. 아이가 너무 좋아합니다",5
104,한샘 그루 데이베드 원목 침대 SS,별점,"설치해주시는분도 친절하셨고 상품도 매우만족합니다.
설치해주시는분도 친절하셨고 상품도 매우만족합니다.",5
105,한샘 그루 데이베드 원목 침대 SS,별점,"아이가 너무 좋아하네요.꼼꼼히 설치도 잘해주셨어요..
아이가 너무 좋아하네요.꼼꼼히 설치도 잘해주셨어요..",5
106,한샘 그루 데이베드 원목 침대 SS,별점,"아기를 위해 처음부터 데이베드 구매했어요든든해요
아기를 위해 처음부터 데이베드 구매했어요
든든해요",5
107,한샘 그루 데이베드 원목 침대 SS,별점,"맞춤범퍼가드 주문해서 같이 사용중인데 너무 좋아요
맞춤범퍼가드 주문해서 같이 사용중인데 너무 좋아요",5
108,한샘 그루 데이베드 원목 침대 SS,별점,"배송은 기사님들께서 날짜 맞춰 오셔서 잘 설치해주고 가셨습니다제품은 약한편입니다
배송은 기사님들께서 날짜 맞춰 오셔서 잘 설치해주고 가셨습니다
제품은 약한편입니다",4
109,한샘 그루 데이베드 원목 침대 SS,별점,"5세아이 혼자 재우려고 샀는데 넘 잘쓰네요 만족해요
5세아이 혼자 재우려고 샀는데 넘 잘쓰네요 만족해요",5
110,한샘 그루 데이베드 원목 침대 SS,별점,"좁은데놓기조쿠 탄탄하고 친잘히 설치잘
좁은데놓기조쿠 탄탄하고 친잘히 설치잘받았습니다.",5
111,한샘 그루 데이베드 원목 침대 SS,별점,"만족스럽고 기사님이 직접오셔서 설치도 해 주시고 좋았습니다. 그러나 설치과정에서 천장 등의 케이스를 약간 깨트리고 가셨더라구요.. 나머진 다 만족스럽습니다
만족스럽고 기사님이 직접오셔서 설치도 해 주시고 좋았습니다. 그러나 설치과정에서 천장 등의 케이스를 약간 깨트리고 가셨더라구요.. 나머진 다 만족스럽습니다",4
112,한샘 그루 데이베드 원목 침대 SS,별점,"가드형을 원해서 골랐는데 괜찮네요~ 매트리스도 너무 편하고 좋아요~ 아이도 좋아해요^^
가드형을 원해서 골랐는데 괜찮네요~ 매트리스도 너무 편하고 좋아요~ 아이도 좋아해요^^",5
113,한샘 그루 데이베드 원목 침대 SS,별점,"견고해요 기사님도 조립잘해주셨구요 기사님 밖에서 2시간 기다리셨다하셔서 너무 죄송했음. 만족합니다
견고해요 기사님도 조립잘해주셨구요 기사님 밖에서 2시간 기다리셨다하셔서 너무 죄송했음. 만족합니다",5
114,한샘 그루 데이베드 원목 침대 SS,별점,"기사님도친절하시고 생각보다 빨리설치되
기사님도친절하시고 생각보다 빨리설치되고좋아요",5
115,한샘 그루 데이베드 원목 침대 SS,별점,"기사님도 친절하시고 생각보다 더 심플하고 예뻐요
기사님도 친절하시고 생각보다 더 심플하고 예뻐요",5
116,한샘 그루 데이베드 원목 침대 SS,별점,"이사오면서 형제방 꾸미는데두개 붙여서 사용하려고 주문했어요 ( 사진이 어둡고 흔들렸네요 ...ㅋㅋ ) 틈새매트리스는 없는게 아쉬워서 ㅠㅠ
이사오면서 형제방 꾸미는데
두개 붙여서 사용하려고 주문했어요
( 사진이 어둡고 흔들렸네요 ...ㅋㅋ )
틈새매트리스는 없는게 아쉬워서 ㅠㅠ",5
117,한샘 그루 데이베드 원목 침대 SS,별점,"기사님이 아주 친절하게 설치해주셔서 만족합니다
기사님이 아주 친절하게 설치해주셔서 만족합니다",5
118,한샘 그루 데이베드 원목 침대 SS,별점,"생각보다 커서 좋은데 높이가 좀 낮아서 아쉬워용
생각보다 커서 좋은데 높이가 좀 낮아서 아쉬워용",3
119,한샘 그루 데이베드 원목 침대 SS,별점,"색상,디자인 맘에 들어요.
데스커책상이랑 색이 어찌 이
색상,디자인 맘에 들어요.
데스커책상이랑 색이 어찌 이리 찰떡인지..
배송도 잘 받았어요.
커튼이랑 침구를 어여 준비해야 겠어요.",5
120,한샘 그루 데이베드 원목 침대 SS,별점,"기존 쓰는게 좋아서 아이들 따로쓰게해줬어요 ~~~
기존 쓰는게 좋아서 아이들 따로쓰게해줬어요 ~~~",5
121,한샘 그루 데이베드 원목 침대 SS,별점,"아기침대하려고샀는데 가격대비 만족이에용ㅎㅎ
아기침대하려고샀는데 가격대비 만족이에용ㅎㅎ",4
122,한샘 그루 데이베드 원목 침대 SS,별점,"설치기사님 친절하시고 예약날짜에 딱 좋았어요
설치기사님 친절하시고 예약날짜에 딱 좋았어요",5
123,한샘 그루 데이베드 원목 침대 SS,별점,"디자인은 이쁩니다 근데 매트리스는 좋진않네요
디자인은 이쁩니다 근데 매트리스는 좋진않네요",3
124,한샘 그루 데이베드 원목 침대 SS,별점,"아이들방 한샘가구 좋네요 침대심플하니 좋아요
아이들방 한샘가구 좋네요 침대심플하니 좋아요",5
125,한샘 그루 데이베드 원목 침대 SS,별점,"기존쓰던침대가 판매중지가돼서 한샘에도 비슷한게있어 주문했어요 크기랑높이도 얼추맞아서 넘 좋네요애들이 좋아했어요^^기사님도 넘 친절하시고 잘 설치해주시고 가셨습니다 감사합니다❤
기존쓰던침대가 판매중지가돼서 한샘에도 비슷한게있어 주문했어요 크기랑높이도 얼추맞아서 넘 좋네요
애들이 좋아했어요^^
기사님도 넘 친절하시고 잘 설치해주시고 가셨습니다 감사합니다❤",5
126,한샘 그루 데이베드 원목 침대 SS,별점,"배송도 원하는 날짜에 딱 와서 설치 해주셨어요
배송도 원하는 날짜에 딱 와서 설치 해주셨어요",5
127,한샘 그루 데이베드 원목 침대 SS,별점,"좋아요.. 원목냄새가 좀 나긴 하지만..좋네요..
좋아요.. 원목냄새가 좀 나긴 하지만..좋네요..",5
128,한샘 그루 데이베드 원목 침대 SS,별점,"10살 아들이 너무 좋아하네요! 잘 쓰겠습니다!
10살 아들이 너무 좋아하네요! 잘 쓰겠습니다!",3
129,한샘 그루 데이베드 원목 침대 SS,별점,"날짜도 잘 맞춰주시고 배송도 잘해주셨어요
날짜도 잘 맞춰주시고 배송도 잘해주셨어요",5
130,한샘 그루 데이베드 원목 침대 SS,별점,"원하는 배송일에 잘받아서 사용하고있어요~
원하는 배송일에 잘받아서 사용하고있어요~",5
131,한샘 그루 데이베드 원목 침대 SS,별점,"아기방 설치했어요~^^튼튼해 보이고 좋아요!
아기방 설치했어요~^^튼튼해 보이고 좋아요!",5
132,한샘 그루 데이베드 원목 침대 SS,별점,"쿠션이 생각보다 별로지만 가격대비 좋아요
쿠션이 생각보다 별로지만 가격대비 좋아요",5
133,한샘 그루 데이베드 원목 침대 SS,별점,"아기부터초등학교까지는쓰기편할것같아요!
아기부터초등학교까지는쓰기편할것같아요!",5
134,한샘 그루 데이베드 원목 침대 SS,별점,"방이 화사해졌어요. 설치선생님 꼼꼼한 설치와 친절한 설명까지 매우 만족합니다!
방이 화사해졌어요. 설치선생님 꼼꼼한 설치와 친절한 설명까지 매우 만족합니다!",5
135,한샘 그루 데이베드 원목 침대 SS,별점,"설치도 잘해주시고 딱 생각한대로 였어요^^
설치도 잘해주시고 딱 생각한대로 였어요^^",5
136,한샘 그루 데이베드 원목 침대 SS,별점,"몇년전에 아이침대랑 같은거 산다고 구매했어요몇년전꺼랑 똑같지는 않지만ㅜㅜ그래도 괜찮네요
몇년전에 아이침대랑 같은거 산다고 구매했어요
몇년전꺼랑 똑같지는 않지만ㅜㅜ
그래도 괜찮네요",5
137,한샘 그루 데이베드 원목 침대 SS,별점,"가격대비 프레임도 매트리스도 좋습니다.
가격대비 프레임도 매트리스도 좋습니다.",5
138,한샘 그루 데이베드 원목 침대 SS,별점,"아기랑 같이 자는데 아기 숨쉴때마다 매트리스 스프링소리가 울려서 들려요 ㅠㅠ
아기랑 같이 자는데 아기 숨쉴때마다
매트리스 스프링소리가 울려서 들려요 ㅠㅠ",3
139,한샘 그루 데이베드 원목 침대 SS,별점,"색상도 맘에들고 튼튼하니 좋은것같아요
색상도 맘에들고 튼튼하니 좋은것같아요",5
140,한샘 그루 데이베드 원목 침대 SS,별점,"배송도 정한 날에 왔구요.쓰기 괜찮네요
배송도 정한 날에 왔구요.
쓰기 괜찮네요",5
141,한샘 그루 데이베드 원목 침대 SS,별점,"친절히 설치해주셨어요아이가 좋아해요
친절히 설치해주셨어요
아이가 좋아해요",3
142,한샘 그루 데이베드 원목 침대 SS,별점,"마음에 들어요~ 기사님들도 친절 하시고
마음에 들어요~ 기사님들도 친절 하시고",4
143,한샘 그루 데이베드 원목 침대 SS,별점,"찍힌곳이 너무 많습니다!! 불량이예요!!!
찍힌곳이 너무 많습니다!! 불량이예요!!!",1
144,한샘 그루 데이베드 원목 침대 SS,별점,"원하던 제품이라 잘 사용하고 있습니다
원하던 제품이라 잘 사용하고 있습니다.",5
145,한샘 그루 데이베드 원목 침대 SS,별점,"좋아요 두번째 구매인데 만족합니다 ㅎ
좋아요 두번째 구매인데 만족합니다 ㅎ",3
146,한샘 그루 데이베드 원목 침대 SS,별점,"설치 기사님도 친절하시고 만족합니다~
설치 기사님도 친절하시고 만족합니다~",5
147,한샘 그루 데이베드 원목 침대 SS,별점,"아가 침대로 샀는데 정말 만족스러워요
아가 침대로 샀는데 정말 만족스러워요",5
148,한샘 그루 데이베드 원목 침대 SS,별점,"설치도ㅓ빠르고 정확히 잘해주셨어요
설치도ㅓ빠르고 정확히 잘해주셨어요",5
149,한샘 그루 데이베드 원목 침대 SS,별점,"아기 방에 놔뒀는데 아주 깔끔하넹ㅎ
아기 방에 놔뒀는데 아주 깔끔하넹ㅎ",5
150,한샘 그루 데이베드 원목 침대 SS,별점,"아기랑 쓰려고 샀는데 너무 좋아요ㅎ
아기랑 쓰려고 샀는데 너무 좋아요ㅎ",5
151,한샘 그루 데이베드 원목 침대 SS,별점,"확인바라며, 빠른 피드백 요청합니다
확인바라며, 빠른 피드백 요청합니다",2
152,한샘 그루 데이베드 원목 침대 SS,별점,"저희는 너무 만족합니다!! ^^ 튼튼해서일단좋구요!!우리아기가너무좋아합니다^^ 지금은같이잤다가크면.독립시켜주려구요^^
저희는 너무 만족합니다!! ^^ 튼튼해서일단좋구요!!
우리아기가너무좋아합니다^^ 지금은같이잤다가크면.독립시켜주려구요^^",5
153,한샘 그루 데이베드 원목 침대 SS,별점,"ㄹㅇㄷ가구와 많이 고민 하다가 최대하중때문에 한샘 선택했어요 그런데 가격대비 마감 정말 만족합니다 일단 갈빗살 형태가 아니라 안정감 있어요
ㄹㅇㄷ가구와 많이 고민 하다가 최대하중때문에 한샘 선택했어요
그런데 가격대비 마감 정말 만족합니다
일단 갈빗살 형태가 아니라 안정감 있어요",4
154,한샘 그루 데이베드 원목 침대 SS,별점,"역시ㅜ한샘이라 그런지 튼튼하네요
역시ㅜ한샘이라 그런지 튼튼하네요",5
155,한샘 그루 데이베드 원목 침대 SS,별점,"빠른배송에 깔끔한설치 너무 좋
빠른배송에
깔끔한설치
너무 좋아요",5
156,한샘 그루 데이베드 원목 침대 SS,별점,"첫째랑 같은 침대로 규매했어요 ㅎ
첫째랑 같은 침대로 규매했어요 ㅎ",5
157,한샘 그루 데이베드 원목 침대 SS,별점,"설치해주시는분들친절하고좋아요
설치해주시는분들친절하고좋아요",5
158,한샘 그루 데이베드 원목 침대 SS,별점,"아기침대로 잘 사용하고 있습니다
아기침대로 잘 사용하고 있습니다",5
159,한샘 그루 데이베드 원목 침대 SS,별점,"사자마자 가격이 하락해서 좀 아쉽지만어른침대 옆...
사자마자 가격이 하락해서 좀 아쉽지만

어른침대 옆에 붙여서 놓으니 아이 보기 너무 좋아요

아이가 너무 좋아 하네요^^",5
160,한샘 그루 데이베드 원목 침대 SS,별점,"만족합니다.아이들도 좋아하네요
만족합니다.
아이들도 좋아하네요",5
161,한샘 그루 데이베드 원목 침대 SS,별점,"10개월아기 잘쓰고 있네요 좋아요
10개월아기 잘쓰고 있네요 좋아요",5
162,한샘 그루 데이베드 원목 침대 SS,별점,"너무 마음에 들어요! 추천합니다.
너무 마음에 들어요! 추천합니다.",5
163,한샘 그루 데이베드 원목 침대 SS,별점,"기사님 친절하시고 침대 예뻐요^^
기사님 친절하시고 침대 예뻐요^^",5
164,한샘 그루 데이베드 원목 침대 SS,별점,"만죄합니다.아이들도좋아하네요.
만죄합니다.
아이들도좋아하네요.",5
165,한샘 그루 데이베드 원목 침대 SS,별점,"만족해요. 주말밖에 시간이 안되서 오래걸렸지만 상품
만족해요. 주말밖에 시간이 안되서 오래걸렸지만 상품은 좋네요. 시공기사님도 친절하게 뚝딱뚝딱 빨리 서둘러서 설치해주셨어요. 감사합니다.",5
166,한샘 그루 데이베드 원목 침대 SS,별점,"배송도빠르고 설치도만족합니다
배송도빠르고 설치도만족합니다",5
167,한샘 그루 데이베드 원목 침대 SS,별점,"냄새도 안나고 아주 튼튼해요 ㅎ
냄새도 안나고 아주 튼튼해요 ㅎ",5
168,한샘 그루 데이베드 원목 침대 SS,별점,"좋네요 다음에 또 구매할게요 ^^
좋네요 다음에 또 구매할게요 ^^",5
169,한샘 그루 데이베드 원목 침대 SS,별점,"다 좋은데 서랍없는게 아쉽네요
다 좋은데 서랍없는게 아쉽네요",5
170,한샘 그루 데이베드 원목 침대 SS,별점,"첫째 아들용으로 구매했습니다
첫째 아들용으로 구매했습니다",5
171,한샘 그루 데이베드 원목 침대 SS,별점,"진작살껄 그랬어요ㅋ 최고예요
진작살껄 그랬어요ㅋ 최고예요",5
172,한샘 그루 데이베드 원목 침대 SS,별점,"좋은 가격에 잘 구매했습니다.
좋은 가격에 잘 구매했습니다.",5
173,한샘 그루 데이베드 원목 침대 SS,별점,"아기침대로 잘사용하고있어요
아기침대로 잘사용하고있어요",4
174,한샘 그루 데이베드 원목 침대 SS,별점,"배송이
빠릅니다. 색상이 맘에들어요.",4
175,한샘 그루 데이베드 원목 침대 SS,별점,"튼튼한 합니다 역시 한샘이라
튼튼한 합니다 역시 한샘이라",5
176,한샘 그루 데이베드 원목 침대 SS,별점,"초등학생인 아들에 찐 좋아요
초등학생인 아들에 찐 좋아요",5
177,한샘 그루 데이베드 원목 침대 SS,별점,"예쁘고 좋아요 마음에 들어요
예쁘고 좋아요 마음에 들어요",5
178,한샘 그루 데이베드 원목 침대 SS,별점,"편안하고 좋아요. 튼튼하네요
편안하고 좋아요. 튼튼하네요",4
179,한샘 그루 데이베드 원목 침대 SS,별점,"전그냥저냥인데 사용하는 딸래미가 너~~~~무좋아하네요 쓸사람이좋아하니 저도만족입니다
전그냥저냥인데 사용하는 딸래미가 너~~~~무좋아하네요 쓸사람이좋아하니 저도만족입니다",5
180,한샘 그루 데이베드 원목 침대 SS,별점,"붙여서 사용중이에요 좋네요
붙여서 사용중이에요 좋네요",5
181,한샘 그루 데이베드 원목 침대 SS,별점,"좋아요 메트리스도푹신해요
좋아요 메트리스도푹신해요",3
182,한샘 그루 데이베드 원목 침대 SS,별점,"좋네요아이가 너무 좋아해요
좋네요아이가 너무 좋아해요",5
183,한샘 그루 데이베드 원목 침대 SS,별점,"상품에 하자없고 만족합니다
상품에 하자없고 만족합니다",5
184,한샘 그루 데이베드 원목 침대 SS,별점,"이뻐요.깔끔해요.설치도뚝딱
이뻐요.깔끔해요.설치도뚝딱",5
185,한샘 그루 데이베드 원목 침대 SS,별점,"아기 침대로 잘 쓰고있어요!
아기 침대로 잘 쓰고있어요!",5
186,한샘 그루 데이베드 원목 침대 SS,별점,"아기침대로 딱!!! 오래쓸거 같아요
아기침대로 딱!!! 오래쓸거 같아요
너무 맘애 들고 아기 케어할때도 편해요",5
187,한샘 그루 데이베드 원목 침대 SS,별점,"이쁘고튼튼해요ㅎㅎ좋아용
이쁘고튼튼해요ㅎㅎ좋아용",5
188,한샘 그루 데이베드 원목 침대 SS,별점,"아이들이 너무 좋아해요^^
아이들이 너무 좋아해요^^",5
189,한샘 그루 데이베드 원목 침대 SS,별점,"만족합니다. 적극 추천이요
만족합니다. 적극 추천이요",5
190,한샘 그루 데이베드 원목 침대 SS,별점,"아이방 침대로 너무 좋아요
아이방 침대로 너무 좋아요",5
191,한샘 그루 데이베드 원목 침대 SS,별점,"설치도잘해주사고만족해요
설치도잘해주사고만족해요",5
192,한샘 그루 데이베드 원목 침대 SS,별점,"원목이라 튼튼하고 좋아요.
원목이라 튼튼하고 좋아요.",4
193,한샘 그루 데이베드 원목 침대 SS,별점,"배송, 설치약속하기 편했구요.
7월4일(토)에 주문
배송, 설치약속하기 편했구요.
7월4일(토)에 주문하고 7월16일 내에 설치된다고 했는데 오늘 7월10일에 설치완료해서 좋네요.
사진처럼 깔끔하네요.",5
194,한샘 그루 데이베드 원목 침대 SS,별점,"생각했던 그대로예요.매트리스 냄새빼려고 아직사용전배송기사님도 약속시간도 잘지켜주시고엄청 꼼꼼 친절하셨어요
생각했던 그대로예요.
매트리스 냄새빼려고 아직사용전
배송기사님도 약속시간도 잘지켜주시고엄청 꼼꼼 친절하셨어요",4
195,한샘 그루 데이베드 원목 침대 SS,별점,"쌍둥이 방에 놓아주었어용
쌍둥이 방에 놓아주었어용",5
196,한샘 그루 데이베드 원목 침대 SS,별점,"마음에 들어요 번창하세요
마음에 들어요 번창하세요",5
197,한샘 그루 데이베드 원목 침대 SS,별점,"딸방 꾸미려고 구입했우요
딸방 꾸미려고 구입했우요",5
198,한샘 그루 데이베드 원목 침대 SS,별점,"아이가 침대에서 잘자네요
아이가 침대에서 잘자네요",5
199,한샘 그루 데이베드 원목 침대 SS,별점,"약간 삐걱거려서 아쉬워요
약간 삐걱거려서 아쉬워요",4
200,한샘 그루 데이베드 원목 침대 SS,별점,"사용하기 편하고 예뻐요
사용하기 편하고 예뻐요",5
201,한샘 그루 데이베드 원목 침대 SS,별점,"배송도 빠르고 좋았어요
배송도 빠르고 좋았어요",5
202,한샘 그루 데이베드 원목 침대 SS,별점,"정사이즈고 튼튼하네요
정사이즈고 튼튼하네요",5
203,한샘 그루 데이베드 원목 침대 SS,별점,"딱원하는 제품이었더요
딱원하는 제품이었더요",5
204,한샘 그루 데이베드 원목 침대 SS,별점,"아기 침대로 좋습니다~
아기 침대로 좋습니다~",5
205,한샘 그루 데이베드 원목 침대 SS,별점,"아기가 잘자서 좋네요~
아기가 잘자서 좋네요~",5
206,한샘 그루 데이베드 원목 침대 SS,별점,"아기가 잘 자서 좋아요
아기가 잘 자서 좋아요",4
207,한샘 그루 데이베드 원목 침대 SS,별점,"좋아요튼튼하고이뻐용
좋아요튼튼하고이뻐용",5
208,한샘 그루 데이베드 원목 침대 SS,별점,"큰아이 바꿔줬더니 둘째도 바꿔달라고ㅠ두번째구매! 배송도 만족제품 완전만족입니다
큰아이 바꿔줬더니 둘째도 바꿔달라고ㅠ
두번째구매! 배송도 만족
제품 완전만족입니다",4
209,한샘 그루 데이베드 원목 침대 SS,별점,"가성비 좋은거같아요!
가성비 좋은거같아요!",5
210,한샘 그루 데이베드 원목 침대 SS,별점,"아기침대로 쓰는데 가성비 좋으나 침대가 좀 삐그덕거려서 아쉬워요
아기침대로 쓰는데 가성비 좋으나 침대가 좀 삐그덕거려서 아쉬워요",4
211,한샘 그루 데이베드 원목 침대 SS,별점,"딱 가격만큼이네요. 3~4일간 매트리스에서 냄새가 많이납니다. 베란다에서 한 4일 정도 뒀다가 사용했습니...
딱 가격만큼이네요. 3~4일간 매트리스에서 냄새가 많이납니다.베란다에서 한 4일 정도 뒀다가 사용했습니다.",5
212,한샘 그루 데이베드 원목 침대 SS,별점,"생각보다 견고하네요
생각보다 견고하네요",5
213,한샘 그루 데이베드 원목 침대 SS,별점,"편하고 아주 좋아요
편하고 아주 좋아요",4
214,한샘 그루 데이베드 원목 침대 SS,별점,"이쁘네요 역시!한샘
이쁘네요 역시!
한샘",5
215,한샘 그루 데이베드 원목 침대 SS,별점,"침대 튼튼하구 좋아요매트리스만 바꿔서 오래쓸수 있을거 같아요~
침대 튼튼하구 좋아요
매트리스만 바꿔서 오래쓸수
있을거 같아요~",4
216,한샘 그루 데이베드 원목 침대 SS,별점,"생각보다 좋네요~^^
생각보다 좋네요~^^",5
217,한샘 그루 데이베드 원목 침대 SS,별점,"가격대비 좋아요~^^
가격대비 좋아요~^^",5
218,한샘 그루 데이베드 원목 침대 SS,별점,"조립하는것을 보니 혼자서는 절대 못할정도로간단한 제품은 아닌 것 같습니다좋습니다
조립하는것을 보니 혼자서는 절대 못할정도로
간단한 제품은 아닌 것 같습니다
좋습니다",5
219,한샘 그루 데이베드 원목 침대 SS,별점,"튼튼하고 좋아요
튼튼하고 좋아요",5
220,한샘 그루 데이베드 원목 침대 SS,별점,"사용 두달정도 된것같은데~ 여전히 좋아요잘 사용하고 있습니다.
사용 두달정도 된것같은데~ 여전히 좋아요
잘 사용하고 있습니다.",5
221,한샘 그루 데이베드 원목 침대 SS,별점,"기사님 친절하시고 거실에서 사용하고있는데 튼튼하고 좋네요
기사님 친절하시고 거실에서 사용하고있는데 튼튼하고 좋네요",5
222,한샘 그루 데이베드 원목 침대 SS,별점,"가성비 좋아요
가성비 좋아요",5
223,한샘 그루 데이베드 원목 침대 SS,별점,"ㄹㅇㄷ가구랑 비교해보다가 여기가구가 더 튼튼할것같아 선택했어용^^ 가드가 좀 낮긴하지만 만족해요 마감이 매끈하더라구요
ㄹㅇㄷ가구랑 비교해보다가 여기가구가 더 튼튼할것같아 선택했어용^^ 가드가 좀 낮긴하지만 만족해요 마감이 매끈하더라구요",5
224,한샘 그루 데이베드 원목 침대 SS,별점,"튼튼하고 예뻐요잘 쓰고 있어요근데 매트리스는 엄청 불편하진 않지만 편하진 않아요
튼튼하고 예뻐요
잘 쓰고 있어요
근데 매트리스는 엄청 불편하진 않지만 편하진 않아요",5
225,한샘 그루 데이베드 원목 침대 SS,별점,"배송새벽같이오셔서 뚝딱설치해주시고가심ㅋㅋㅋ만족하구요 설치도잘해주고가셨슴 ㅋ한샘 믿고 사요 잘쓰고 독립하면 또한샘으로 지금 은 침대붙혀써요 안방에딱들어가요
배송새벽같이오셔서 뚝딱설치해주시고가심ㅋㅋㅋ
만족하구요 설치도잘해주고가셨슴 ㅋ
한샘 믿고 사요 잘쓰고 독립하면 또한샘으로
지금 은 침대붙혀써요 안방에딱들어가요",5
226,한샘 그루 데이베드 원목 침대 SS,별점,"기존에 큰아이랑 작은아이 같이쓰다가 작아져서 하나 더 주문했네요^^아이들이너무조아라하고 만족스러워요 ㅎㅎ 기사님도 친절하셨어요 !
기존에 큰아이랑 작은아이 같이쓰다가 작아져서 하나 더 주문했네요^^아이들이너무조아라하고 만족스러워요 ㅎㅎ 기사님도 친절하셨어요 !",5
227,한샘 그루 데이베드 원목 침대 SS,별점,"생각보다 커서 방안이 좁아보이지만 튼튼하고 좋아보여요
생각보다 커서 방안이 좁아보이지만 튼튼하고 좋아보여요",5
228,한샘 그루 데이베드 원목 침대 SS,별점,"태어날 아기를 위해 구매했습니다.아기침대를 살까 하
태어날 아기를 위해 구매했습니다.아기침대를 살까 하다가 여러모로 생각해보고 오래 쓸 생각으로 구매했습니다.배송도 설치도 설명도 잘 해주셔서 기분좋게 받았습니다.",5
229,한샘 그루 데이베드 원목 침대 SS,별점,"잘받앗어요 조립도 잘해주시고 가셧어요 만족합니다
잘받앗어요 조립도 잘해주시고 가셧어요 만족합니다",5
230,한샘 그루 데이베드 원목 침대 SS,별점,"일단 배송은 오래걸리긴 했는데 언제온다고 정확히 말
일단 배송은 오래걸리긴 했는데 언제온다고 정확히 말해주셔서기다릴만 했습니다. 설치기사님이 너무 친절하게 뚝딱뚝딱 금방만들어주셨습니다 만족합니다",5
231,한샘 그루 데이베드 원목 침대 SS,별점,"아들 주려고 주문했는데 초등아들 괜찮은거같아요~~
아들 주려고 주문했는데 초등아들 괜찮은거같아요~~",5
232,한샘 그루 데이베드 원목 침대 SS,별점,"배송기사분 친절하시고설치잘해주셨습니다아이들안전
배송기사분 친절하시고설치잘해주셨습니다아이들안전에는 데이비드침대가 딱이에요",5
233,한샘 그루 데이베드 원목 침대 SS,별점,"좋아요 넓어서 아이가 몇년은 쓸수있을것같아요
좋아요 넓어서 아이가 몇년은 쓸수있을것같아요",5
234,한샘 그루 데이베드 원목 침대 SS,별점,"너무너무 만족해요 크기도 크고 감성뿜뿜입니다
너무너무 만족해요 크기도 크고 감성뿜뿜입니다",5
235,한샘 그루 데이베드 원목 침대 SS,별점,"배송도 생각 보다 훨씬 빨리 왔고 기사님도 친절하시
배송도 생각 보다 훨씬 빨리 왔고 기사님도 친절하시고, 제품도 마음에 들어요",5
236,한샘 그루 데이베드 원목 침대 SS,별점,"배송도 빠르고 기사님들도 친절 하십니다무엇보다 제품이 정말 마음에 들어요
배송도 빠르고 기사님들도 친절 하십니다
무엇보다 제품이 정말 마음에 들어요",5
237,한샘 그루 데이베드 원목 침대 SS,별점,"가격에 비해 괜찮아요 냄새도 안나고 배송해 주시는 분들도 친절했어요
가격에 비해 괜찮아요 냄새도 안나고 배송해 주시는 분들도 친절했어요",5
238,한샘 그루 데이베드 원목 침대 SS,별점,"역시한샘
이미 2개 침대 있구요 애들침대 마지막으로 구입",5
239,한샘 그루 데이베드 원목 침대 SS,별점,"좋아요 아들이 선택한건데 딱좋네요 깔판이 좋아보이진 않지만 소리도 안나고 좋아요
좋아요 아들이 선택한건데 딱좋네요 깔판이 좋아보이진 않지만 소리도 안나고 좋아요",5
240,한샘 그루 데이베드 원목 침대 SS,별점,"잘 받았습니다.
약속시간도 잘 맞춰주시고 시공도 잘해주시고 제품도 만족입니다.",5
241,한샘 그루 데이베드 원목 침대 SS,별점,"너무 좋았요기사님이 혼자서 고생하셨네요너무 친절하
너무 좋았요기사님이 혼자서 고생하셨네요너무 친절하셨어요",5
242,한샘 그루 데이베드 원목 침대 SS,별점,"국민 침대 하나 쓰고있고 하나 더 주문해서 씁니다
국민 침대 하나 쓰고있고 하나 더 주문해서 씁니다",5
243,한샘 그루 데이베드 원목 침대 SS,별점,"빠르고 친절한 설치에 감사합니다. 이제 막 자기 방을
빠르고 친절한 설치에 감사합니다. 이제 막 자기 방을 가지게 된 아이에게 선물하기 좋은 상품입니다",5
244,한샘 그루 데이베드 원목 침대 SS,별점,"첫째때 구매해서 잘 쓰다가, 둘째아이 침대로 추가 구매하였습니다. 가성비 좋습니다^^
첫째때 구매해서 잘 쓰다가, 둘째아이 침대로 추가 구매하였습니다. 가성비 좋습니다^^",4
245,한샘 그루 데이베드 원목 침대 SS,별점,"배송도 잘해주시고 빨리설치해주시고 침
배송도 잘해주시고 빨리설치해주시고
침대도깔끔하고 아이도좋아하네요",5
246,한샘 그루 데이베드 원목 침대 SS,별점,"상태도 좋고 좋네요배송도빨라요 짱짱데이베드 한샘 이뻐요
상태도 좋고 좋네요
배송도빨라요 짱짱
데이베드 한샘 이뻐요",5
247,한샘 그루 데이베드 원목 침대 SS,별점,"좋아요 진짜 역시 한샘이라 지방이라2주
좋아요 진짜 역시 한샘이라 지방이라2주",5
248,한샘 그루 데이베드 원목 침대 SS,별점,"크기가 제법 큽니다...아이가 좋아합니다
크기가 제법 큽니다...아이가 좋아합니다",5
249,한샘 그루 데이베드 원목 침대 SS,별점,"배송도빠르고좋아요ㅎㅎ애가더크면가드가낮아서새로해줘...
배송도빠르고좋아요ㅎㅎ

애가더크면가드가낮아서새로해줘야할것같아요",5
250,한샘 그루 데이베드 원목 침대 SS,별점,"배송도빠르고 설치기사님도 친절하셧어요
배송도빠르고 설치기사님도 친절하셧어요",5
251,한샘 그루 데이베드 원목 침대 SS,별점,"가격대비 완전 대만족입니다. 다만 원목이라 하기에는 목재가 좀 싸구려틱하긴 합니다만, 가격을 생각해야죠 ㅎㅎ
가격대비 완전 대만족입니다. 다만 원목이라 하기에는 목재가 좀 싸구려틱하긴 합니다만, 가격을 생각해야죠 ㅎㅎ",5
252,한샘 그루 데이베드 원목 침대 SS,별점,"좋아요.딸래미가좋아하네요.
좋아요.딸래미가좋아하네요.",5
253,한샘 그루 데이베드 원목 침대 SS,별점,"기사님이 넘 친절하시고 좋았어요~~ 잘쓰고있어요 감사합니다
기사님이 넘 친절하시고 좋았어요~~ 잘쓰고있어요 감사합니다",5
254,한샘 그루 데이베드 원목 침대 SS,별점,"태어난 아기 침대로 주문했어요 지정일 배송해서 배달해주셨고 친절하게 설치도 해주셨어요
태어난 아기 침대로 주문했어요
지정일 배송해서 배달해주셨고 친절하게 설치도 해주셨어요",5
255,한샘 그루 데이베드 원목 침대 SS,별점,"아주 맘에 들고 몇달 지났지만 여전히 맘에 들고 좋음
아주 맘에 들고 몇달 지났지만 여전히 맘에 들고 좋음",5
256,한샘 그루 데이베드 원목 침대 SS,별점,"원하는 날 배송되었어요ㆍ두분이 오셔서 친절하게 잘
원하는 날 배송되었어요ㆍ두분이 오셔서 친절하게 잘해주셨구요ㆍ생각보다 침대가 넓고 깔끔하네요ㆍ매트리스는 아주 푹신하지 않지만 괜찮아요ㆍ원목냄새도 잘모르겠어요ㆍ가성비 좋은 제품 잘 구매한듯 합니다",5
257,한샘 그루 데이베드 원목 침대 SS,별점,"배송이 조금 늦었지만 친절한 설명과 설치로 잘 받았습니다 감사합니다
배송이 조금 늦었지만 친절한 설명과 설치로 잘 받았습니다 감사합니다",5
258,한샘 그루 데이베드 원목 침대 SS,별점,"아이가 너무 좋아해요배송도 만족스럽고 배송기사님도 친절히 잘 설치해주시고 너무 만족만족!!! 가격대비 실용성굿!!
아이가 너무 좋아해요
배송도 만족스럽고 배송기사님도 친절히 잘 설치해주시고 너무 만족만족!!! 가격대비 실용성굿!!",5
259,한샘 그루 데이베드 원목 침대 SS,별점,"빠른배송빠른설치감사합니다
빠른배송
빠른설치
감사합니다",5
260,한샘 그루 데이베드 원목 침대 SS,별점,"빠른배송 감사합니다! 친절하신 기사님이 오셔서 만족해요! 아이가 참 좋아합니다!
빠른배송 감사합니다! 친절하신 기사님이 오셔서 만족해요! 아이가 참 좋아합니다!",5
261,한샘 그루 데이베드 원목 침대 SS,별점,"너무좋아요ㅎㅎ 애기들이 침대생겨 더좋아하네요ㅎㅎ
너무좋아요ㅎㅎ 애기들이 침대생겨 더좋아하네요ㅎㅎ 침대도푹신하고 좋아요ㅜㅠ",5
262,한샘 그루 데이베드 원목 침대 SS,별점,"좋습니다 좋아요좋아요
좋습니다 좋아요좋아요",4
263,한샘 그루 데이베드 원목 침대 SS,별점,"좋아요. 아이방에 딱 좋아요
좋아요. 아이방에 딱 좋아요",5
264,한샘 그루 데이베드 원목 침대 SS,별점,"아이들도 좋아하고 좋아요 좋아요~^^
아이들도 좋아하고 좋아요 좋아요~^^",5
265,한샘 그루 데이베드 원목 침대 SS,별점,"예뻐요 ㅋㅋㅋㅋ 잘쓸게여
예뻐요 ㅋㅋㅋㅋ 잘쓸게여",5
266,한샘 그루 데이베드 원목 침대 SS,별점,"배송도빠르고마음에들어요 좋네요마음에들어요 마음에들어요마
배송도빠르고마음에들어요 좋네요마음에들어요 마음에들어요마음에들어요마음에들어요마음에들어요마음에들어요마음에들어요마음에들어요마음에들어요",5
